{
 "artifact": "p0_4b1_impact_comparison",
 "role": "legacy_reference vs conservative_experiment (P0-4b.1 component 4, P0-4b.2 corrected)",
 "provenance": {
  "code_sha": "a3c6fd77b3b58fb3fb8a339f9ebde59b68465253",
  "script_sha256": "f476786c073026fea1d225efeb5cbb3bd031cef8fc28b26aad4c1c80964627b5",
  "kdm6_tree_sha256": "ac22d0f1246deaa81c7d28bf02d1a6ecd41a88b12dc3c67340eb717a2eb75d4d",
  "trajectory": "/Users/yhlee/KDM6AD-k/host/lc05_da_run/klfs_lc05_fcst.202507190000",
  "trajectory_sha256": "c6fe8a0e229f11812d02ea4be7506d9a0f08044a1e599fe675281e9eee1ad806",
  "restore_manifest_sha256": "454f2d9d28112aabf35bd427be55ec0867ef0e6a83d55fbe673670a9ff43a303",
  "trajectory_provenance": "faithful reconstruction (regenerated 3h/5-min run per RESTORE_MANIFEST), not the byte-identical original",
  "torch_version": "2.8.0",
  "python_version": "3.9.10",
  "window_dt": 300.0,
  "one_step_dt": 120.0,
  "xland_used_in_windows": true,
  "xland_used_in_one_step": false,
  "ncmin_land": 100.0,
  "ncmin_sea": 10.0
 },
 "one_step_heavy_rain_dt120": {
  "surface_precip_kg_m2": {
   "legacy_diag": [
    2.000138647448952,
    3.0153478068152717
   ],
   "conservative_actual": [
    2.000138647448952,
    3.0153478068152717
   ]
  },
  "column_loss_kg_m2": {
   "legacy": [
    6.801386474489526,
    9.033478068152718
   ],
   "conservative": [
    2.0001386474489564,
    3.015347806815278
   ]
  },
  "closure_residual": {
   "legacy_gap": [
    -4.801247827040574,
    -6.018130261337446
   ],
   "conservative_gap": [
    -4.440892098500626e-15,
    -6.217248937900877e-15
   ]
  },
  "state_field_diffs": {
   "qr": {
    "max_abs_diff": 0.0059929985199938494,
    "mean_diff": 0.003476028310068841,
    "rel_l2": 0.50128151253658
   },
   "qs": {
    "max_abs_diff": 0.0,
    "mean_diff": 0.0,
    "rel_l2": 0.0
   },
   "qg": {
    "max_abs_diff": 0.0,
    "mean_diff": 0.0,
    "rel_l2": 0.0
   },
   "qi": {
    "max_abs_diff": 0.0,
    "mean_diff": 0.0,
    "rel_l2": 0.0
   },
   "qc": {
    "max_abs_diff": 0.0010434648017991692,
    "mean_diff": -0.00014118938659758284,
    "rel_l2": 0.24543700363074133
   },
   "qv": {
    "max_abs_diff": 0.0008938517165093599,
    "mean_diff": -0.0002611519665456873,
    "rel_l2": 0.03921850113012791
   },
   "nr": {
    "max_abs_diff": 77905.01027439484,
    "mean_diff": -12777.52432250669,
    "rel_l2": 0.04759836140254529
   },
   "nc": {
    "max_abs_diff": 1019431812.2312634,
    "mean_diff": -252428976.52890792,
    "rel_l2": 0.6948203433635868
   },
   "ni": {
    "max_abs_diff": 0.0,
    "mean_diff": 0.0,
    "rel_l2": 0.0
   },
   "bg": {
    "max_abs_diff": 0.0,
    "mean_diff": 0.0,
    "rel_l2": 0.0
   },
   "th": {
    "max_abs_diff": 2.2270665611752634,
    "mean_diff": 0.6506703531882465,
    "rel_l2": 0.003820984873729799
   }
  },
  "hydro_mass_retained_kg_m2": {
   "legacy": [
    10.59775315454257,
    16.719127212786034
   ],
   "conservative": [
    16.81524254464745,
    22.737257474123478
   ]
  },
  "qr_profile_col0": {
   "legacy": [
    0.008361845580082699,
    0.007265082830132519,
    0.005889295277508741,
    0.002569578930365064
   ],
   "conservative": [
    0.01188229379750259,
    0.01188229379750259,
    0.01188229379750259,
    0.002569578930365064
   ]
  },
  "nan_inf": {
   "legacy": false,
   "conservative": false
  },
  "vjp_synthetic_one_step": {
   "note": "synthetic heavy-rain single-step VJP norms wrt (qr, qv, th); LC05/observation-space adjoint impact is unmeasured",
   "inputs": [
    "qr",
    "qv",
    "th"
   ],
   "legacy": [
    0.033314616359369296,
    0.0215211947710302,
    1.1407241805915849e-05
   ],
   "conservative": [
    0.06594987386178547,
    0.03346686486649032,
    1.4619814981673747e-05
   ],
   "per_input_ratio": [
    1.9796077838740573,
    1.5550653772968153,
    1.281625762863363
   ],
   "combined_euclidean_norm": {
    "legacy": 0.03966138698620788,
    "conservative": 0.07395550770643339,
    "ratio": 1.8646727541866144
   }
  }
 },
 "window_1h_lc05_heaviest256": {
  "n_steps": 12,
  "n_columns": 256,
  "xland_used": true,
  "ncmin_land": 100.0,
  "ncmin_sea": 10.0,
  "cum_precip_kg_m2": {
   "legacy_diag_mean": 4.817216453808264,
   "conservative_actual_mean": 6.290714904231485,
   "ratio_of_means": 1.3058817191530478,
   "mean_of_per_column_ratios": 1.3787114797980964
  },
  "final_hydro_mass_kg_m2": {
   "legacy_mean": 0.40332781760292,
   "conservative_mean": 0.4145830222639494
  },
  "final_state_diffs": {
   "qr": {
    "max_abs_diff": 0.00015376960982693735,
    "mean_diff": 4.081100172410519e-06,
    "rel_l2": 0.33719904613024115
   },
   "qs": {
    "max_abs_diff": 0.00026962381125559496,
    "mean_diff": -1.8745096306750783e-06,
    "rel_l2": 0.42274107517262793
   },
   "qg": {
    "max_abs_diff": 8.469461916539928e-05,
    "mean_diff": 4.479613306141491e-08,
    "rel_l2": 3.244954512057887
   },
   "qi": {
    "max_abs_diff": 2.7237919328152777e-06,
    "mean_diff": -5.04479896159158e-09,
    "rel_l2": 1.0313396192612378
   },
   "qv": {
    "max_abs_diff": 0.0004255538127224288,
    "mean_diff": -5.552590171346648e-06,
    "rel_l2": 0.0030307224029811784
   },
   "th": {
    "max_abs_diff": 1.0457504284397032,
    "mean_diff": 0.0010929902213024439,
    "rel_l2": 0.00023008068461859081
   }
  },
  "qv_th_knockon": {
   "qv_mean_diff": -5.552590171346648e-06,
   "th_mean_diff": 0.0010929902213024439
  }
 },
 "window_3h_lc05_heaviest256": {
  "n_steps": 36,
  "n_columns": 256,
  "xland_used": true,
  "ncmin_land": 100.0,
  "ncmin_sea": 10.0,
  "cum_precip_kg_m2": {
   "legacy_diag_mean": 5.133491141079885,
   "conservative_actual_mean": 6.598881233920222,
   "ratio_of_means": 1.2854568270535822,
   "mean_of_per_column_ratios": 1.336134100621321
  },
  "final_hydro_mass_kg_m2": {
   "legacy_mean": 0.0148809524724739,
   "conservative_mean": 0.007971349302056958
  },
  "final_state_diffs": {
   "qr": {
    "max_abs_diff": 9.139738677623573e-06,
    "mean_diff": -5.094856510893353e-07,
    "rel_l2": 0.5076538206936465
   },
   "qs": {
    "max_abs_diff": 7.698179038732151e-06,
    "mean_diff": -7.525993987330647e-08,
    "rel_l2": 0.6120611532277829
   },
   "qg": {
    "max_abs_diff": 7.460045270544666e-09,
    "mean_diff": -2.566500801623958e-11,
    "rel_l2": 0.9938747451014558
   },
   "qi": {
    "max_abs_diff": 8.198549146915829e-07,
    "mean_diff": -2.800018824520971e-09,
    "rel_l2": 1.002966699758284
   },
   "qv": {
    "max_abs_diff": 0.00044562184356718854,
    "mean_diff": -3.3106516194604495e-06,
    "rel_l2": 0.002796080290530801
   },
   "th": {
    "max_abs_diff": 1.0084793389128777,
    "mean_diff": -0.004871719106595497,
    "rel_l2": 0.00020773879912239102
   }
  },
  "qv_th_knockon": {
   "qv_mean_diff": -3.3106516194604495e-06,
   "th_mean_diff": -0.004871719106595497
  }
 },
 "allsky_bt_comparison": "deferred: requires the local RTTOV runtime/science assets (host-coupled); state-space impacts above are the merge-decision inputs"
}