{
 "clear_clear": {
  "n": 2742,
  "omb": 4.1787612688363245,
  "oma": 4.078332048590237,
  "dqtot_mean": 0.0,
  "dqtot_neg_frac": 0.0,
  "dth_mean": -0.04810976184261519,
  "dth_min": -0.2878645480776451
 },
 "clear_cloudy": {
  "n": 380,
  "omb": 21.729051876824524,
  "oma": 20.981400707233885,
  "dqtot_mean": 0.0,
  "dqtot_neg_frac": 0.0,
  "dth_mean": -0.3366859653498537,
  "dth_min": -0.8433444763874339
 },
 "cloudy_cloudy": {
  "n": 1243,
  "omb": 14.155865686434293,
  "oma": 3.735450114755871,
  "dqtot_mean": 2252.905326595281,
  "dqtot_neg_frac": 0.19871279163314562,
  "dth_mean": -0.05618826320647019,
  "dth_min": -0.36892735627383333
 },
 "cloudy_clear": {
  "n": 451,
  "omb": 4.950134999476409,
  "oma": 3.0980302546162646,
  "dqtot_mean": 3.44577781788278e-08,
  "dqtot_neg_frac": 0.3924611973392461,
  "dth_mean": -0.0066603595065242,
  "dth_min": -0.16780961261918767
 }
}