dyld[50228]: <97CC725B-F244-3BA0-ACF6-4A7E858EA33F> /opt/homebrew/Cellar/open-mpi/5.0.9/bin/mpirun
dyld[50228]: <991B962B-4221-3B7C-8124-73587698257A> /opt/homebrew/Cellar/libevent/2.1.12_1/lib/libevent_core-2.1.7.dylib
dyld[50228]: <8C3C1968-3545-35E3-9871-009834386764> /opt/homebrew/Cellar/libevent/2.1.12_1/lib/libevent_pthreads-2.1.7.dylib
dyld[50228]: <F59B9BC8-ED88-3C7A-9888-4013E930C22E> /opt/homebrew/Cellar/hwloc/2.12.2_1/lib/libhwloc.15.dylib
dyld[50228]: <92763224-5335-31D4-AB23-28CCB8E40B5B> /opt/homebrew/Cellar/pmix/5.0.9/lib/libpmix.2.dylib
dyld[50228]: <E9E4C9A6-16BB-392C-96AA-07797764E2A1> /usr/lib/libSystem.B.dylib
dyld[50228]: <A13AF0DC-5928-38BE-97FF-E04C29EF96AF> /usr/lib/system/libcache.dylib
dyld[50228]: <EBA6E4D0-4DD2-33BB-BF95-48A58591AAAD> /usr/lib/system/libcommonCrypto.dylib
dyld[50228]: <9EE26D98-97BF-3BE0-B6BE-425284AB2D24> /usr/lib/system/libcompiler_rt.dylib
dyld[50228]: <BA7266A8-BF4B-32BF-A323-F4B2EBCDC0B0> /usr/lib/system/libcopyfile.dylib
dyld[50228]: <057A41E9-2A2E-39CD-B198-387734EED870> /usr/lib/system/libcorecrypto.dylib
dyld[50228]: <80E75F3F-333F-38A8-A3DD-6279FCDB771B> /usr/lib/system/libdispatch.dylib
dyld[50228]: <70073E6E-4CDD-314F-BBDF-EC7FF6CE2DFC> /usr/lib/system/libdyld.dylib
dyld[50228]: <AD45B9EE-CE2B-3E1F-B96B-15F7F9FA3712> /usr/lib/system/libkeymgr.dylib
dyld[50228]: <95DEC6C1-4480-3303-8A52-9AFC3D8C9219> /usr/lib/system/libmacho.dylib
dyld[50228]: <45146171-F0C1-3104-AE01-6AAD841A70B5> /usr/lib/system/libquarantine.dylib
dyld[50228]: <33530415-3DB6-3556-A59A-24C22681D632> /usr/lib/system/libremovefile.dylib
dyld[50228]: <FF6BE113-1093-3D23-8A55-E0A5B327CA8E> /usr/lib/system/libsystem_asl.dylib
dyld[50228]: <B33F1440-9364-38E4-AF85-8A21BFF24324> /usr/lib/system/libsystem_blocks.dylib
dyld[50228]: <3498CA79-EF40-3587-AD44-75187CEE7D95> /usr/lib/system/libsystem_c.dylib
dyld[50228]: <34CEFA68-1E15-32F2-A5B1-97C0170A77C5> /usr/lib/system/libsystem_collections.dylib
dyld[50228]: <7725D903-1D37-33E7-82AF-2260661C81A8> /usr/lib/system/libsystem_configuration.dylib
dyld[50228]: <118BC21E-B17D-32A2-9B65-16256131974F> /usr/lib/system/libsystem_containermanager.dylib
dyld[50228]: <BF51842C-BC69-3725-9EB2-7A52804963F8> /usr/lib/system/libsystem_coreservices.dylib
dyld[50228]: <B808D04B-2798-36C9-96F6-35534BDFCF11> /usr/lib/system/libsystem_darwin.dylib
dyld[50228]: <6246210A-5279-391D-8F58-E62A87CAB309> /usr/lib/system/libsystem_darwindirectory.dylib
dyld[50228]: <71833E65-58B3-3C06-A4F3-D69D476CCC3C> /usr/lib/system/libsystem_dnssd.dylib
dyld[50228]: <85C0486B-60BE-3E10-ABBF-DD74341B7376> /usr/lib/system/libsystem_eligibility.dylib
dyld[50228]: <5725BCFE-07F3-3629-9B44-551A435E2DE2> /usr/lib/system/libsystem_featureflags.dylib
dyld[50228]: <0037F576-2C50-36F0-9F36-6CB7A049D5B1> /usr/lib/system/libsystem_info.dylib
dyld[50228]: <A2858495-5B01-3D11-955D-FF6F25E88A6E> /usr/lib/system/libsystem_m.dylib
dyld[50228]: <B7ED74D2-5A24-3F39-9296-EE5688FF4B63> /usr/lib/system/libsystem_malloc.dylib
dyld[50228]: <83F224A4-40C4-3106-A97B-788D1D961DCB> /usr/lib/system/libsystem_networkextension.dylib
dyld[50228]: <922BDCF4-CD33-3EEB-BC56-9DCAE54F8F65> /usr/lib/system/libsystem_notify.dylib
dyld[50228]: <7B54AAA3-EB32-3853-8F0E-EB956EC957A1> /usr/lib/system/libsystem_sandbox.dylib
dyld[50228]: <A8C4F7FC-3443-35F7-B306-068D06237ED0> /usr/lib/system/libsystem_sanitizers.dylib
dyld[50228]: <B6B286B6-6E08-3578-8AFC-E4C55697C760> /usr/lib/system/libsystem_secinit.dylib
dyld[50228]: <EE805B14-29F2-360D-9A2C-3221A1211833> /usr/lib/system/libsystem_kernel.dylib
dyld[50228]: <3AF14164-15FE-3623-9EE3-46DE29FD5B5A> /usr/lib/system/libsystem_platform.dylib
dyld[50228]: <A58BEABD-7AC0-35F8-BCFF-E4FFBD79E938> /usr/lib/system/libsystem_pthread.dylib
dyld[50228]: <7F0D4E31-268A-3EBB-8A2C-30CCC771A5A5> /usr/lib/system/libsystem_symptoms.dylib
dyld[50228]: <314A8A89-4715-32B9-ABC2-B3087149C8B7> /usr/lib/system/libsystem_trace.dylib
dyld[50228]: <83FF8DEB-1153-35BA-99C3-2AEF9B7559CD> /usr/lib/system/libsystem_trial.dylib
dyld[50228]: <201827AE-90B0-38B1-9729-50455B607293> /usr/lib/system/libunwind.dylib
dyld[50228]: <E26A36A6-4B8F-321C-AE17-54353F9EEE84> /usr/lib/system/libxpc.dylib
dyld[50228]: <1D62B376-2303-376A-B993-9432A2004EB6> /usr/lib/libobjc.A.dylib
dyld[50228]: <12CA970B-B566-3EC9-AD8C-A29621C39ED2> /System/Library/PrivateFrameworks/XPCSupport.framework/Versions/A/XPCSupport
dyld[50228]: <ADB84143-D965-3B3D-9BA5-EAB165A96490> /System/Library/Frameworks/CoreFoundation.framework/Versions/A/CoreFoundation
dyld[50228]: <7E39E8F6-12CF-3DED-A388-6A2D0338DD7E> /usr/lib/swift/libswiftCore.dylib
dyld[50228]: <CCDE1614-20B7-354C-B201-99C5C4CC589D> /usr/lib/libc++abi.dylib
dyld[50228]: <3DBB2990-262D-3776-8FAC-B88C0373DCF0> /usr/lib/libRosetta.dylib
dyld[50228]: <32327062-C3A2-389E-ABFE-68A9942422E3> /usr/lib/libc++.1.dylib
dyld[50228]: <C18B43C3-0606-3B04-8865-D00745487E8B> /System/Library/Frameworks/Foundation.framework/Versions/C/Foundation
dyld[50228]: <6EB049B3-1C73-3081-922E-ACC82DDC13DC> /usr/lib/swift/libswiftObjectiveC.dylib
dyld[50228]: <E9032B59-9047-3728-B102-D51439DB3CD1> /usr/lib/libswiftPrespecialized.dylib
dyld[50228]: <442D7EC5-D327-3BA7-AC9E-F610AB233FAB> /System/Library/Frameworks/SystemConfiguration.framework/Versions/A/SystemConfiguration
dyld[50228]: <E4DB2DC8-3F00-308A-BFB5-65F71CB7D0D1> /usr/lib/libz.1.dylib
dyld[50228]: <6262E250-0A98-3E16-9062-8AD09CB13AEA> /System/Library/PrivateFrameworks/CoreAutoLayout.framework/Versions/A/CoreAutoLayout
dyld[50228]: <17DCD7AE-A1B7-3B5D-AB8A-3A1C482BD4D0> /usr/lib/libcmark-gfm.dylib
dyld[50228]: <ADE2A84A-0131-36E6-8CE2-BA226701BEF2> /usr/lib/libfakelink.dylib
dyld[50228]: <0EC52D41-3B72-3EC1-9522-A99CB4E88D63> /usr/lib/libcompression.dylib
dyld[50228]: <A26A8BA0-E0B5-3C4A-9B76-2D2491FA426F> /System/Library/Frameworks/CFNetwork.framework/Versions/A/CFNetwork
dyld[50228]: <DBEEB2D7-4F74-379B-9991-753B4B3A31C1> /System/Library/Frameworks/DiskArbitration.framework/Versions/A/DiskArbitration
dyld[50228]: <F1A229FF-C9E3-3103-9DA7-AB7E9F8FEF7A> /usr/lib/libarchive.2.dylib
dyld[50228]: <64AEDF19-F2F6-3E92-9396-711FD9E2D7AF> /usr/lib/libDiagnosticMessagesClient.dylib
dyld[50228]: <1DCC2DA6-D469-369F-8554-2777FEC31655> /usr/lib/libicucore.A.dylib
dyld[50228]: <C90946C4-CEE6-359B-BB2E-B20A7870A434> /usr/lib/libxml2.2.dylib
dyld[50228]: <5E0424D1-98D4-38E2-8AF2-9507D3B08DD9> /System/Library/Frameworks/CoreServices.framework/Versions/A/CoreServices
dyld[50228]: <37329BE8-053E-3997-8524-36DED44A3154> /usr/lib/liblangid.dylib
dyld[50228]: <BCD3F155-E14F-3191-A1F9-E6F24876FA89> /System/Library/Frameworks/IOKit.framework/Versions/A/IOKit
dyld[50228]: <E470132E-3C4F-375E-9A33-B1EA0CD59B98> /System/Library/Frameworks/Combine.framework/Versions/A/Combine
dyld[50228]: <0DFA2D20-8D7F-3883-BF21-6B9954E74D8D> /System/Library/PrivateFrameworks/CollectionsInternal.framework/Versions/A/CollectionsInternal
dyld[50228]: <87E77AE8-41F7-399B-81C5-23115A20E2AB> /System/Library/PrivateFrameworks/ReflectionInternal.framework/Versions/A/ReflectionInternal
dyld[50228]: <1662B591-8508-3CF8-B700-AA4EABE970BA> /System/Library/PrivateFrameworks/RuntimeInternal.framework/Versions/A/RuntimeInternal
dyld[50228]: <089D0FBB-10B7-361F-A38A-A987B003185E> /System/Library/PrivateFrameworks/SoftLinking.framework/Versions/A/SoftLinking
dyld[50228]: <F5FC1302-25A3-322E-BF63-308930E8C57B> /usr/lib/swift/libswiftCoreFoundation.dylib
dyld[50228]: <D4F393FF-1E27-3CE7-A1BD-953E3F26F4AA> /usr/lib/swift/libswiftDarwin.dylib
dyld[50228]: <9B0D7D51-31D3-3DB2-89CE-6F0C8E104E20> /usr/lib/swift/libswiftDispatch.dylib
dyld[50228]: <23C3D636-B793-3CFE-A510-BA94FCA4A05C> /usr/lib/swift/libswiftIOKit.dylib
dyld[50228]: <49EB73B0-CC94-368C-BC8E-34D9B7244AE1> /usr/lib/swift/libswiftSystem.dylib
dyld[50228]: <7471185D-7C00-32CF-8F6F-DE37DBB0EF95> /usr/lib/swift/libswiftXPC.dylib
dyld[50228]: <AEED735C-6543-3FA4-A0F5-1BE6C370E160> /usr/lib/swift/libswift_Builtin_float.dylib
dyld[50228]: <D028A0AB-FBD5-36C3-9BA8-C41D40F38602> /usr/lib/swift/libswift_Concurrency.dylib
dyld[50228]: <9010E60D-F1FA-37DB-BB92-731AAE930186> /usr/lib/swift/libswift_DarwinFoundation1.dylib
dyld[50228]: <14609DB2-BEB8-3D00-BBB9-5722A6F86B7E> /usr/lib/swift/libswift_StringProcessing.dylib
dyld[50228]: <DCEFDB82-75C6-3C53-B737-5D0EFBDA57CC> /usr/lib/swift/libswiftos.dylib
dyld[50228]: <1E89146A-9C2B-3038-B14B-28AC5CEB88CA> /System/Library/PrivateFrameworks/CoreServicesInternal.framework/Versions/A/CoreServicesInternal
dyld[50228]: <3DBB2990-262D-3776-8FAC-B88C0373DCF0> /usr/lib/liboah.dylib
dyld[50228]: <096A80E0-43BE-3E53-A065-58E7294ECAD0> /System/Library/Frameworks/Security.framework/Versions/A/Security
dyld[50228]: <DF262BC8-6FD5-3711-A3F5-74EA84CB1EEA> /System/Library/PrivateFrameworks/GenerationalStorage.framework/Versions/A/GenerationalStorage
dyld[50228]: <506D4797-3A8A-372B-824D-11F22CC52047> /System/Library/PrivateFrameworks/CacheDelete.framework/Versions/A/CacheDelete
dyld[50228]: <D913E9A5-8328-33CC-807F-5B8E517489F9> /System/Library/Frameworks/QuickLookThumbnailing.framework/Versions/A/QuickLookThumbnailing
dyld[50228]: <54AB6B56-FBEB-371A-A8CA-4CEE8E2DB415> /System/Library/Frameworks/FileProvider.framework/Versions/A/FileProvider
dyld[50228]: <A95243A3-30BA-31B1-BD0D-E7A51E2B6B8B> /System/Library/PrivateFrameworks/DiskImages.framework/Versions/A/DiskImages
dyld[50228]: <4E390E87-FE21-399D-8A43-4BF2750C5A77> /System/Library/Frameworks/NetFS.framework/Versions/A/NetFS
dyld[50228]: <2600367B-9848-32D8-826F-AA183FE7E1DC> /System/Library/PrivateFrameworks/DesktopServicesPriv.framework/Versions/A/DesktopServicesPriv
dyld[50228]: <5A74D8B7-D870-39AA-863D-8718B69C3A87> /System/Library/Frameworks/CoreServices.framework/Versions/A/Frameworks/FSEvents.framework/Versions/A/FSEvents
dyld[50228]: <627D09C4-40F0-310F-AB12-AA419CA9598E> /System/Library/Frameworks/CoreServices.framework/Versions/A/Frameworks/CarbonCore.framework/Versions/A/CarbonCore
dyld[50228]: <3852B926-BC08-39C1-9CA9-C3F895BD89E9> /System/Library/Frameworks/CoreServices.framework/Versions/A/Frameworks/Metadata.framework/Versions/A/Metadata
dyld[50228]: <17B070E4-39A8-35F5-9981-37EFA30DD701> /System/Library/Frameworks/CoreServices.framework/Versions/A/Frameworks/OSServices.framework/Versions/A/OSServices
dyld[50228]: <E0FCA8AD-A12E-3EA6-ACAC-C2CFDEBB102D> /System/Library/Frameworks/CoreServices.framework/Versions/A/Frameworks/SearchKit.framework/Versions/A/SearchKit
dyld[50228]: <EA4B9595-8D7F-3B5E-9072-27FA8FCDFEA0> /System/Library/Frameworks/CoreServices.framework/Versions/A/Frameworks/AE.framework/Versions/A/AE
dyld[50228]: <13981C10-A9C3-3AA4-A86C-07CD1B658A00> /System/Library/Frameworks/CoreServices.framework/Versions/A/Frameworks/LaunchServices.framework/Versions/A/LaunchServices
dyld[50228]: <DFB5B11F-087E-39DB-8B03-76A73008F030> /System/Library/Frameworks/CoreServices.framework/Versions/A/Frameworks/DictionaryServices.framework/Versions/A/DictionaryServices
dyld[50228]: <5118BC7D-EA1E-3AA0-9A5D-EC4CDE67EC7C> /System/Library/Frameworks/CoreServices.framework/Versions/A/Frameworks/SharedFileList.framework/Versions/A/SharedFileList
dyld[50228]: <24313FDE-140D-3460-AEBC-61E285D22976> /usr/lib/libapple_nghttp2.dylib
dyld[50228]: <FA81FC7D-A418-36C7-80DC-F23D6D66D852> /usr/lib/libsqlite3.dylib
dyld[50228]: <DD85BD2B-E75D-3434-A706-CCB9649F627E> /System/Library/Frameworks/Accounts.framework/Versions/A/Accounts
dyld[50228]: <2A2F6C27-038D-38B7-8BCF-B4DB8670A445> /System/Library/PrivateFrameworks/AOSKit.framework/Versions/A/AOSKit
dyld[50228]: <0F52F694-2878-32CA-A887-E8BC72ECE6F7> /System/Library/PrivateFrameworks/AppSSOCore.framework/Versions/A/AppSSOCore
dyld[50228]: <40E2D644-CC61-303D-957B-B2AA6D2B6907> /System/Library/PrivateFrameworks/AppSupport.framework/Versions/A/AppSupport
dyld[50228]: <562527C4-3505-347E-9EE4-B12AC0563C45> /System/Library/Frameworks/AVFoundation.framework/Versions/A/AVFoundation
dyld[50228]: <FE0D1D34-8842-31BC-A8B7-72AFBD6359AD> /System/Library/PrivateFrameworks/BackgroundSystemTasks.framework/Versions/A/BackgroundSystemTasks
dyld[50228]: <D901A599-F5A4-3F37-879D-B8D2281312DE> /System/Library/PrivateFrameworks/CoreAnalytics.framework/Versions/A/CoreAnalytics
dyld[50228]: <8871EBD4-3306-32E6-9FE6-8A35C9ECA7C8> /System/Library/Frameworks/CoreGraphics.framework/Versions/A/CoreGraphics
dyld[50228]: <552D4AB7-D44E-3DAD-9900-EFBDC54FC9B7> /System/Library/PrivateFrameworks/DuetActivityScheduler.framework/Versions/A/DuetActivityScheduler
dyld[50228]: <5C5F4AD7-36D2-3911-96C5-B405902AA74B> /System/Library/PrivateFrameworks/FTServices.framework/Versions/A/FTServices
dyld[50228]: <8D181B55-758C-3CDB-835B-4F620B9D5BA8> /System/Library/Frameworks/GSS.framework/Versions/A/GSS
dyld[50228]: <48CF0E32-AA61-3990-AF99-F9FF82339019> /System/Library/PrivateFrameworks/InternationalSupport.framework/Versions/A/InternationalSupport
dyld[50228]: <E9DF81E3-C762-35AB-BE8B-E39BB9A025E4> /usr/lib/libMemoryResourceException.dylib
dyld[50228]: <9ADA97F6-4D08-3B27-B879-2F55486AA867> /System/Library/PrivateFrameworks/NetworkScore.framework/Versions/A/NetworkScore
dyld[50228]: <785C1009-EDB3-331B-95B0-8337371F3C8B> /System/Library/PrivateFrameworks/NetworkServiceProxy.framework/Versions/A/NetworkServiceProxy
dyld[50228]: <9CD3619D-B517-3F88-B35F-0B6D39495E31> /System/Library/PrivateFrameworks/RunningBoardServices.framework/Versions/A/RunningBoardServices
dyld[50228]: <D5886CD9-AB60-3AF3-827F-0D0F7685EA46> /System/Library/PrivateFrameworks/StreamingExtractor.framework/Versions/A/StreamingExtractor
dyld[50228]: <B4BBBCA7-D9E9-3D8F-B9D7-A0EA4A1347E3> /System/Library/PrivateFrameworks/StreamingZip.framework/Versions/A/StreamingZip
dyld[50228]: <D1A35669-31F3-3690-96FA-DCF366FFE839> /System/Library/PrivateFrameworks/SymptomReporter.framework/Versions/A/SymptomReporter
dyld[50228]: <1A584316-EEC8-3137-8BA7-AFBE50DF5883> /usr/lib/libenergytrace.dylib
dyld[50228]: <4F73B633-DF78-3E12-9304-36AAEFFEE1CC> /usr/lib/libnetworkextension.dylib
dyld[50228]: <3853CB92-7E37-3A29-B6B2-81AAFEB9E951> /System/Library/Frameworks/Network.framework/Versions/A/Network
dyld[50228]: <C63E7165-3AC7-3104-99EE-A984265C7DF2> /usr/lib/libbsm.0.dylib
dyld[50228]: <4DA71DB4-2A84-3315-BA60-771A9A68FCD4> /usr/lib/system/libkxld.dylib
dyld[50228]: <C3164877-CB17-3764-80C6-DCB694C17F64> /System/Library/PrivateFrameworks/AppleKeyStore.framework/Versions/A/AppleKeyStore
dyld[50228]: <6209C014-7DDE-3FA3-9118-954393060FDC> /usr/lib/libCoreEntitlements.dylib
dyld[50228]: <0DAE2428-9918-329A-9C2C-FAC35974C991> /System/Library/PrivateFrameworks/MessageSecurity.framework/Versions/A/MessageSecurity
dyld[50228]: <8445F0D6-8667-3E5D-9071-C70B131E7B61> /System/Library/PrivateFrameworks/ProtocolBuffer.framework/Versions/A/ProtocolBuffer
dyld[50228]: <EA773761-E0FB-31DB-8EBC-5F2F25A02298> /System/Library/PrivateFrameworks/CloudServices.framework/Versions/A/CloudServices
dyld[50228]: <981B22F6-55EC-368E-BBA0-017C639D8174> /System/Library/PrivateFrameworks/SymptomDiagnosticReporter.framework/Versions/A/SymptomDiagnosticReporter
dyld[50228]: <D8D91D12-DA64-3C6A-9CEF-B80BED29370E> /System/Library/PrivateFrameworks/CrashReporterSupport.framework/Versions/A/CrashReporterSupport
dyld[50228]: <194DE7B9-C0BF-348A-9855-90E41F8C74EE> /usr/lib/libMobileGestalt.dylib
dyld[50228]: <F94BA7CD-07EC-32D3-A06D-82383C934BD4> /System/Library/PrivateFrameworks/AppleFSCompression.framework/Versions/A/AppleFSCompression
dyld[50228]: <250936F1-FE65-3746-AE71-56384ECC8419> /usr/lib/libcoretls.dylib
dyld[50228]: <8288A14F-19BD-3CE1-B758-0AC8C0DBC494> /usr/lib/libcoretls_cfhelpers.dylib
dyld[50228]: <4DD45409-F205-3FBF-832F-22928AE3597A> /usr/lib/libpam.2.dylib
dyld[50228]: <87B48212-EA55-3985-9ADE-B2FED87CC358> /usr/lib/libxar.1.dylib
dyld[50228]: <5DE06663-D39E-3090-A5F6-49A0E226DB6A> /System/Library/PrivateFrameworks/APFS.framework/Versions/A/APFS
dyld[50228]: <D382032D-FCEA-3886-B497-3952D5EA0429> /System/Library/PrivateFrameworks/SwiftASN1Internal.framework/Versions/A/SwiftASN1Internal
dyld[50228]: <E3316786-3660-3F3E-A002-6AEBD7A77E20> /usr/lib/libutil.dylib
dyld[50228]: <FAB4C56B-86C3-3C4F-9C94-5424C8E5D7BA> /System/Library/PrivateFrameworks/AppleSystemInfo.framework/Versions/A/AppleSystemInfo
dyld[50228]: <811E1C0F-5325-3FB2-ABFA-855AC08F510F> /System/Library/PrivateFrameworks/IOMobileFramebuffer.framework/Versions/A/IOMobileFramebuffer
dyld[50228]: <980DCBCE-DA4F-3255-A575-3DC93B6421E8> /System/Library/Frameworks/IOSurface.framework/Versions/A/IOSurface
dyld[50228]: <B0ED8EC1-2A74-33CE-8250-ADA6004665A8> /System/Library/PrivateFrameworks/CoreWiFi.framework/Versions/A/CoreWiFi
dyld[50228]: <576C80FD-BEFD-3E63-9AE5-2E7896ECFB9C> /System/Library/PrivateFrameworks/LoggingSupport.framework/Versions/A/LoggingSupport
dyld[50228]: <9F0B80E6-21F3-3B15-A9E6-07C9DC7F92E8> /System/Library/PrivateFrameworks/MobileAsset.framework/Versions/A/MobileAsset
dyld[50228]: <6B78F2B3-DC0A-392E-A83E-2E9BE9CEC006> /System/Library/PrivateFrameworks/PowerLog.framework/Versions/A/PowerLog
dyld[50228]: <BBD7BE36-F6DB-3981-BBE5-65425770CB51> /System/Library/PrivateFrameworks/Rapport.framework/Versions/A/Rapport
dyld[50228]: <1FB8D183-945C-3ACF-B5CA-CD5CB403DD33> /System/Library/Frameworks/SwiftData.framework/Versions/A/SwiftData
dyld[50228]: <499E4CAC-CB05-35EB-ACAF-1907A06F72F6> /System/Library/PrivateFrameworks/Symptoms.framework/Versions/A/Frameworks/SymptomAnalytics.framework/Versions/A/SymptomAnalytics
dyld[50228]: <5D7862C3-EFB4-3CF0-A7D5-8DB1FC3A581E> /System/Library/Frameworks/UniformTypeIdentifiers.framework/Versions/A/UniformTypeIdentifiers
dyld[50228]: <13C7D776-746D-3238-8E6C-B7366816974C> /System/Library/PrivateFrameworks/UserManagement.framework/Versions/A/UserManagement
dyld[50228]: <3D06F086-FA5E-320C-8BCE-EECE4B3DCCFF> /usr/lib/libboringssl.dylib
dyld[50228]: <1FB0A772-940F-397E-9739-03713B011B3D> /usr/lib/libcupolicy.dylib
dyld[50228]: <7D585F8D-E25A-3961-A991-70FC2A4A68F5> /usr/lib/libdns_services.dylib
dyld[50228]: <7439F3F5-8DCF-3626-9D4B-82E6E9DC4F6C> /System/Library/Frameworks/NetworkExtension.framework/Versions/A/NetworkExtension
dyld[50228]: <6AB51E9B-19ED-349C-B672-E3BFE1600123> /usr/lib/libnwswifttls.dylib
dyld[50228]: <9413E39D-F801-33FE-80D8-86000B3F889B> /usr/lib/libpcap.A.dylib
dyld[50228]: <DC1C6608-D464-3491-8A95-9C0990338A42> /usr/lib/libquic.dylib
dyld[50228]: <F09B4A99-0E34-3C89-A238-17DF2AA3DB0C> /usr/lib/libusrtcp.dylib
dyld[50228]: <43048DE0-2CF1-364C-A087-42C78020BF98> /System/Library/PrivateFrameworks/AtomicsInternal.framework/Versions/A/AtomicsInternal
dyld[50228]: <28367C89-09D9-3FD3-9785-400B18D1A3BE> /System/Library/PrivateFrameworks/InternalSwiftProtobuf.framework/Versions/A/InternalSwiftProtobuf
dyld[50228]: <8EB60E26-AB3C-32A5-B929-422377D98A8A> /usr/lib/swift/libswiftDistributed.dylib
dyld[50228]: <0D024482-86A7-3D12-B813-263030085201> /usr/lib/swift/libswiftObservation.dylib
dyld[50228]: <8724FA96-C03B-3D6B-8DAA-03B33DE03C01> /usr/lib/swift/libswiftSynchronization.dylib
dyld[50228]: <39320E6E-C885-325A-8E05-46299431F631> /System/Library/PrivateFrameworks/AggregateDictionary.framework/Versions/A/AggregateDictionary
dyld[50228]: <54FAE991-061E-380D-9C90-7A471EEE7C72> /System/Library/PrivateFrameworks/CoreDuetContext.framework/Versions/A/CoreDuetContext
dyld[50228]: <F8EBE4EA-1BFE-36AE-A6DC-D229E2834356> /System/Library/PrivateFrameworks/BiomeLibrary.framework/Versions/A/BiomeLibrary
dyld[50228]: <62FED855-84A1-3E2C-BD95-347F0008CE4D> /System/Library/PrivateFrameworks/CoreDuet.framework/Versions/A/CoreDuet
dyld[50228]: <57D209D5-E6C5-3A5E-84EE-59819541AE13> /System/Library/PrivateFrameworks/BiomeStreams.framework/Versions/A/BiomeStreams
dyld[50228]: <F80EA57A-03C2-3A0D-8393-77AA76514CDB> /System/Library/PrivateFrameworks/BiomeFoundation.framework/Versions/A/BiomeFoundation
dyld[50228]: <1CF0A38C-0E3B-3C6A-A398-8A22CB539C8E> /System/Library/PrivateFrameworks/BiomePubSub.framework/Versions/A/BiomePubSub
dyld[50228]: <0E165051-218B-3732-8F53-236E07761116> /System/Library/Frameworks/CoreData.framework/Versions/A/CoreData
dyld[50228]: <A59F1416-C4B2-3C08-A888-C30256A546F7> /System/Library/PrivateFrameworks/ProactiveSupport.framework/Versions/A/ProactiveSupport
dyld[50228]: <E1267C1A-32C6-3DDB-9492-BA9F661D7026> /System/Library/Frameworks/CoreLocation.framework/Versions/A/CoreLocation
dyld[50228]: <7DB0F974-03B0-3090-A9FE-85F8C18886B2> /System/Library/Frameworks/Intents.framework/Versions/A/Intents
dyld[50228]: <614B6BA6-0A1E-3A0D-9BB9-6390A545BE38> /System/Library/Frameworks/_LocationEssentials.framework/Versions/A/_LocationEssentials
dyld[50228]: <A9563C70-3C72-3504-AAD0-E73E927159C3> /usr/lib/liblzma.5.dylib
dyld[50228]: <12890E6D-2282-3986-AF30-816846E0F85B> /System/Library/Frameworks/Accelerate.framework/Versions/A/Accelerate
dyld[50228]: <E70D41AE-5777-30B7-9991-493B13DBE5DB> /System/Library/PrivateFrameworks/MobileKeyBag.framework/Versions/A/MobileKeyBag
dyld[50228]: <0361FEB2-4BCA-343F-8E7F-E6437DE2BA55> /System/Library/PrivateFrameworks/InternationalTextSearch.framework/Versions/A/InternationalTextSearch
dyld[50228]: <26309F6C-7649-35DC-9224-EC0A621C2FE8> /System/Library/PrivateFrameworks/SoftwareUpdateCoreSupport.framework/Versions/A/SoftwareUpdateCoreSupport
dyld[50228]: <E0B8577A-B9F8-3D60-85F2-8B43AB87EB33> /System/Library/PrivateFrameworks/SoftwareUpdateCoreConnect.framework/Versions/A/SoftwareUpdateCoreConnect
dyld[50228]: <DF5E83C3-3E3E-39D2-93DA-6789CFE09833> /System/Library/PrivateFrameworks/RemoteServiceDiscovery.framework/Versions/A/RemoteServiceDiscovery
dyld[50228]: <B67F1F22-22F4-30C7-84E5-A1E279CE84FD> /System/Library/PrivateFrameworks/MSUDataAccessor.framework/Versions/A/MSUDataAccessor
dyld[50228]: <44EBA806-1C6E-30E7-AC00-E8D7A8F708C0> /usr/lib/libbootpolicy.dylib
dyld[50228]: <4D2CF21E-8017-30E7-9C3A-C5069AE01F6F> /System/Library/PrivateFrameworks/RemoteXPC.framework/Versions/A/RemoteXPC
dyld[50228]: <165E0967-B467-3542-B41F-D05E2D35D477> /usr/lib/libFDR.dylib
dyld[50228]: <B129CCB3-CC5A-3C81-8538-E5834D106B53> /usr/lib/libamsupport.dylib
dyld[50228]: <C57D932C-4539-3815-8BA3-C4628663A76D> /usr/lib/libReverseProxyDevice.dylib
dyld[50228]: <81A1C715-8F45-3061-B466-BE8951020ADE> /System/Library/PrivateFrameworks/AppleDeviceQuerySupport.framework/Versions/A/AppleDeviceQuerySupport
dyld[50228]: <66AF2013-AD83-3C69-85DE-E4FB7F273632> /usr/lib/libpartition2_dynamic.dylib
dyld[50228]: <78071698-F976-3AD1-BB7E-176B11BE1AA5> /System/Library/PrivateFrameworks/AppleSauce.framework/Versions/A/AppleSauce
dyld[50228]: <A2582E5F-F7E6-3084-BB27-2C789501E47B> /usr/lib/libAppleArchive.dylib
dyld[50228]: <0824081F-39D6-33E2-94B8-C33B231C81FF> /usr/lib/libbz2.1.0.dylib
dyld[50228]: <1C8CC389-CE64-3B3F-97AA-A1BFBD99D2C1> /System/Library/Frameworks/Accelerate.framework/Versions/A/Frameworks/vImage.framework/Versions/A/vImage
dyld[50228]: <8F00D025-76AB-3AFC-80D9-31684A1D574C> /System/Library/Frameworks/Accelerate.framework/Versions/A/Frameworks/vecLib.framework/Versions/A/vecLib
dyld[50228]: <9AA556D7-C597-3315-A119-BCC3C345FB26> /System/Library/Frameworks/Accelerate.framework/Versions/A/Frameworks/vecLib.framework/Versions/A/libvMisc.dylib
dyld[50228]: <184463A9-267F-3C68-B7B4-8F2642C77648> /System/Library/Frameworks/Accelerate.framework/Versions/A/Frameworks/vImage.framework/Versions/A/Libraries/libCGInterfaces.dylib
dyld[50228]: <3F40CE6A-DC88-372E-B197-090D83AAD86A> /System/Library/PrivateFrameworks/AccelerateGPU.framework/Versions/A/AccelerateGPU
dyld[50228]: <6EE5A2F5-FD5B-3E70-89AD-B95619151E6A> /System/Library/Frameworks/Accelerate.framework/Versions/A/Frameworks/vecLib.framework/Versions/A/libBLAS.dylib
dyld[50228]: <A2DCCA6A-4B19-3510-814C-9432BD184A9C> /System/Library/Frameworks/ApplicationServices.framework/Versions/A/ApplicationServices
dyld[50228]: <97D8F3BE-3618-3D1C-B091-6F58BE12FAD1> /System/Library/Frameworks/CoreVideo.framework/Versions/A/CoreVideo
dyld[50228]: <505BFEDB-09C2-37BB-968E-7CAA06F0D5D9> /System/Library/Frameworks/ColorSync.framework/Versions/A/ColorSync
dyld[50228]: <6724CE42-A528-3BA6-AEBB-EC7C0D4BC56C> /System/Library/Frameworks/CoreText.framework/Versions/A/CoreText
dyld[50228]: <D8C1E694-DD38-3E4B-AF31-075B8E912D23> /System/Library/Frameworks/ImageIO.framework/Versions/A/ImageIO
dyld[50228]: <8DC7F743-5692-3F54-A638-F05976A64EB8> /System/Library/Frameworks/ApplicationServices.framework/Versions/A/Frameworks/ATS.framework/Versions/A/ATS
dyld[50228]: <37FD2045-A2B9-3668-96E6-011121486CBA> /System/Library/Frameworks/ApplicationServices.framework/Versions/A/Frameworks/HIServices.framework/Versions/A/HIServices
dyld[50228]: <16239BBA-E003-374F-A235-6BC0C9787E07> /System/Library/Frameworks/ApplicationServices.framework/Versions/A/Frameworks/PrintCore.framework/Versions/A/PrintCore
dyld[50228]: <F11E3021-457D-32F5-96A1-19641F599A47> /System/Library/Frameworks/ApplicationServices.framework/Versions/A/Frameworks/QD.framework/Versions/A/QD
dyld[50228]: <86500DBF-1E7E-325A-A55C-9A966FC5147D> /System/Library/Frameworks/ApplicationServices.framework/Versions/A/Frameworks/ColorSyncLegacy.framework/Versions/A/ColorSyncLegacy
dyld[50228]: <62263122-C8F2-35A0-93B9-0F6ED7B90345> /System/Library/Frameworks/ApplicationServices.framework/Versions/A/Frameworks/SpeechSynthesis.framework/Versions/A/SpeechSynthesis
dyld[50228]: <CD5F2362-8462-38D4-8C57-0BCD4E04F962> /System/Library/PrivateFrameworks/SkyLight.framework/Versions/A/SkyLight
dyld[50228]: <90621BC3-4A16-3BF7-B384-3194F517A9B6> /System/Library/PrivateFrameworks/FontServices.framework/libFontParser.dylib
dyld[50228]: <BBEAEC70-0458-3A37-9884-EB8BA991B5B2> /System/Library/PrivateFrameworks/BaseBoard.framework/Versions/A/BaseBoard
dyld[50228]: <5955D381-FC7E-392A-8858-FEA7FC0E9AF5> /System/Library/PrivateFrameworks/BoardServices.framework/Versions/A/BoardServices
dyld[50228]: <18A604B3-AA79-39B4-AFF8-04C081C70AF9> /System/Library/PrivateFrameworks/BackBoardServices.framework/Versions/A/BackBoardServices
dyld[50228]: <50904B52-E93E-3684-B195-4ADFC7578837> /System/Library/PrivateFrameworks/BackBoardHIDEventFoundation.framework/Versions/A/BackBoardHIDEventFoundation
dyld[50228]: <42F8E70D-8B00-3F77-9888-6ADFD21E419C> /System/Library/Frameworks/CoreDisplay.framework/Versions/A/CoreDisplay
dyld[50228]: <BC0EC514-ED6C-3069-8F1F-71A3CC7E3506> /System/Library/Frameworks/VideoToolbox.framework/Versions/A/VideoToolbox
dyld[50228]: <B22F152B-70EA-3686-BC9E-F4B4A23ECDC5> /System/Library/Frameworks/MetalPerformanceShaders.framework/Versions/A/MetalPerformanceShaders
dyld[50228]: <02C16EC1-0F6A-35DE-AA44-1F97D3B2FCC9> /System/Library/PrivateFrameworks/ProDisplayLibrary.framework/Versions/A/ProDisplayLibrary
dyld[50228]: <D308650E-04AA-3FFA-8016-F92A009583E4> /System/Library/PrivateFrameworks/IOSurfaceAccelerator.framework/Versions/A/IOSurfaceAccelerator
dyld[50228]: <5192171C-7963-364B-906E-A7C6FCC289A2> /System/Library/Frameworks/Metal.framework/Versions/A/Metal
dyld[50228]: <B4470C45-276C-3ABC-A50A-09813A75D92F> /System/Library/PrivateFrameworks/IOAccelerator.framework/Versions/A/IOAccelerator
dyld[50228]: <0EC488E4-B00F-3662-A61D-2AEF7D6DC495> /System/Library/Frameworks/CoreMedia.framework/Versions/A/CoreMedia
dyld[50228]: <3BC4BFE7-2666-3BA0-BEEB-550EBB717692> /System/Library/PrivateFrameworks/TCC.framework/Versions/A/TCC
dyld[50228]: <7959ABCD-AB3E-3826-9478-481D57808E5A> /System/Library/PrivateFrameworks/WatchdogClient.framework/Versions/A/WatchdogClient
dyld[50228]: <DF88B985-E9A5-310B-990F-1ECBB86CE4CC> /System/Library/Frameworks/QuartzCore.framework/Versions/A/QuartzCore
dyld[50228]: <8C75235A-DF75-360D-A93B-C09645222413> /System/Library/PrivateFrameworks/MultitouchSupport.framework/Versions/A/MultitouchSupport
dyld[50228]: <014F4B48-5D67-370F-96AB-32E30745B619> /usr/lib/swift/libswiftAccelerate.dylib
dyld[50228]: <9D00A952-F20A-3576-A504-43F4ACAEDD36> /usr/lib/swift/libswiftCoreAudio.dylib
dyld[50228]: <4710B99E-37C4-3F7B-BAB0-5ACA6F1231EC> /usr/lib/swift/libswiftCoreMedia.dylib
dyld[50228]: <31BE5521-F202-34F3-A2F5-82AAE1A5E006> /usr/lib/swift/libswiftMetal.dylib
dyld[50228]: <9E6680B9-DED4-3EED-BE0D-B17B87A774AF> /usr/lib/swift/libswiftOSLog.dylib
dyld[50228]: <7CCBEB85-167F-34DB-B007-B5476F190B63> /usr/lib/swift/libswiftQuartzCore.dylib
dyld[50228]: <C56D7B1D-FB84-3087-90A4-295768410946> /usr/lib/swift/libswiftUniformTypeIdentifiers.dylib
dyld[50228]: <34DB5466-5B9A-3658-A66D-2F8718A1A633> /usr/lib/swift/libswiftVideoToolbox.dylib
dyld[50228]: <B841C29B-340E-3DFA-8946-585C218C6A0C> /usr/lib/swift/libswiftsimd.dylib
dyld[50228]: <C404FAEC-421E-36D7-B342-D38863AB8D19> /System/Library/PrivateFrameworks/BiomeStorage.framework/Versions/A/BiomeStorage
dyld[50228]: <E57B6924-E645-3CC6-9943-63D3CEEFFE34> /System/Library/PrivateFrameworks/IntelligencePlatformLibrary.framework/Versions/A/IntelligencePlatformLibrary
dyld[50228]: <2039208B-D706-3CF4-A87F-F27BE89C45F9> /System/Library/PrivateFrameworks/PoirotSchematizer.framework/Versions/A/PoirotSchematizer
dyld[50228]: <9DB42D7C-E2E1-3DCF-9078-D541B3803CDA> /System/Library/PrivateFrameworks/BiomeSync.framework/Versions/A/BiomeSync
dyld[50228]: <58091704-8332-30A8-BE10-F148F0E2B5AC> /System/Library/PrivateFrameworks/BiomeDSL.framework/Versions/A/BiomeDSL
dyld[50228]: <63DC9704-D3F6-3505-84AA-4744662C6A85> /System/Library/PrivateFrameworks/FeatureFlags.framework/Versions/A/FeatureFlags
dyld[50228]: <D5194566-C55C-3D6B-9B6D-6044DD141DE1> /System/Library/PrivateFrameworks/PoirotUDFs.framework/Versions/A/PoirotUDFs
dyld[50228]: <67E63B4C-4D7B-3A10-9109-BBD029447851> /usr/lib/swift/libswift_DarwinFoundation2.dylib
dyld[50228]: <5127E34D-DBF0-399A-95C2-700FF5C62A02> /usr/lib/swift/libswift_DarwinFoundation3.dylib
dyld[50228]: <9238EED9-7424-3EBC-BECF-E0F046C4CED2> /System/Library/PrivateFrameworks/CoreTime.framework/Versions/A/CoreTime
dyld[50228]: <20288349-686B-37CB-9D84-9566FCFFC979> /usr/lib/libiconv.2.dylib
dyld[50228]: <A2E8DF49-5A82-3DB3-88A1-D8E1B6516F8B> /usr/lib/libcharset.1.dylib
dyld[50228]: <67EC3686-F23C-3C0B-AE66-34FCAAD521CB> /System/Library/PrivateFrameworks/PoirotSQLite.framework/Versions/A/PoirotSQLite
dyld[50228]: <14699117-5DA7-310B-8E01-FAB5BDCDC53E> /usr/lib/swift/libswift_RegexParser.dylib
dyld[50228]: <AB4D3ED8-3ED8-3070-BB56-7A279E02B895> /System/Library/PrivateFrameworks/CascadeSets.framework/Versions/A/CascadeSets
dyld[50228]: <B9AF3994-811E-3D50-B2A8-F2BACF6B1205> /System/Library/PrivateFrameworks/CorePhoneNumbers.framework/Versions/A/CorePhoneNumbers
dyld[50228]: <861A310F-68FB-393B-898B-BAADAEE2366D> /System/Library/PrivateFrameworks/AppleJPEG.framework/Versions/A/AppleJPEG
dyld[50228]: <0D5AE600-87F2-33EA-BD47-481AB0A13960> /usr/lib/libexpat.1.dylib
dyld[50228]: <8D855916-D266-3546-AC25-13F40BDE4916> /System/Library/Frameworks/ImageIO.framework/Versions/A/Resources/libPng.dylib
dyld[50228]: <C4EF60EC-F57A-388E-A75F-DA0FF752560C> /System/Library/Frameworks/ImageIO.framework/Versions/A/Resources/libTIFF.dylib
dyld[50228]: <0A2ACF07-8A0B-3A24-8908-CEE660E2240B> /System/Library/Frameworks/ImageIO.framework/Versions/A/Resources/libGIF.dylib
dyld[50228]: <D6771749-026F-303A-B7AF-8453B1930124> /System/Library/Frameworks/ImageIO.framework/Versions/A/Resources/libJP2.dylib
dyld[50228]: <0683FB66-0AFE-3920-A894-65F657D949F3> /usr/lib/libate.dylib
dyld[50228]: <A41EB50C-F1E5-3462-B685-5A3B166F0DAF> /System/Library/Frameworks/ImageIO.framework/Versions/A/Resources/libJPEG.dylib
dyld[50228]: <DF198A7A-E7B5-3D02-81A1-2242FED93374> /System/Library/Frameworks/ImageIO.framework/Versions/A/Resources/libRadiance.dylib
dyld[50228]: <891D8FB9-8145-36E5-BBAE-62D61609017B> /System/Library/PrivateFrameworks/GPUCompiler.framework/Versions/32023/Libraries/libllvm-flatbuffers.dylib
dyld[50228]: <2CFA85BC-22EE-3D6A-9FD5-E10B4F5F4558> /System/Library/PrivateFrameworks/FramePacing.framework/Versions/A/FramePacing
dyld[50228]: <0C49E231-DECE-36A5-85D2-398DB2A1BA52> /System/Library/Frameworks/OpenGL.framework/Versions/A/Libraries/libCoreFSCache.dylib
dyld[50228]: <FEABB728-79BC-3BF2-9EC3-F2B9C1004A5C> /System/Library/PrivateFrameworks/GPUCompiler.framework/Versions/32023/Libraries/libGPUCompilerUtils.dylib
dyld[50228]: <5C9B67AE-A63C-365C-8B8A-BD8A88112D6C> /System/Library/PrivateFrameworks/GraphicsServices.framework/Versions/A/GraphicsServices
dyld[50228]: <3B7DAC4A-1E43-3CF2-9403-E8FECC377580> /System/Library/Frameworks/OpenGL.framework/Versions/A/OpenGL
dyld[50228]: <DA2AB2DC-847C-3860-9813-B1EA95F4FA4B> /System/Library/Frameworks/OpenGL.framework/Versions/A/Libraries/libGLU.dylib
dyld[50228]: <3B54123D-F52F-342D-9644-5608921F963F> /System/Library/Frameworks/OpenGL.framework/Versions/A/Libraries/libGFXShared.dylib
dyld[50228]: <0DE6C657-966F-3D61-906C-62FA569AEB2F> /System/Library/Frameworks/OpenGL.framework/Versions/A/Libraries/libGL.dylib
dyld[50228]: <92CC599F-57AC-311D-A8D5-CB570BC39886> /System/Library/Frameworks/OpenGL.framework/Versions/A/Libraries/libGLImage.dylib
dyld[50228]: <1D2CBB98-7A71-3A02-B152-2AF5DBE3D1B5> /System/Library/Frameworks/OpenGL.framework/Versions/A/Libraries/libCVMSPluginSupport.dylib
dyld[50228]: <ECB35CC4-0F62-3AB7-AEC3-A2BFB7469E93> /System/Library/Frameworks/OpenGL.framework/Versions/A/Libraries/libCoreVMClient.dylib
dyld[50228]: <E536D4EA-4A69-36C8-AD24-E31AD947ED34> /System/Library/PrivateFrameworks/GPUWrangler.framework/Versions/A/GPUWrangler
dyld[50228]: <99734842-0D43-382B-B159-9BE7FAB2D49A> /System/Library/PrivateFrameworks/IOPresentment.framework/Versions/A/IOPresentment
dyld[50228]: <5A4C570E-E196-3F44-934C-BBABAD85F882> /System/Library/PrivateFrameworks/DSExternalDisplay.framework/Versions/A/DSExternalDisplay
dyld[50228]: <D65B393D-3DBB-38FF-93FE-BB7A63C7154D> /System/Library/PrivateFrameworks/VideoToolboxParavirtualizationSupport.framework/Versions/A/VideoToolboxParavirtualizationSupport
dyld[50228]: <29DF7632-4F8C-3C1A-962E-F7DC53025CB7> /System/Library/PrivateFrameworks/AppleVA.framework/Versions/A/AppleVA
dyld[50228]: <470C195D-2465-32FB-A940-D6A1DDFA3B9A> /System/Library/Frameworks/ExtensionFoundation.framework/Versions/A/ExtensionFoundation
dyld[50228]: <328E21CB-CF9C-333B-9C5B-54C784B9A301> /System/Library/PrivateFrameworks/CMCaptureCore.framework/Versions/A/CMCaptureCore
dyld[50228]: <EA01F4F5-5B53-3199-821A-2C40EAEA51A9> /usr/lib/libspindump.dylib
dyld[50228]: <1B6BA86A-7937-3894-B5E9-A60E1E40B8AE> /System/Library/Frameworks/CoreAudio.framework/Versions/A/CoreAudio
dyld[50228]: <997B0ACC-FBF2-3B74-8F0D-BD4FCE114895> /System/Library/PrivateFrameworks/AppServerSupport.framework/Versions/A/AppServerSupport
dyld[50228]: <F9BA8F11-725E-3193-8286-7E511BD9483D> /System/Library/PrivateFrameworks/perfdata.framework/Versions/A/perfdata
dyld[50228]: <33C0F74A-6257-337A-B1CF-9B8DF67CAFAA> /System/Library/PrivateFrameworks/AudioDSPGraph.framework/Versions/A/AudioDSPGraph
dyld[50228]: <6086D741-DCD6-3203-9981-FF2104745DA9> /System/Library/PrivateFrameworks/AudioToolboxCore.framework/Versions/A/AudioToolboxCore
dyld[50228]: <17D94B6F-C622-36F7-B775-2FE1F8A749B8> /System/Library/PrivateFrameworks/caulk.framework/Versions/A/caulk
dyld[50228]: <5C016DB5-65A6-30D6-9ADB-73F306FF1D8C> /usr/lib/libAudioStatistics.dylib
dyld[50228]: <78D2C254-6948-3ED5-AAE1-BDB5D209F100> /System/Library/PrivateFrameworks/SystemPolicy.framework/Versions/A/SystemPolicy
dyld[50228]: <919A3107-895B-39E3-A5B6-3B0A7B665E08> /usr/lib/libSMC.dylib
dyld[50228]: <02FA41D4-BAE5-3254-B696-A93A679BFBAA> /usr/lib/swift/libswiftCoreMIDI.dylib
dyld[50228]: <B9E70AF5-FFB9-3503-8668-4E83C1A54981> /System/Library/Frameworks/CoreMIDI.framework/Versions/A/CoreMIDI
dyld[50228]: <FB11A6DA-BB60-39C7-85D0-1A8617237337> /usr/lib/libAudioToolboxUtility.dylib
dyld[50228]: <EBC004E1-7C36-3FB5-B297-75B27297B2BA> /usr/lib/libperfcheck.dylib
dyld[50228]: <A3FF818C-C859-3C62-9BA7-F126B6D641CC> /System/Library/PrivateFrameworks/AudioAnalytics.framework/Versions/A/AudioAnalytics
dyld[50228]: <E91CE975-CDCF-3A38-9C10-46515A1F2A71> /System/Library/Frameworks/OSLog.framework/Versions/A/OSLog
dyld[50228]: <E5A19223-55EF-3ACE-86D6-5E4C7453226A> /System/Library/PrivateFrameworks/OSEligibility.framework/Versions/A/OSEligibility
dyld[50228]: <AFED0DF3-63AB-347B-A573-73D4B304A1E3> /System/Library/PrivateFrameworks/IconServices.framework/Versions/A/IconServices
dyld[50228]: <BEDD0E23-C326-37F4-8387-D8E4621EBCD3> /System/Library/Frameworks/LightweightCodeRequirements.framework/Versions/A/LightweightCodeRequirements
dyld[50228]: <4A67E28C-FAB3-3251-92A6-AB1E2B37F2E9> /System/Library/PrivateFrameworks/PlugInKit.framework/Versions/A/PlugInKit
dyld[50228]: <86AC7BCD-A13F-30B6-A723-1BFAA9CD8CC2> /System/Library/PrivateFrameworks/AssertionServices.framework/Versions/A/AssertionServices
dyld[50228]: <BED6FCCE-CDE3-368D-8AD0-00E92464658E> /System/Library/PrivateFrameworks/IconFoundation.framework/Versions/A/IconFoundation
dyld[50228]: <1DC63834-1A60-3FC8-9FDD-92400FFF74C0> /System/Library/PrivateFrameworks/AssistantServices.framework/Versions/A/AssistantServices
dyld[50228]: <B94C480E-3666-322F-906D-0543C59B4846> /System/Library/PrivateFrameworks/IconRendering.framework/Versions/A/IconRendering
dyld[50228]: <7C3BAC81-E6E1-3F0E-8AFF-5A3912FF2C9B> /System/Library/PrivateFrameworks/CoreUI.framework/Versions/A/CoreUI
dyld[50228]: <BFE7CCA2-299D-35AE-B97C-9C9F6CB7C628> /System/Library/Frameworks/CoreImage.framework/Versions/A/CoreImage
dyld[50228]: <213A812D-E0F1-322F-9E83-1CC183ABB340> /System/Library/PrivateFrameworks/SFSymbols.framework/Versions/A/SFSymbols
dyld[50228]: <F0CBAC8F-3992-39B2-874D-513EBDDD9540> /System/Library/Frameworks/DeveloperToolsSupport.framework/Versions/A/DeveloperToolsSupport
dyld[50228]: <F1D57CF3-6353-3EAF-8DB7-8FA7D2C607CC> /System/Library/PrivateFrameworks/RenderBox.framework/Versions/A/RenderBox
dyld[50228]: <7436E126-73CC-30EE-BF48-BAB0AE382792> /System/Library/PrivateFrameworks/CoreSVG.framework/Versions/A/CoreSVG
dyld[50228]: <2D2BE324-F508-3749-8A42-7A19C6429625> /System/Library/PrivateFrameworks/TextureIO.framework/Versions/A/TextureIO
dyld[50228]: <F8294310-2FA1-3874-B702-9CC2F588116E> /usr/lib/swift/libswiftCoreImage.dylib
dyld[50228]: <61AD2AE3-BAF5-37FF-A4DD-ED221184E591> /System/Library/PrivateFrameworks/GraphVisualizer.framework/Versions/A/GraphVisualizer
dyld[50228]: <4FF88376-5BD6-30A2-BC7A-3980A6B75747> /System/Library/PrivateFrameworks/FontServices.framework/Versions/A/FontServices
dyld[50228]: <DCBC1DC8-7728-32D8-BED1-D94AAE388F58> /System/Library/PrivateFrameworks/OTSVG.framework/Versions/A/OTSVG
dyld[50228]: <E697F2AF-E225-3F97-8296-3A072D5D3ABB> /System/Library/Frameworks/ApplicationServices.framework/Versions/A/Frameworks/ATS.framework/Versions/A/Resources/libFontRegistry.dylib
dyld[50228]: <5C27D0D2-E8BA-3FE1-9069-002A86516F75> /usr/lib/libhvf.dylib
dyld[50228]: <145B46E8-5DDD-39F4-A2C2-19254BB3E64B> /System/Library/PrivateFrameworks/ParsingInternal.framework/Versions/A/ParsingInternal
dyld[50228]: <2CD23373-684A-338C-B3E2-E5CFE9E22665> /System/Library/PrivateFrameworks/FontServices.framework/libXTFontStaticRegistryData.dylib
dyld[50228]: <A14BF218-2400-3671-9CF9-A585F546D3D7> /System/Library/Frameworks/MetalPerformanceShaders.framework/Versions/A/Frameworks/MPSCore.framework/Versions/A/MPSCore
dyld[50228]: <A02CA05F-E8B5-3DF2-BF46-9424B0CEB2E4> /System/Library/Frameworks/MetalPerformanceShaders.framework/Versions/A/Frameworks/MPSImage.framework/Versions/A/MPSImage
dyld[50228]: <F119A3BA-5272-3181-A9CF-5F1537D5584C> /System/Library/Frameworks/MetalPerformanceShaders.framework/Versions/A/Frameworks/MPSNeuralNetwork.framework/Versions/A/MPSNeuralNetwork
dyld[50228]: <FFAF8C61-C08D-35B8-AA02-B537F9210905> /System/Library/Frameworks/MetalPerformanceShaders.framework/Versions/A/Frameworks/MPSMatrix.framework/Versions/A/MPSMatrix
dyld[50228]: <A9CED6ED-873D-3123-B221-111DE040A93D> /System/Library/Frameworks/MetalPerformanceShaders.framework/Versions/A/Frameworks/MPSRayIntersector.framework/Versions/A/MPSRayIntersector
dyld[50228]: <BBC9B11F-9817-3C36-913D-BD34E0543F92> /System/Library/Frameworks/MetalPerformanceShaders.framework/Versions/A/Frameworks/MPSNDArray.framework/Versions/A/MPSNDArray
dyld[50228]: <ECFF295E-9911-36C0-968B-5319D8577A7A> /System/Library/Frameworks/MetalPerformanceShaders.framework/Versions/A/Frameworks/MPSFunctions.framework/Versions/A/MPSFunctions
dyld[50228]: <B6F74347-6E57-3805-B9E1-4470C8FA9E38> /System/Library/Frameworks/MetalPerformanceShaders.framework/Versions/A/Frameworks/MPSBenchmarkLoop.framework/Versions/A/MPSBenchmarkLoop
dyld[50228]: <DE2582E7-16C0-3564-8CC2-702B305BD2F0> /System/Library/Frameworks/MetalPerformanceShaders.framework/Versions/A/Frameworks/MPSHost.framework/Versions/A/MPSHost
dyld[50228]: <7DA73466-576B-3025-A247-954A7D5306A8> /System/Library/PrivateFrameworks/MetalTools.framework/Versions/A/MetalTools
dyld[50228]: <9B8660AC-5EDE-3EED-894E-CECACF7130AB> /System/Library/PrivateFrameworks/IOAccelMemoryInfo.framework/Versions/A/IOAccelMemoryInfo
dyld[50228]: <9E9347FA-842B-395E-ABE1-FB76635235CB> /System/Library/PrivateFrameworks/kperf.framework/Versions/A/kperf
dyld[50228]: <55AA8F48-E61D-3062-95AC-BC3B20DD4433> /System/Library/PrivateFrameworks/GPURawCounter.framework/Versions/A/GPURawCounter
dyld[50228]: <26F3FA93-582E-3A51-9931-415CBB5FCF9F> /System/Library/PrivateFrameworks/ASEProcessing.framework/Versions/A/ASEProcessing
dyld[50228]: <3C82653B-E115-3325-A1ED-E2B7ACBCB437> /System/Library/PrivateFrameworks/Symbolication.framework/Versions/A/Symbolication
dyld[50228]: <D28391E4-3ACF-3733-8F07-DD4CCAB5DE4C> /System/Library/PrivateFrameworks/PhotosensitivityProcessing.framework/Versions/A/PhotosensitivityProcessing
dyld[50228]: <2688F236-5A55-3F96-88F1-CC59ADB1E3A0> /System/Library/PrivateFrameworks/SILManager.framework/Versions/A/SILManager
dyld[50228]: <53BE7690-3B50-31D9-A8A2-7239D86786CE> /System/Library/PrivateFrameworks/CoreSymbolication.framework/Versions/A/CoreSymbolication
dyld[50228]: <2D0A731C-D66A-3866-B1CA-98B7FAF295DE> /System/Library/PrivateFrameworks/MallocStackLogging.framework/Versions/A/MallocStackLogging
dyld[50228]: <4BF7AD91-C408-381A-92F3-1B5866048FB6> /System/Library/PrivateFrameworks/DebugSymbols.framework/Versions/A/DebugSymbols
dyld[50228]: <3E8297C5-888A-36F5-9EB4-6CCED7856402> /System/Library/PrivateFrameworks/OSAnalytics.framework/Versions/A/OSAnalytics
dyld[50228]: <0DF3001F-A974-30FF-B987-F3C9ED2BB3FF> /System/Library/PrivateFrameworks/DeviceRecovery.framework/Versions/A/DeviceRecovery
dyld[50228]: <3E065B0A-1727-3015-B3AD-4815BE255B11> /System/Library/PrivateFrameworks/Tightbeam.framework/Versions/A/Tightbeam
dyld[50228]: <A0101920-47DA-3EB3-A44D-098F2068C37F> /usr/lib/swift/libswiftCompression.dylib
dyld[50228]: <ADFB48F6-5AB5-3705-A623-15DC8A0E1B1D> /System/Library/PrivateFrameworks/AFKUser.framework/Versions/A/AFKUser
dyld[50228]: <A9FF23B4-9003-30E0-9C55-322EB89E9C15> /System/Library/Frameworks/ApplicationServices.framework/Versions/A/Frameworks/ATSUI.framework/Versions/A/ATSUI
dyld[50228]: <82F7F6BF-AEDA-32F2-B909-CA15DABFA516> /System/Library/PrivateFrameworks/SAObjects.framework/Versions/A/SAObjects
dyld[50228]: <196DC6E2-485C-3238-B8E8-EAD9F4BFD3F5> /System/Library/Frameworks/AudioToolbox.framework/Versions/A/AudioToolbox
dyld[50228]: <0F593AF0-3420-322B-862B-48A04C595981> /System/Library/PrivateFrameworks/MediaRemote.framework/Versions/A/MediaRemote
dyld[50228]: <F0F1882E-5DD5-32C0-BCD3-3920C429C4D2> /System/Library/Frameworks/UserNotifications.framework/Versions/A/UserNotifications
dyld[50228]: <7CAD7036-9328-3BB9-B2DF-D7F1DAD0A95A> /System/Library/PrivateFrameworks/SiriInstrumentation.framework/Versions/A/SiriInstrumentation
dyld[50228]: <E3794FC8-D291-30D4-8149-2CF86FD1105B> /System/Library/PrivateFrameworks/SiriAnalytics.framework/Versions/A/SiriAnalytics
dyld[50228]: <4AC584BF-07C3-3769-BE4B-5BE7CBCEC5FF> /System/Library/PrivateFrameworks/SiriTTSService.framework/Versions/A/SiriTTSService
dyld[50228]: <CF238AED-06FB-307B-8E6B-4D6E79CCB54B> /System/Library/PrivateFrameworks/SiriCrossDeviceArbitration.framework/Versions/A/SiriCrossDeviceArbitration
dyld[50228]: <46115240-A87A-367F-B06B-4434323DCEAF> /System/Library/PrivateFrameworks/FeedbackLogger.framework/Versions/A/FeedbackLogger
dyld[50228]: <FAB3DB6C-3EE7-379B-8542-926931FB5740> /System/Library/PrivateFrameworks/FaceTimeNameUtility.framework/Versions/A/FaceTimeNameUtility
dyld[50228]: <3413D34C-992C-3DD6-9E43-44BB76033B4E> /System/Library/PrivateFrameworks/AuthKit.framework/Versions/A/AuthKit
dyld[50228]: <622B1DEB-CBE5-3AC1-A0BD-EAE443FAE41A> /System/Library/PrivateFrameworks/SiriCrossDeviceArbitrationFeedback.framework/Versions/A/SiriCrossDeviceArbitrationFeedback
dyld[50228]: <83EEF9DC-B05C-36D0-ABB7-94B89574513D> /usr/lib/swift/libswiftCoreLocation.dylib
dyld[50228]: <A3F5BD14-E39F-3C5C-88BE-9D69885AEAEF> /usr/lib/swift/libswiftAVFoundation.dylib
dyld[50228]: <66B01FE7-B25F-30FF-8FBA-906C53A6C31E> /System/Library/PrivateFrameworks/UIKitServices.framework/Versions/A/UIKitServices
dyld[50228]: <D101C260-62C0-3DC7-A47B-EA3348F91015> /System/Library/PrivateFrameworks/UnifiedAssetFramework.framework/Versions/A/UnifiedAssetFramework
dyld[50228]: <CA23DB9F-A36E-3F89-B5E1-58D87D7F5513> /System/Library/PrivateFrameworks/AudioSession.framework/Versions/A/AudioSession
dyld[50228]: <CDA2EB83-4772-3AB7-91FB-27EAD1B81604> /System/Library/PrivateFrameworks/MediaExperience.framework/Versions/A/MediaExperience
dyld[50228]: <FDD6D3AA-4381-361A-98A1-DBFFEB263647> /System/Library/PrivateFrameworks/AudioSession.framework/libSessionUtility.dylib
dyld[50228]: <EDE54CFC-1D79-302E-BBA0-D6BA4B044B03> /System/Library/PrivateFrameworks/AudioAccessoryServices.framework/Versions/A/AudioAccessoryServices
dyld[50228]: <A2081DB1-1288-3AE7-9F65-DC6D7143174D> /System/Library/Frameworks/CoreBluetooth.framework/Versions/A/CoreBluetooth
dyld[50228]: <490FD702-A39B-3C11-B691-08EF67CD22AA> /System/Library/PrivateFrameworks/CoreUtils.framework/Versions/A/CoreUtils
dyld[50228]: <F47D14B1-A17E-341B-9C27-C026B095D723> /System/Library/PrivateFrameworks/HID.framework/Versions/A/HID
dyld[50228]: <6E3251FB-51F3-354E-BE19-16B1A65ED46D> /System/Library/PrivateFrameworks/Sharing.framework/Versions/A/Sharing
dyld[50228]: <73228946-C3E9-3408-8E71-1678289E3BEB> /System/Library/PrivateFrameworks/CoreUtilsExtras.framework/Versions/A/CoreUtilsExtras
dyld[50228]: <4C2A4B09-C1B3-3053-AD8C-977EB8D32E9E> /System/Library/PrivateFrameworks/IO80211.framework/Versions/A/IO80211
dyld[50228]: <664AC436-F2AA-33BA-ABDC-FDF9FC05EA38> /System/Library/PrivateFrameworks/IDSFoundation.framework/Versions/A/IDSFoundation
dyld[50228]: <F083CFA8-541A-3E96-8A38-18D68A940B6B> /System/Library/PrivateFrameworks/Apple80211.framework/Versions/A/Apple80211
dyld[50228]: <5254A8DC-851E-311A-87DA-8145C2ED3C87> /System/Library/Frameworks/CoreWLAN.framework/Versions/A/CoreWLAN
dyld[50228]: <8725BFBD-4A86-36AE-9260-15190503051B> /System/Library/Frameworks/IOBluetooth.framework/Versions/A/IOBluetooth
dyld[50228]: <19984ACB-CD7E-3C0D-873A-1EBA72AC4BC6> /usr/lib/swift/libswiftRegexBuilder.dylib
dyld[50228]: <A33D964D-8F19-38B7-8946-D8C9F19E4F2B> /System/Library/PrivateFrameworks/IMFoundation.framework/Versions/A/IMFoundation
dyld[50228]: <15433921-F565-327A-9461-52C7C6493698> /System/Library/PrivateFrameworks/Marco.framework/Versions/A/Marco
dyld[50228]: <19C1BC1F-154A-3BFC-B9AD-9CC517FC0AC5> /System/Library/PrivateFrameworks/CommonUtilities.framework/Versions/A/CommonUtilities
dyld[50228]: <E876203B-ABCF-3F88-9A52-3AC782583C96> /System/Library/PrivateFrameworks/Engram.framework/Versions/A/Engram
dyld[50228]: <487450E4-0426-3CD0-B61A-5DB4587AE8CC> /System/Library/PrivateFrameworks/XPCDistributed.framework/Versions/A/XPCDistributed
dyld[50228]: <E1EE1E31-9E87-367B-A8DE-17A3007756B1> /usr/lib/libtidy.A.dylib
dyld[50228]: <78EEBCFA-0525-3C50-AB1D-710EF1322399> /System/Library/PrivateFrameworks/Bom.framework/Versions/A/Bom
dyld[50228]: <A679D6ED-4CE9-3134-9E96-F229E377801A> /usr/lib/libParallelCompression.dylib
dyld[50228]: <104445E4-D11E-34D2-B419-FB55EDBBEB2B> /usr/lib/libIOReport.dylib
dyld[50228]: <327AFA7E-290A-3813-BBFE-EB5DD41002CD> /System/Library/PrivateFrameworks/WiFiPeerToPeer.framework/Versions/A/WiFiPeerToPeer
dyld[50228]: <9B401DEC-F246-316B-862D-5D9808449E69> /System/Library/Frameworks/SecurityFoundation.framework/Versions/A/SecurityFoundation
dyld[50228]: <0D017B05-AE90-3FFF-8887-6B607B909397> /System/Library/PrivateFrameworks/Centauri.framework/Versions/A/Centauri
dyld[50228]: <C85AB7DE-AE86-3649-9935-57525F317BE7> /System/Library/PrivateFrameworks/Lexicon.framework/Versions/A/Lexicon
dyld[50228]: <D58C3AAA-1B82-35ED-B5AF-0E6BD380B6D0> /usr/lib/libmrc.dylib
dyld[50228]: <FAEB7856-E4E1-3DE1-90C0-3FA9C2071FC3> /System/Library/PrivateFrameworks/IPConfiguration.framework/Versions/A/IPConfiguration
dyld[50228]: <8574049B-71F5-3A37-A4BC-3CC2A31588E7> /System/Library/PrivateFrameworks/Netrb.framework/Versions/A/Netrb
dyld[50228]: <AD6B773C-928B-3658-937B-A77E44BD8F36> /System/Library/PrivateFrameworks/FrontBoardServices.framework/Versions/A/FrontBoardServices
dyld[50228]: <C45F456C-A003-3694-B594-57E6E4F5474A> /usr/lib/libgermantok.dylib
dyld[50228]: <D9E92919-75FB-3FCF-928F-D8DDA620043F> /System/Library/PrivateFrameworks/LinguisticData.framework/Versions/A/LinguisticData
dyld[50228]: <D3493839-8BED-37DA-9F0C-69A8DAB9B7CA> /System/Library/PrivateFrameworks/MultiverseSupport.framework/Versions/A/MultiverseSupport
dyld[50228]: <C2F1D00E-0FCF-33E1-B0C7-55F01E722252> /System/Library/PrivateFrameworks/DiskManagement.framework/Versions/A/DiskManagement
dyld[50228]: <877CC20E-AF88-34EF-A6CF-EF4EA25EC1E9> /System/Library/PrivateFrameworks/AppleIDAuthSupport.framework/Versions/A/AppleIDAuthSupport
dyld[50228]: <F77ECC08-154E-3146-86E8-2AFA80C826F1> /System/Library/PrivateFrameworks/AAAFoundation.framework/Versions/A/AAAFoundation
dyld[50228]: <B57EB163-E704-3457-BA79-678CFAD2A9AC> /System/Library/PrivateFrameworks/KeychainCircle.framework/Versions/A/KeychainCircle
dyld[50228]: <7C3D91FD-94DA-374C-900B-A35E4ECBB018> /System/Library/PrivateFrameworks/URLFormatting.framework/Versions/A/URLFormatting
dyld[50228]: <A6FFE713-DE97-3794-8242-DC40E0748606> /usr/lib/libcsfde.dylib
dyld[50228]: <DAD536DC-2BAD-36D5-9361-4CE05E3438D0> /usr/lib/libCoreStorage.dylib
dyld[50228]: <B3A15621-8607-3F44-A416-3DA23BEBD903> /System/Library/PrivateFrameworks/MediaKit.framework/Versions/A/MediaKit
dyld[50228]: <3066BC53-4BFF-3C80-A6B1-8E53951105B7> /System/Library/Frameworks/DiscRecording.framework/Versions/A/DiscRecording
dyld[50228]: <5EE19AA2-94FE-3EF0-B081-C33417BD061E> /System/Library/PrivateFrameworks/ProtectedCloudStorage.framework/Versions/A/ProtectedCloudStorage
dyld[50228]: <38D6423C-DA83-3BB4-94BA-D150AB9CC75D> /System/Library/PrivateFrameworks/EFILogin.framework/Versions/A/EFILogin
dyld[50228]: <739BDB31-1F19-3A9C-935A-3A162E40C455> /usr/lib/libheimdal-asn1.dylib
dyld[50228]: <7E2F520B-BF0F-3842-8283-20A96D10ED58> /System/Library/PrivateFrameworks/OctagonTrust.framework/Versions/A/OctagonTrust
dyld[50228]: <65C648A5-D720-3ACB-AD5E-93CB7CD5B6F1> /System/Library/Frameworks/AudioUnit.framework/Versions/A/AudioUnit
dyld[50228]: <5F7E4BE7-DBAE-3F0D-B49D-E42E0562ECF8> /System/Library/Frameworks/OpenDirectory.framework/Versions/A/OpenDirectory
dyld[50228]: <3335BD98-F9F8-36DC-954D-5FDF76E740D2> /System/Library/Frameworks/OpenDirectory.framework/Versions/A/Frameworks/CFOpenDirectory.framework/Versions/A/CFOpenDirectory
dyld[50228]: <FCE1E0AA-280C-3004-BD1D-FCCDD09B45D5> /System/Library/PrivateFrameworks/GeoServices.framework/Versions/A/GeoServices
dyld[50228]: <EE811F15-3C53-3EDB-94BC-905FF4DA7954> /System/Library/PrivateFrameworks/LocationSupport.framework/Versions/A/LocationSupport
dyld[50228]: <D8A43EB4-CBFA-366D-91AB-5A57CB2DB25B> /System/Library/PrivateFrameworks/GeoServicesCore.framework/Versions/A/GeoServicesCore
dyld[50228]: <895FADF0-766F-3F7C-8F99-3F62071D0586> /System/Library/PrivateFrameworks/PhoneNumbers.framework/Versions/A/PhoneNumbers
dyld[50228]: <0F835F77-0822-3220-9E7E-AF7F5742B298> /System/Library/PrivateFrameworks/LocationLogEncryption.framework/Versions/A/LocationLogEncryption
dyld[50228]: <AE0139EC-32B4-3EFE-BD29-9492CBCCA2AA> /System/Library/Frameworks/AVFAudio.framework/Versions/A/AVFAudio
dyld[50228]: <FAFA3BBC-A38F-3E30-A0E2-C7EE968C3482> /System/Library/Frameworks/AVRouting.framework/Versions/A/AVRouting
dyld[50228]: <6D4CD063-7FA9-3870-A68E-C9C213E90F44> /usr/lib/libAccessibility.dylib
dyld[50228]: <518A0F09-6508-316F-ACC4-B4582A9C2577> /System/Library/PrivateFrameworks/MediaServices.framework/Versions/A/MediaServices
dyld[50228]: <C0FF6ACB-79E4-3AF6-BEF0-4DB1F4E32E30> /System/Library/PrivateFrameworks/IDS.framework/Versions/A/IDS
dyld[50228]: <3C06358A-8281-31E1-9C47-7AF2E26EB975> /System/Library/PrivateFrameworks/IsolatedCoreAudioClient.framework/Versions/A/IsolatedCoreAudioClient
dyld[50228]: <618983C9-8F89-3E92-95DB-444E6B112D5E> /System/Library/PrivateFrameworks/CoreAudioOrchestration.framework/Versions/A/CoreAudioOrchestration
dyld[50228]: <59F076E2-0FEC-3BE4-A504-5F508A0A8E03> /System/Library/Frameworks/MediaToolbox.framework/Versions/A/MediaToolbox
dyld[50228]: <CDF190F5-581C-3EFA-A914-E93A46B94D4F> /System/Library/PrivateFrameworks/CoreAVCHD.framework/Versions/A/CoreAVCHD
dyld[50228]: <E4E939B2-79AC-3950-B4E3-D494BEA223B6> /System/Library/Frameworks/MediaAccessibility.framework/Versions/A/MediaAccessibility
dyld[50228]: <EB2BAB8D-7EF4-3F1C-9033-B8B4B130AD70> /System/Library/PrivateFrameworks/Mangrove.framework/Versions/A/Mangrove
dyld[50228]: <8E425EA0-B1CA-3C5C-96F7-AEBC155A58B2> /System/Library/PrivateFrameworks/CMPhoto.framework/Versions/A/CMPhoto
dyld[50228]: <8042D800-FB6E-3356-B1DC-418869779DB3> /System/Library/Frameworks/CoreTelephony.framework/Versions/A/CoreTelephony
dyld[50228]: <63070653-82EB-33B0-9925-1EEE21CFCC61> /System/Library/PrivateFrameworks/CoreAUC.framework/Versions/A/CoreAUC
dyld[50228]: <C7C3D70E-B88E-3B70-AB09-C2F222133233> /System/Library/PrivateFrameworks/AppleJPEGXL.framework/Versions/A/AppleJPEGXL
dyld[50228]: <98F18E28-57F9-3F2E-9933-E10A258768EE> /usr/lib/libTelephonyUtilDynamic.dylib
dyld[50228]: <22EA8BB3-F0F6-3A45-85D3-57142615CC13> /System/Library/Frameworks/CryptoKit.framework/Versions/A/CryptoKit
dyld[50228]: <D51D6870-0DF4-3EBE-8E50-B84BD71F96E4> /System/Library/PrivateFrameworks/CryptoKitCBridging.framework/Versions/A/CryptoKitCBridging
dyld[50228]: <1091D5AB-E8D6-3080-B8F1-B8EEEA559F56> /System/Library/Frameworks/CryptoTokenKit.framework/Versions/A/CryptoTokenKit
dyld[50228]: <77FF2C9D-7431-3569-9D77-3E73408A3CB9> /System/Library/Frameworks/LocalAuthentication.framework/Versions/A/LocalAuthentication
dyld[50228]: <A8AA9C35-58F8-3DE2-B57E-837BFAB62678> /System/Library/PrivateFrameworks/LocalAuthenticationCore.framework/Versions/A/LocalAuthenticationCore
dyld[50228]: <E8F89C46-7F15-3516-AC7C-BD734FCC6993> /System/Library/PrivateFrameworks/LocalAuthenticationCredentialServices.framework/Versions/A/LocalAuthenticationCredentialServices
dyld[50228]: <0C689EAA-E010-32DF-8313-E735948C2C1F> /System/Library/Frameworks/LocalAuthentication.framework/Support/SharedUtils.framework/Versions/A/SharedUtils
dyld[50228]: <21B8DFC2-5445-3DB7-A240-8898BD6D0335> /System/Library/PrivateFrameworks/PersistentConnection.framework/Versions/A/PersistentConnection
dyld[50228]: <15F2ADCE-8DD5-34C5-9950-EAD761CD0F43> /System/Library/PrivateFrameworks/SonicFoundation.framework/Versions/A/SonicFoundation
dyld[50228]: <E032FE73-53AA-373C-A762-4899BEBC470E> /System/Library/PrivateFrameworks/AsyncAlgorithmsInternal.framework/Versions/A/AsyncAlgorithmsInternal
dyld[50228]: <E258B361-D80C-3CC5-B417-7A78DB610AB7> /System/Library/PrivateFrameworks/FTAWD.framework/Versions/A/FTAWD
dyld[50228]: <5F1E6331-9ADF-307B-991F-922ED514D768> /System/Library/PrivateFrameworks/Dendrite.framework/Versions/A/Dendrite
dyld[50228]: <3491E886-8D4F-3A2A-A4CA-35BC079D91A7> /usr/lib/libtailspin.dylib
dyld[50228]: <79BD1154-6155-3251-8CB9-D2CFF54211E9> /System/Library/PrivateFrameworks/Osprey.framework/Versions/A/Osprey
dyld[50228]: <95DB1391-1609-3CA9-844E-97F65977EE5F> /System/Library/PrivateFrameworks/SiriTTS.framework/Versions/A/SiriTTS
dyld[50228]: <361FADC3-0D0E-3C2A-B263-8EB273392581> /System/Library/Frameworks/NaturalLanguage.framework/Versions/A/NaturalLanguage
dyld[50228]: <F5373459-93F9-3FFC-9A33-83B36F7436D7> /System/Library/PrivateFrameworks/GenerativeModels.framework/Versions/A/GenerativeModels
dyld[50228]: <BE5C4D6E-8285-350A-92B8-E55BF87FC008> /System/Library/PrivateFrameworks/SiriPowerInstrumentation.framework/Versions/A/SiriPowerInstrumentation
dyld[50228]: <32AB0FBF-AD5E-32C4-ABE8-4C6D522D928D> /usr/lib/swift/libswiftNaturalLanguage.dylib
dyld[50228]: <0EF0E9D6-A7CF-3BF0-BA1A-E4B62B089FE7> /System/Library/PrivateFrameworks/TailspinSymbolication.framework/Versions/A/TailspinSymbolication
dyld[50228]: <AC2C88AA-EAD2-3B73-B28C-923676ACD5CE> /System/Library/PrivateFrameworks/Darwinup.framework/Versions/A/Darwinup
dyld[50228]: <2D70CA46-5DFC-3597-9D1E-B3D67222EA90> /System/Library/PrivateFrameworks/SignpostSupport.framework/Versions/A/SignpostSupport
dyld[50228]: <982FCC35-02E9-334B-B16F-C394A4D3030D> /System/Library/PrivateFrameworks/FeatureFlagsSupport.framework/Versions/A/FeatureFlagsSupport
dyld[50228]: <64710074-2E58-3589-BA97-5AF6DFAC4EF9> /System/Library/PrivateFrameworks/ktrace.framework/Versions/A/ktrace
dyld[50228]: <6C466235-6A6E-336F-B64D-6A176B4901D8> /System/Library/PrivateFrameworks/SampleAnalysis.framework/Versions/A/SampleAnalysis
dyld[50228]: <BB91A103-3955-376C-B620-ACB354F629F7> /System/Library/PrivateFrameworks/kperfdata.framework/Versions/A/kperfdata
dyld[50228]: <D73F3A87-2B5B-3A62-82BD-3EA9B8864F60> /usr/lib/libdscsym.dylib
dyld[50228]: <34996EFC-118C-3BC5-8CBC-BAFF4EA005EE> /System/Library/PrivateFrameworks/AppleMobileFileIntegrity.framework/Versions/A/AppleMobileFileIntegrity
dyld[50228]: <294BEE33-EB78-3C9F-8B49-F6578E1FAEEC> /System/Library/PrivateFrameworks/BulkSymbolication.framework/Versions/A/BulkSymbolication
dyld[50228]: <E8A7564E-61D7-3E10-ADBE-8EB212A6BB9F> /usr/lib/libTLE.dylib
dyld[50228]: <2CD960E7-452C-3C36-838E-DADAA5B6C626> /usr/lib/libmis.dylib
dyld[50228]: <FBD3DC5C-6252-314A-9C12-4F77C50DD94A> /System/Library/PrivateFrameworks/ConfigProfileHelper.framework/Versions/A/ConfigProfileHelper
dyld[50228]: <47F8DAB7-3FC7-3D80-B4CF-2728A8602000> /System/Library/PrivateFrameworks/Espresso.framework/Versions/A/Espresso
dyld[50228]: <EC6D7756-43B6-3E8F-BF2C-D97ECAAF2FEF> /System/Library/Frameworks/CoreML.framework/Versions/A/CoreML
dyld[50228]: <14B48684-3D8B-3FD7-9578-9508758D2A69> /usr/lib/libedit.3.dylib
dyld[50228]: <934EE498-0657-36B5-AD04-7C6F15D768CF> /System/Library/PrivateFrameworks/ANECompiler.framework/Versions/A/ANECompiler
dyld[50228]: <EC64F960-903B-34DE-915F-463FF4E15C47> /System/Library/PrivateFrameworks/AppleNeuralEngine.framework/Versions/A/AppleNeuralEngine
dyld[50228]: <AE042F88-F861-30B9-85DF-B5A808DF3B96> /System/Library/PrivateFrameworks/MIL.framework/Versions/A/MIL
dyld[50228]: <0AB7E6D1-1EF1-3BF1-8487-5DBE6D392A28> /System/Library/Frameworks/MetalPerformanceShadersGraph.framework/Versions/A/MetalPerformanceShadersGraph
dyld[50228]: <A8FBB5D6-FCBA-3563-A47B-71113A53F23B> /System/Library/PrivateFrameworks/MLCompilerServices.framework/Versions/A/MLCompilerServices
dyld[50228]: <260A8F01-CEC2-3B3E-ABF5-CC46734C23BB> /System/Library/PrivateFrameworks/ANEServices.framework/Versions/A/ANEServices
dyld[50228]: <FA09099A-F6BE-3E5D-976D-5D7FF7EB153C> /usr/lib/libncurses.5.4.dylib
dyld[50228]: <99012E61-B039-36D9-A2AA-3F05929C8DD8> /usr/lib/libsandbox.1.dylib
dyld[50228]: <324806B5-4995-3A6F-981D-8CCE310ABCC7> /usr/lib/libMatch.1.dylib
dyld[50228]: <03CCE6D4-1402-353E-BE4D-F20E07E0B01D> /System/Library/PrivateFrameworks/ODIE.framework/Versions/A/ODIE
dyld[50228]: <8811C765-D95F-3E40-81A1-C7A8BB6AE5EC> /System/Library/PrivateFrameworks/MLModelAsset.framework/Versions/A/MLModelAsset
dyld[50228]: <9EB1F900-B76D-3793-8E5F-2310BE52C58F> /System/Library/PrivateFrameworks/MLCompilerRuntime.framework/Versions/A/MLCompilerRuntime
dyld[50228]: <521CAB8B-6323-3961-A886-7351232179EF> /System/Library/Frameworks/MLCompute.framework/Versions/A/MLCompute
dyld[50228]: <A9E34A44-9E78-3880-80C5-FA284EFDDACE> /System/Library/PrivateFrameworks/MLAssetIO.framework/Versions/A/MLAssetIO
dyld[50228]: <8D13BE34-B127-3D05-AD5A-F18D6FC37816> /usr/lib/swift/libswiftMLCompute.dylib
dyld[50228]: <6F460166-4FDB-38D4-907F-4F8003393CC1> /System/Library/PrivateFrameworks/AVFCore.framework/Versions/A/AVFCore
dyld[50228]: <1E16F4EC-2C48-3FD4-A898-58C4C1624351> /System/Library/PrivateFrameworks/AVFCapture.framework/Versions/A/AVFCapture
dyld[50228]: <7882FA98-7746-3B4B-82FC-588980C40F27> /System/Library/PrivateFrameworks/CMImaging.framework/Versions/A/CMImaging
dyld[50228]: <ED743625-1C3D-3531-8C76-4FD7F8DAEFCA> /System/Library/PrivateFrameworks/Quagga.framework/Versions/A/Quagga
dyld[50228]: <F6536223-1537-382C-B9F0-4FE444B101A1> /System/Library/PrivateFrameworks/CMCapture.framework/Versions/A/CMCapture
dyld[50228]: <B84247B4-9629-36EE-B778-7C97D089BCAC> /System/Library/Frameworks/CoreMediaIO.framework/Versions/A/CoreMediaIO
dyld[50228]: <CB5FAE1D-4753-3FF7-B96F-31740ABFAF69> /System/Library/PrivateFrameworks/CMCaptureDevice.framework/Versions/A/CMCaptureDevice
dyld[50228]: <7084AD73-38CC-3C09-986F-2FF5214649AC> /System/Library/PrivateFrameworks/CoreBrightness.framework/Versions/A/CoreBrightness
dyld[50228]: <A2D7E6D0-DFFA-3DF0-BC89-856AF7092E62> /System/Library/PrivateFrameworks/CinematicFraming.framework/Versions/A/CinematicFraming
dyld[50228]: <33CBFC96-62F6-3F1B-93D1-2E750F12C8D8> /System/Library/PrivateFrameworks/ModelManagerServices.framework/Versions/A/ModelManagerServices
dyld[50228]: <E1C8AE11-69E7-3AB7-86D1-08F8C2E58E6D> /System/Library/PrivateFrameworks/CPMS.framework/Versions/A/CPMS
dyld[50228]: <185142A6-1261-349D-9FE9-B32881E3D6FD> /System/Library/PrivateFrameworks/SystemStatus.framework/Versions/A/SystemStatus
dyld[50228]: <35484272-1BA4-385E-9344-68FA1E59177E> /System/Library/Frameworks/CoreMotion.framework/Versions/A/CoreMotion
dyld[50228]: <FD70FFE8-A457-3D27-B756-1C3B1FEF1EE2> /System/Library/PrivateFrameworks/TimeSync.framework/Versions/A/TimeSync
dyld[50228]: <349F2D22-CDF5-318C-9165-F2C6AE8E6985> /System/Library/PrivateFrameworks/DistributedSensing.framework/Versions/A/DistributedSensing
dyld[50228]: <1B8F1F39-0E06-3C99-A572-BE909D39D12A> /System/Library/PrivateFrameworks/MobileBluetooth.framework/Versions/A/MobileBluetooth
dyld[50228]: <CED906C3-8069-3CCA-BCEC-48BFCEFBB663> /System/Library/PrivateFrameworks/IOKitten.framework/Versions/A/IOKitten
dyld[50228]: <870EFF99-5053-343E-AE06-2E08A577AB99> /System/Library/PrivateFrameworks/AppleIntelligenceReporting.framework/Versions/A/AppleIntelligenceReporting
dyld[50228]: <63134068-067F-3491-9A1A-A56F27064C50> /System/Library/PrivateFrameworks/CoreEmoji.framework/Versions/A/CoreEmoji
dyld[50228]: <873D36B8-2B8A-36DA-9180-E4299BB87E58> /usr/lib/libCRFSuite.dylib
dyld[50228]: <A96246C5-B282-34DB-B2F5-9A17136C898A> /System/Library/PrivateFrameworks/LanguageModeling.framework/Versions/A/LanguageModeling
dyld[50228]: <E5D0F20E-BE93-3344-8DC3-2BCD4FEBCA52> /System/Library/PrivateFrameworks/CoreNLP.framework/Versions/A/CoreNLP
dyld[50228]: <E5DCCF51-ABD0-3463-9720-FB6B61EBDA62> /System/Library/PrivateFrameworks/Montreal.framework/Versions/A/Montreal
dyld[50228]: <16A2834C-0512-3AA7-B5B1-5BAF09A4992C> /usr/lib/libcmph.dylib
dyld[50228]: <BF02041A-D8D9-3A87-B261-817F969F1BA7> /usr/lib/libmecab.dylib
dyld[50228]: <A6A863B9-195F-3CD9-83E6-6C4A7294D025> /usr/lib/libThaiTokenizer.dylib
dyld[50228]: <B5796923-83BC-3524-BAC4-D9365655112C> /System/Library/PrivateFrameworks/GenerativeModelsFoundation.framework/Versions/A/GenerativeModelsFoundation
dyld[50228]: <93CA301B-9863-30D7-8D73-83A861068656> /System/Library/PrivateFrameworks/TokenGeneration.framework/Versions/A/TokenGeneration
dyld[50228]: <FFB7262E-7563-3AEA-A6FD-93A9B90A3605> /System/Library/PrivateFrameworks/GenerativeFunctions.framework/Versions/A/GenerativeFunctions
dyld[50228]: <2C7828AF-D838-39BC-AA38-1AFC7679C359> /System/Library/PrivateFrameworks/GenerativeFunctionsFoundation.framework/Versions/A/GenerativeFunctionsFoundation
dyld[50228]: <7572C842-E346-397E-9D85-66CDFC633348> /System/Library/PrivateFrameworks/ModelCatalog.framework/Versions/A/ModelCatalog
dyld[50228]: <976B9E3C-0775-3DBC-9ABB-2BB2CFF04BB1> /System/Library/PrivateFrameworks/SensitiveContentAnalysisML.framework/Versions/A/SensitiveContentAnalysisML
dyld[50228]: <B016BAF5-B2D7-31BF-B037-5309D11B9CE7> /System/Library/PrivateFrameworks/GenerativeFunctionsInstrumentation.framework/Versions/A/GenerativeFunctionsInstrumentation
dyld[50228]: <A5728B97-7120-32A2-AE57-3E89CBA11263> /System/Library/PrivateFrameworks/PromptKit.framework/Versions/A/PromptKit
dyld[50228]: <5F383DC7-FACF-3817-A9A7-FC875F20C735> /System/Library/PrivateFrameworks/ProactiveDaemonSupport.framework/Versions/A/ProactiveDaemonSupport
dyld[50228]: <B3AD55E2-1823-3220-B9C1-8C528979321D> /System/Library/PrivateFrameworks/TokenGenerationCore.framework/Versions/A/TokenGenerationCore
dyld[50228]: <E3CF5247-D64E-38C1-BF2F-B6D68A5A8AA3> /System/Library/PrivateFrameworks/Trial.framework/Versions/A/Trial
dyld[50228]: <C7663C2C-A738-345E-84DE-61B6FA8881BC> /System/Library/PrivateFrameworks/TrialProto.framework/Versions/A/TrialProto
dyld[50228]: <39CF02FF-2680-398A-A76C-717FED43CC55> /System/Library/PrivateFrameworks/AppleFlatBuffers.framework/Versions/A/AppleFlatBuffers
dyld[50228]: <C54CC0E3-1449-31F7-B343-DC81B650E529> /System/Library/PrivateFrameworks/SentencePieceInternal.framework/Versions/A/SentencePieceInternal
dyld[50228]: <A2608FDB-7539-33BD-8CCD-9E892F1C84EC> /System/Library/Frameworks/Vision.framework/Versions/A/Vision
dyld[50228]: <7CD15944-9AC5-30B4-A3BD-3241F67FDBEE> /System/Library/PrivateFrameworks/CoreSceneUnderstanding.framework/Versions/A/CoreSceneUnderstanding
dyld[50228]: <5401618B-C6BC-30D8-8187-100CA3C08AFE> /System/Library/PrivateFrameworks/VisionCore.framework/Versions/A/VisionCore
dyld[50228]: <23FA2B3D-D793-3FCD-82E7-97ED8C7910D4> /System/Library/PrivateFrameworks/DataDetectorsCore.framework/Versions/A/DataDetectorsCore
dyld[50228]: <CDCB612E-DDA7-32FA-B02F-219D40978476> /System/Library/Frameworks/Vision.framework/libfaceCore.dylib
dyld[50228]: <50B8FD24-DDC5-37B0-BD37-9A261B9E08ED> /System/Library/PrivateFrameworks/Futhark.framework/Versions/A/Futhark
dyld[50228]: <18712345-CF12-3440-865D-98D14623C0F4> /System/Library/PrivateFrameworks/InertiaCam.framework/Versions/A/InertiaCam
dyld[50228]: <0FA07A6F-6D74-3028-A8C4-039ED1C8A3F4> /System/Library/PrivateFrameworks/TextRecognition.framework/Versions/A/TextRecognition
dyld[50228]: <6EB2CD3F-E8CB-398B-9EC2-2E8103C9BC41> /System/Library/Frameworks/DataDetection.framework/Versions/A/DataDetection
dyld[50228]: <D736F58D-8BB3-3E66-A0ED-5AECB9043689> /System/Library/PrivateFrameworks/TextInput.framework/Versions/A/TextInput
dyld[50228]: <970C794C-CE06-3499-B8AE-4A39A48EFFFA> /System/Library/PrivateFrameworks/CVNLP.framework/Versions/A/CVNLP
dyld[50228]: <354739A5-D7D9-3454-BF2C-69C2FC7A3276> /System/Library/PrivateFrameworks/IntentsFoundation.framework/Versions/A/IntentsFoundation
dyld[50228]: <60963898-F697-3278-AF1C-96A268940A27> /System/Library/PrivateFrameworks/HIDDisplay.framework/Versions/A/HIDDisplay
dyld[50228]: <4F05B60B-F726-314D-9DA5-8F898B98E29E> /usr/lib/libcups.2.dylib
dyld[50228]: <61045540-CEE5-3987-AE84-241941A23E70> /System/Library/Frameworks/Kerberos.framework/Versions/A/Kerberos
dyld[50228]: <002A6291-6D59-320A-8F15-133FDC398A21> /usr/lib/libresolv.9.dylib
dyld[50228]: <9E1A9783-490E-3187-90B8-3749D6602399> /System/Library/PrivateFrameworks/Heimdal.framework/Versions/A/Heimdal
dyld[50228]: <CA1B9BC6-607E-30F0-954F-DA020D8778EC> /System/Library/Frameworks/Kerberos.framework/Versions/A/Libraries/libHeimdalProxy.dylib
dyld[50228]: <BF2E9C5E-CBB3-3228-8402-1BF55FD9765E> /System/Library/PrivateFrameworks/CommonAuth.framework/Versions/A/CommonAuth
dyld[50228]: <168B96FC-73D0-33AA-AEC9-59FDAD9AF3EC> /System/Library/PrivateFrameworks/AXCoreUtilities.framework/Versions/A/AXCoreUtilities
dyld[50228]: <C577E7DD-50FE-3BD0-8AED-CD244623F3BB> /System/Library/PrivateFrameworks/AttributeGraph.framework/Versions/A/AttributeGraph
dyld[50228]: <2803CABF-3518-3297-AEC2-3475E1941344> /usr/lib/libAXSafeCategoryBundle.dylib
dyld[50228]: <C6658004-6BF1-3491-9152-AA786701170B> /System/Library/Frameworks/TabularData.framework/Versions/A/TabularData
dyld[50228]: <B96E0C60-8E4F-3AD0-8C30-634A1C13BA0C> /System/Library/PrivateFrameworks/ArgumentParserInternal.framework/Versions/A/ArgumentParserInternal
dyld[50228]: <B98FEB65-21F7-307A-95FA-B36B80C018AA> /System/Library/Frameworks/Accelerate.framework/Versions/A/Frameworks/vecLib.framework/Versions/A/libvDSP.dylib
dyld[50228]: <A74A12EE-0D49-30AA-B403-35497BC18889> /System/Library/Frameworks/Accelerate.framework/Versions/A/Frameworks/vecLib.framework/Versions/A/libLAPACK.dylib
dyld[50228]: <676371DF-AF18-3EB9-9D7F-E6C1195FA25F> /System/Library/Frameworks/Accelerate.framework/Versions/A/Frameworks/vecLib.framework/Versions/A/libLinearAlgebra.dylib
dyld[50228]: <1E50E208-E26B-33E1-8425-0325EB493980> /System/Library/Frameworks/Accelerate.framework/Versions/A/Frameworks/vecLib.framework/Versions/A/libSparseBLAS.dylib
dyld[50228]: <F9902EDE-5AED-3BCF-BAAD-5CD302E20A6B> /System/Library/Frameworks/Accelerate.framework/Versions/A/Frameworks/vecLib.framework/Versions/A/libQuadrature.dylib
dyld[50228]: <DF22E2F1-49E8-3752-8B7C-ACED037C7E75> /System/Library/Frameworks/Accelerate.framework/Versions/A/Frameworks/vecLib.framework/Versions/A/libBNNS.dylib
dyld[50228]: <2359C0FC-462A-3ED6-96C9-95691B1201FB> /System/Library/Frameworks/Accelerate.framework/Versions/A/Frameworks/vecLib.framework/Versions/A/libSparse.dylib
dyld[50228]: <62BCC76E-4A5B-32CB-AEAD-7A701B4D8FEB> /System/Library/PrivateFrameworks/ApplePushService.framework/Versions/A/ApplePushService
dyld[50228]: <92C75109-6A8E-36AD-8520-85C0072419F5> /System/Library/Frameworks/CloudKit.framework/Versions/A/CloudKit
dyld[50228]: <1709E1F2-4546-3708-BF2F-607644960E77> /System/Library/PrivateFrameworks/CoreDuetDaemonProtocol.framework/Versions/A/CoreDuetDaemonProtocol
dyld[50228]: <293825F0-D85F-386A-BC5E-228DEF646C48> /System/Library/PrivateFrameworks/DeviceIdentity.framework/Versions/A/DeviceIdentity
dyld[50228]: <0CD7A862-6A86-3881-945F-F450CF86AD7B> /System/Library/Frameworks/SharedWithYouCore.framework/Versions/A/SharedWithYouCore
dyld[50228]: <2D4A13EB-A04D-3D4B-8837-F65CFD087FFD> /System/Library/PrivateFrameworks/CloudTelemetry.framework/Versions/A/CloudTelemetry
dyld[50228]: <B3A35BC4-184F-3269-8E8B-4E040F0CC07A> /System/Library/PrivateFrameworks/AppleAccount.framework/Versions/A/AppleAccount
dyld[50228]: <DB4DD7CC-6364-3D9F-85F3-A2C277660FF9> /System/Library/PrivateFrameworks/C2.framework/Versions/A/C2
dyld[50228]: <3F20D2EE-E948-3589-9AB8-112FE2F4453C> /System/Library/PrivateFrameworks/CloudCoreInternal.framework/Versions/A/CloudCoreInternal
dyld[50228]: <BCD7A3A4-BDD4-3784-8494-AD99C6EE5D13> /System/Library/PrivateFrameworks/CloudAsset.framework/Versions/A/CloudAsset
dyld[50228]: <BFD030A6-1326-38FB-B0EB-8D27524A42A0> /System/Library/Frameworks/PushKit.framework/Versions/A/PushKit
dyld[50228]: <AA4FF152-90BC-3DDA-B2C7-1F9FC4EAF34A> /System/Library/Frameworks/CoreTransferable.framework/Versions/A/CoreTransferable
dyld[50228]: <D04A8DDE-644C-3B4F-805E-AB87B200A8C1> /System/Library/PrivateFrameworks/NetAuth.framework/Versions/A/NetAuth
dyld[50228]: <39085810-317C-3ABB-B56D-833012AB10C7> /System/Library/PrivateFrameworks/login.framework/Versions/A/Frameworks/loginsupport.framework/Versions/A/loginsupport
dyld[50228]: <539887F2-240F-35B6-8D7E-843E978F9628> /System/Library/PrivateFrameworks/CloudTelemetryTools.framework/Versions/A/CloudTelemetryTools
dyld[50228]: <296196ED-7D51-3F23-9465-20D5A91B2D50> /System/Library/PrivateFrameworks/CloudTelemetryShared.dylib
dyld[50228]: <D3CF18E3-7827-30B3-965B-A4485DA7C23F> /System/Library/PrivateFrameworks/RTCReporting.framework/Versions/A/RTCReporting
dyld[50228]: <D8582DB7-DA40-31BC-A95D-CC8E339D2BCD> /System/Library/PrivateFrameworks/AAAFoundationSwift.framework/Versions/A/AAAFoundationSwift
dyld[50228]: <FB48D6CB-73FA-355B-BF6A-6D153114DE68> /System/Library/PrivateFrameworks/AppleIDSSOAuthentication.framework/Versions/A/AppleIDSSOAuthentication
dyld[50228]: <4B6D1FE0-027A-3385-B141-98A83B011A63> /System/Library/PrivateFrameworks/UIFoundation.framework/Versions/A/UIFoundation
dyld[50228]: <B733B674-40D5-3401-8528-DBA6C21783E0> /System/Library/PrivateFrameworks/CaptiveNetwork.framework/Versions/A/CaptiveNetwork
dyld[50228]: <99C447D4-CCDB-3749-AE45-65AE21CD190D> /System/Library/PrivateFrameworks/EAP8021X.framework/Versions/A/EAP8021X
dyld[50228]: <63026EBD-B261-34DF-BF5A-78B6D4157A91> /System/Library/PrivateFrameworks/CryptoKitPrivate.framework/Versions/A/CryptoKitPrivate
dyld[50228]: <E53845CD-DEDE-3BA3-942C-C8E836B28ADA> /System/Library/PrivateFrameworks/FindMyDevice.framework/Versions/A/FindMyDevice
dyld[50228]: <6A3A31E9-A838-31C1-90BD-598450802937> /System/Library/PrivateFrameworks/FMCoreLite.framework/Versions/A/FMCoreLite
dyld[50228]: <4EA70639-13CF-3078-B021-F017246C2FD8> /System/Library/Frameworks/ServiceManagement.framework/Versions/A/ServiceManagement
dyld[50228]: <A873D376-4A28-389E-A479-159368FA8677> /usr/lib/libCheckFix.dylib
dyld[50228]: <F2998DC5-E89D-3DC5-BC7C-B3AF717FDBC5> /System/Library/PrivateFrameworks/MetadataUtilities.framework/Versions/A/MetadataUtilities
dyld[50228]: <66AB0BE2-8C55-3E6A-A448-3FC7C5994DFA> /System/Library/PrivateFrameworks/InstalledContentLibrary.framework/Versions/A/InstalledContentLibrary
dyld[50228]: <1DCC6A9C-1FBC-3490-9D65-A4025E556FB0> /System/Library/PrivateFrameworks/CoreServicesStore.framework/Versions/A/CoreServicesStore
dyld[50228]: <8AE2A6D2-B312-36E9-8502-794BC2B1A538> /usr/lib/libapp_launch_measurement.dylib
dyld[50228]: <33D7F953-EC70-3D6C-A82F-780FC8DF3C30> /System/Library/PrivateFrameworks/MobileSystemServices.framework/Versions/A/MobileSystemServices
dyld[50228]: <3B0DF292-9C49-3AF0-A41F-A38066B43AC3> /usr/lib/libxslt.1.dylib
dyld[50228]: <C2ACE084-54F8-3A3A-AFE2-7383EEA19575> /System/Library/PrivateFrameworks/BackgroundTaskManagement.framework/Versions/A/BackgroundTaskManagement
dyld[50228]: <BBD15412-BA25-3FD3-ABF0-B7D6671A8CC4> /usr/lib/libcurl.4.dylib
dyld[50228]: <9CCBAEEB-F98B-33E5-A1D7-38F21A482DC4> /usr/lib/libcrypto.46.dylib
dyld[50228]: <F4261C66-E338-36AC-BB6B-88251E272384> /usr/lib/libssl.48.dylib
dyld[50228]: <6E9C38D1-E1F8-3076-BE56-AE8B50E59F46> /System/Library/Frameworks/LDAP.framework/Versions/A/LDAP
dyld[50228]: <BA45BC5B-411C-3A7C-8877-385ED817C54E> /System/Library/PrivateFrameworks/TrustEvaluationAgent.framework/Versions/A/TrustEvaluationAgent
dyld[50228]: <10CC737F-5D50-3958-BCE8-204495456ADB> /usr/lib/libsasl2.2.dylib
dyld[50228]: <994B5DBF-0B7F-34B7-B14C-454EDDED6D63> /System/Library/Frameworks/OpenCL.framework/Versions/A/OpenCL
dyld[50228]: move loaded to delayed: XPCSupport
dyld[50228]: move loaded to delayed: libcmark-gfm.dylib
dyld[50228]: move loaded to delayed: GenerationalStorage
dyld[50228]: move loaded to delayed: CacheDelete
dyld[50228]: move loaded to delayed: QuickLookThumbnailing
dyld[50228]: move loaded to delayed: FileProvider
dyld[50228]: move loaded to delayed: DesktopServicesPriv
dyld[50228]: move loaded to delayed: Accounts
dyld[50228]: move loaded to delayed: AOSKit
dyld[50228]: move loaded to delayed: AppSSOCore
dyld[50228]: move loaded to delayed: AVFoundation
dyld[50228]: move loaded to delayed: BackgroundSystemTasks
dyld[50228]: move loaded to delayed: DuetActivityScheduler
dyld[50228]: move loaded to delayed: FTServices
dyld[50228]: move loaded to delayed: InternationalSupport
dyld[50228]: move loaded to delayed: libMemoryResourceException.dylib
dyld[50228]: move loaded to delayed: NetworkScore
dyld[50228]: move loaded to delayed: NetworkServiceProxy
dyld[50228]: move loaded to delayed: StreamingExtractor
dyld[50228]: move loaded to delayed: SymptomReporter
dyld[50228]: move loaded to delayed: libnetworkextension.dylib
dyld[50228]: move loaded to delayed: CloudServices
dyld[50228]: move loaded to delayed: CoreWiFi
dyld[50228]: move loaded to delayed: Rapport
dyld[50228]: move loaded to delayed: SymptomAnalytics
dyld[50228]: move loaded to delayed: libcupolicy.dylib
dyld[50228]: move loaded to delayed: NetworkExtension
dyld[50228]: move loaded to delayed: libnwswifttls.dylib
dyld[50228]: move loaded to delayed: libpcap.A.dylib
dyld[50228]: move loaded to delayed: CoreDuetContext
dyld[50228]: move loaded to delayed: CoreDuet
dyld[50228]: move loaded to delayed: CoreLocation
dyld[50228]: move loaded to delayed: Intents
dyld[50228]: move loaded to delayed: _LocationEssentials
dyld[50228]: move loaded to delayed: libCGInterfaces.dylib
dyld[50228]: move loaded to delayed: AccelerateGPU
dyld[50228]: move loaded to delayed: ApplicationServices
dyld[50228]: move loaded to delayed: ATS
dyld[50228]: move loaded to delayed: HIServices
dyld[50228]: move loaded to delayed: PrintCore
dyld[50228]: move loaded to delayed: QD
dyld[50228]: move loaded to delayed: ColorSyncLegacy
dyld[50228]: move loaded to delayed: SpeechSynthesis
dyld[50228]: move loaded to delayed: AudioDSPGraph
dyld[50228]: move loaded to delayed: IconServices
dyld[50228]: move loaded to delayed: IconFoundation
dyld[50228]: move loaded to delayed: AssistantServices
dyld[50228]: move loaded to delayed: IconRendering
dyld[50228]: move loaded to delayed: CoreUI
dyld[50228]: move loaded to delayed: SFSymbols
dyld[50228]: move loaded to delayed: DeveloperToolsSupport
dyld[50228]: move loaded to delayed: RenderBox
dyld[50228]: move loaded to delayed: CoreSVG
dyld[50228]: move loaded to delayed: TextureIO
dyld[50228]: move loaded to delayed: libswiftCoreImage.dylib
dyld[50228]: move loaded to delayed: ATSUI
dyld[50228]: move loaded to delayed: SAObjects
dyld[50228]: move loaded to delayed: MediaRemote
dyld[50228]: move loaded to delayed: UserNotifications
dyld[50228]: move loaded to delayed: SiriInstrumentation
dyld[50228]: move loaded to delayed: SiriAnalytics
dyld[50228]: move loaded to delayed: SiriTTSService
dyld[50228]: move loaded to delayed: SiriCrossDeviceArbitration
dyld[50228]: move loaded to delayed: FeedbackLogger
dyld[50228]: move loaded to delayed: FaceTimeNameUtility
dyld[50228]: move loaded to delayed: AuthKit
dyld[50228]: move loaded to delayed: SiriCrossDeviceArbitrationFeedback
dyld[50228]: move loaded to delayed: libswiftCoreLocation.dylib
dyld[50228]: move loaded to delayed: libswiftAVFoundation.dylib
dyld[50228]: move loaded to delayed: UIKitServices
dyld[50228]: move loaded to delayed: UnifiedAssetFramework
dyld[50228]: move loaded to delayed: AudioAccessoryServices
dyld[50228]: move loaded to delayed: CoreBluetooth
dyld[50228]: move loaded to delayed: CoreUtils
dyld[50228]: move loaded to delayed: Sharing
dyld[50228]: move loaded to delayed: CoreUtilsExtras
dyld[50228]: move loaded to delayed: IO80211
dyld[50228]: move loaded to delayed: IDSFoundation
dyld[50228]: move loaded to delayed: Apple80211
dyld[50228]: move loaded to delayed: CoreWLAN
dyld[50228]: move loaded to delayed: IOBluetooth
dyld[50228]: move loaded to delayed: libswiftRegexBuilder.dylib
dyld[50228]: move loaded to delayed: IMFoundation
dyld[50228]: move loaded to delayed: Marco
dyld[50228]: move loaded to delayed: CommonUtilities
dyld[50228]: move loaded to delayed: Engram
dyld[50228]: move loaded to delayed: XPCDistributed
dyld[50228]: move loaded to delayed: libtidy.A.dylib
dyld[50228]: move loaded to delayed: Bom
dyld[50228]: move loaded to delayed: libParallelCompression.dylib
dyld[50228]: move loaded to delayed: libIOReport.dylib
dyld[50228]: move loaded to delayed: WiFiPeerToPeer
dyld[50228]: move loaded to delayed: Centauri
dyld[50228]: move loaded to delayed: libmrc.dylib
dyld[50228]: move loaded to delayed: IPConfiguration
dyld[50228]: move loaded to delayed: Netrb
dyld[50228]: move loaded to delayed: FrontBoardServices
dyld[50228]: move loaded to delayed: MultiverseSupport
dyld[50228]: move loaded to delayed: DiskManagement
dyld[50228]: move loaded to delayed: AppleIDAuthSupport
dyld[50228]: move loaded to delayed: AAAFoundation
dyld[50228]: move loaded to delayed: KeychainCircle
dyld[50228]: move loaded to delayed: URLFormatting
dyld[50228]: move loaded to delayed: libcsfde.dylib
dyld[50228]: move loaded to delayed: libCoreStorage.dylib
dyld[50228]: move loaded to delayed: ProtectedCloudStorage
dyld[50228]: move loaded to delayed: EFILogin
dyld[50228]: move loaded to delayed: OctagonTrust
dyld[50228]: move loaded to delayed: AudioUnit
dyld[50228]: move loaded to delayed: GeoServices
dyld[50228]: move loaded to delayed: LocationSupport
dyld[50228]: move loaded to delayed: GeoServicesCore
dyld[50228]: move loaded to delayed: PhoneNumbers
dyld[50228]: move loaded to delayed: LocationLogEncryption
dyld[50228]: move loaded to delayed: AVFAudio
dyld[50228]: move loaded to delayed: AVRouting
dyld[50228]: move loaded to delayed: libAccessibility.dylib
dyld[50228]: move loaded to delayed: MediaServices
dyld[50228]: move loaded to delayed: IDS
dyld[50228]: move loaded to delayed: IsolatedCoreAudioClient
dyld[50228]: move loaded to delayed: CoreAudioOrchestration
dyld[50228]: move loaded to delayed: MediaToolbox
dyld[50228]: move loaded to delayed: CoreAVCHD
dyld[50228]: move loaded to delayed: MediaAccessibility
dyld[50228]: move loaded to delayed: Mangrove
dyld[50228]: move loaded to delayed: CMPhoto
dyld[50228]: move loaded to delayed: CoreTelephony
dyld[50228]: move loaded to delayed: CoreAUC
dyld[50228]: move loaded to delayed: AppleJPEGXL
dyld[50228]: move loaded to delayed: libTelephonyUtilDynamic.dylib
dyld[50228]: move loaded to delayed: CryptoKit
dyld[50228]: move loaded to delayed: CryptoKitCBridging
dyld[50228]: move loaded to delayed: CryptoTokenKit
dyld[50228]: move loaded to delayed: LocalAuthentication
dyld[50228]: move loaded to delayed: LocalAuthenticationCore
dyld[50228]: move loaded to delayed: LocalAuthenticationCredentialServices
dyld[50228]: move loaded to delayed: SharedUtils
dyld[50228]: move loaded to delayed: PersistentConnection
dyld[50228]: move loaded to delayed: SonicFoundation
dyld[50228]: move loaded to delayed: AsyncAlgorithmsInternal
dyld[50228]: move loaded to delayed: FTAWD
dyld[50228]: move loaded to delayed: Dendrite
dyld[50228]: move loaded to delayed: libtailspin.dylib
dyld[50228]: move loaded to delayed: Osprey
dyld[50228]: move loaded to delayed: SiriTTS
dyld[50228]: move loaded to delayed: NaturalLanguage
dyld[50228]: move loaded to delayed: GenerativeModels
dyld[50228]: move loaded to delayed: SiriPowerInstrumentation
dyld[50228]: move loaded to delayed: libswiftNaturalLanguage.dylib
dyld[50228]: move loaded to delayed: TailspinSymbolication
dyld[50228]: move loaded to delayed: Darwinup
dyld[50228]: move loaded to delayed: SignpostSupport
dyld[50228]: move loaded to delayed: FeatureFlagsSupport
dyld[50228]: move loaded to delayed: ktrace
dyld[50228]: move loaded to delayed: SampleAnalysis
dyld[50228]: move loaded to delayed: kperfdata
dyld[50228]: move loaded to delayed: libdscsym.dylib
dyld[50228]: move loaded to delayed: BulkSymbolication
dyld[50228]: move loaded to delayed: Espresso
dyld[50228]: move loaded to delayed: CoreML
dyld[50228]: move loaded to delayed: libedit.3.dylib
dyld[50228]: move loaded to delayed: ANECompiler
dyld[50228]: move loaded to delayed: AppleNeuralEngine
dyld[50228]: move loaded to delayed: MetalPerformanceShadersGraph
dyld[50228]: move loaded to delayed: MLCompilerServices
dyld[50228]: move loaded to delayed: ANEServices
dyld[50228]: move loaded to delayed: libncurses.5.4.dylib
dyld[50228]: move loaded to delayed: libsandbox.1.dylib
dyld[50228]: move loaded to delayed: libMatch.1.dylib
dyld[50228]: move loaded to delayed: ODIE
dyld[50228]: move loaded to delayed: MLModelAsset
dyld[50228]: move loaded to delayed: MLCompilerRuntime
dyld[50228]: move loaded to delayed: MLCompute
dyld[50228]: move loaded to delayed: MLAssetIO
dyld[50228]: move loaded to delayed: libswiftMLCompute.dylib
dyld[50228]: move loaded to delayed: AVFCore
dyld[50228]: move loaded to delayed: AVFCapture
dyld[50228]: move loaded to delayed: CMImaging
dyld[50228]: move loaded to delayed: Quagga
dyld[50228]: move loaded to delayed: CMCapture
dyld[50228]: move loaded to delayed: CoreMediaIO
dyld[50228]: move loaded to delayed: CMCaptureDevice
dyld[50228]: move loaded to delayed: CoreBrightness
dyld[50228]: move loaded to delayed: CinematicFraming
dyld[50228]: move loaded to delayed: ModelManagerServices
dyld[50228]: move loaded to delayed: CPMS
dyld[50228]: move loaded to delayed: SystemStatus
dyld[50228]: move loaded to delayed: CoreMotion
dyld[50228]: move loaded to delayed: TimeSync
dyld[50228]: move loaded to delayed: DistributedSensing
dyld[50228]: move loaded to delayed: MobileBluetooth
dyld[50228]: move loaded to delayed: IOKitten
dyld[50228]: move loaded to delayed: AppleIntelligenceReporting
dyld[50228]: move loaded to delayed: CoreEmoji
dyld[50228]: move loaded to delayed: LanguageModeling
dyld[50228]: move loaded to delayed: Montreal
dyld[50228]: move loaded to delayed: libcmph.dylib
dyld[50228]: move loaded to delayed: GenerativeModelsFoundation
dyld[50228]: move loaded to delayed: TokenGeneration
dyld[50228]: move loaded to delayed: GenerativeFunctions
dyld[50228]: move loaded to delayed: GenerativeFunctionsFoundation
dyld[50228]: move loaded to delayed: ModelCatalog
dyld[50228]: move loaded to delayed: SensitiveContentAnalysisML
dyld[50228]: move loaded to delayed: GenerativeFunctionsInstrumentation
dyld[50228]: move loaded to delayed: PromptKit
dyld[50228]: move loaded to delayed: ProactiveDaemonSupport
dyld[50228]: move loaded to delayed: TokenGenerationCore
dyld[50228]: move loaded to delayed: Trial
dyld[50228]: move loaded to delayed: TrialProto
dyld[50228]: move loaded to delayed: AppleFlatBuffers
dyld[50228]: move loaded to delayed: SentencePieceInternal
dyld[50228]: move loaded to delayed: Vision
dyld[50228]: move loaded to delayed: CoreSceneUnderstanding
dyld[50228]: move loaded to delayed: VisionCore
dyld[50228]: move loaded to delayed: DataDetectorsCore
dyld[50228]: move loaded to delayed: libfaceCore.dylib
dyld[50228]: move loaded to delayed: Futhark
dyld[50228]: move loaded to delayed: InertiaCam
dyld[50228]: move loaded to delayed: TextRecognition
dyld[50228]: move loaded to delayed: DataDetection
dyld[50228]: move loaded to delayed: TextInput
dyld[50228]: move loaded to delayed: CVNLP
dyld[50228]: move loaded to delayed: IntentsFoundation
dyld[50228]: move loaded to delayed: libcups.2.dylib
dyld[50228]: move loaded to delayed: AXCoreUtilities
dyld[50228]: move loaded to delayed: AttributeGraph
dyld[50228]: move loaded to delayed: libAXSafeCategoryBundle.dylib
dyld[50228]: move loaded to delayed: TabularData
dyld[50228]: move loaded to delayed: ArgumentParserInternal
dyld[50228]: move loaded to delayed: ApplePushService
dyld[50228]: move loaded to delayed: CloudKit
dyld[50228]: move loaded to delayed: CoreDuetDaemonProtocol
dyld[50228]: move loaded to delayed: DeviceIdentity
dyld[50228]: move loaded to delayed: SharedWithYouCore
dyld[50228]: move loaded to delayed: CloudTelemetry
dyld[50228]: move loaded to delayed: AppleAccount
dyld[50228]: move loaded to delayed: C2
dyld[50228]: move loaded to delayed: CloudCoreInternal
dyld[50228]: move loaded to delayed: CloudAsset
dyld[50228]: move loaded to delayed: PushKit
dyld[50228]: move loaded to delayed: CoreTransferable
dyld[50228]: move loaded to delayed: CloudTelemetryTools
dyld[50228]: move loaded to delayed: CloudTelemetryShared.dylib
dyld[50228]: move loaded to delayed: RTCReporting
dyld[50228]: move loaded to delayed: AAAFoundationSwift
dyld[50228]: move loaded to delayed: AppleIDSSOAuthentication
dyld[50228]: move loaded to delayed: UIFoundation
dyld[50228]: move loaded to delayed: CaptiveNetwork
dyld[50228]: move loaded to delayed: EAP8021X
dyld[50228]: move loaded to delayed: CryptoKitPrivate
dyld[50228]: move loaded to delayed: FindMyDevice
dyld[50228]: move loaded to delayed: FMCoreLite
dyld[50228]: move loaded to delayed: ServiceManagement
dyld[50228]: <61A0B92B-98AE-3FAD-97AD-61B8B07CE5EE> /opt/homebrew/Cellar/open-mpi/5.0.9/bin/prte
dyld[50228]: <00507BB3-4003-3585-B1B5-1B80591CC969> /opt/homebrew/Cellar/open-mpi/5.0.9/lib/libprrte.3.dylib
dyld[50228]: <991B962B-4221-3B7C-8124-73587698257A> /opt/homebrew/Cellar/libevent/2.1.12_1/lib/libevent_core-2.1.7.dylib
dyld[50228]: <8C3C1968-3545-35E3-9871-009834386764> /opt/homebrew/Cellar/libevent/2.1.12_1/lib/libevent_pthreads-2.1.7.dylib
dyld[50228]: <92763224-5335-31D4-AB23-28CCB8E40B5B> /opt/homebrew/Cellar/pmix/5.0.9/lib/libpmix.2.dylib
dyld[50228]: <F59B9BC8-ED88-3C7A-9888-4013E930C22E> /opt/homebrew/Cellar/hwloc/2.12.2_1/lib/libhwloc.15.dylib
dyld[50228]: <E9E4C9A6-16BB-392C-96AA-07797764E2A1> /usr/lib/libSystem.B.dylib
dyld[50228]: <A13AF0DC-5928-38BE-97FF-E04C29EF96AF> /usr/lib/system/libcache.dylib
dyld[50228]: <EBA6E4D0-4DD2-33BB-BF95-48A58591AAAD> /usr/lib/system/libcommonCrypto.dylib
dyld[50228]: <9EE26D98-97BF-3BE0-B6BE-425284AB2D24> /usr/lib/system/libcompiler_rt.dylib
dyld[50228]: <BA7266A8-BF4B-32BF-A323-F4B2EBCDC0B0> /usr/lib/system/libcopyfile.dylib
dyld[50228]: <057A41E9-2A2E-39CD-B198-387734EED870> /usr/lib/system/libcorecrypto.dylib
dyld[50228]: <80E75F3F-333F-38A8-A3DD-6279FCDB771B> /usr/lib/system/libdispatch.dylib
dyld[50228]: <70073E6E-4CDD-314F-BBDF-EC7FF6CE2DFC> /usr/lib/system/libdyld.dylib
dyld[50228]: <AD45B9EE-CE2B-3E1F-B96B-15F7F9FA3712> /usr/lib/system/libkeymgr.dylib
dyld[50228]: <95DEC6C1-4480-3303-8A52-9AFC3D8C9219> /usr/lib/system/libmacho.dylib
dyld[50228]: <45146171-F0C1-3104-AE01-6AAD841A70B5> /usr/lib/system/libquarantine.dylib
dyld[50228]: <33530415-3DB6-3556-A59A-24C22681D632> /usr/lib/system/libremovefile.dylib
dyld[50228]: <FF6BE113-1093-3D23-8A55-E0A5B327CA8E> /usr/lib/system/libsystem_asl.dylib
dyld[50228]: <B33F1440-9364-38E4-AF85-8A21BFF24324> /usr/lib/system/libsystem_blocks.dylib
dyld[50228]: <3498CA79-EF40-3587-AD44-75187CEE7D95> /usr/lib/system/libsystem_c.dylib
dyld[50228]: <34CEFA68-1E15-32F2-A5B1-97C0170A77C5> /usr/lib/system/libsystem_collections.dylib
dyld[50228]: <7725D903-1D37-33E7-82AF-2260661C81A8> /usr/lib/system/libsystem_configuration.dylib
dyld[50228]: <118BC21E-B17D-32A2-9B65-16256131974F> /usr/lib/system/libsystem_containermanager.dylib
dyld[50228]: <BF51842C-BC69-3725-9EB2-7A52804963F8> /usr/lib/system/libsystem_coreservices.dylib
dyld[50228]: <B808D04B-2798-36C9-96F6-35534BDFCF11> /usr/lib/system/libsystem_darwin.dylib
dyld[50228]: <6246210A-5279-391D-8F58-E62A87CAB309> /usr/lib/system/libsystem_darwindirectory.dylib
dyld[50228]: <71833E65-58B3-3C06-A4F3-D69D476CCC3C> /usr/lib/system/libsystem_dnssd.dylib
dyld[50228]: <85C0486B-60BE-3E10-ABBF-DD74341B7376> /usr/lib/system/libsystem_eligibility.dylib
dyld[50228]: <5725BCFE-07F3-3629-9B44-551A435E2DE2> /usr/lib/system/libsystem_featureflags.dylib
dyld[50228]: <0037F576-2C50-36F0-9F36-6CB7A049D5B1> /usr/lib/system/libsystem_info.dylib
dyld[50228]: <A2858495-5B01-3D11-955D-FF6F25E88A6E> /usr/lib/system/libsystem_m.dylib
dyld[50228]: <B7ED74D2-5A24-3F39-9296-EE5688FF4B63> /usr/lib/system/libsystem_malloc.dylib
dyld[50228]: <83F224A4-40C4-3106-A97B-788D1D961DCB> /usr/lib/system/libsystem_networkextension.dylib
dyld[50228]: <922BDCF4-CD33-3EEB-BC56-9DCAE54F8F65> /usr/lib/system/libsystem_notify.dylib
dyld[50228]: <7B54AAA3-EB32-3853-8F0E-EB956EC957A1> /usr/lib/system/libsystem_sandbox.dylib
dyld[50228]: <A8C4F7FC-3443-35F7-B306-068D06237ED0> /usr/lib/system/libsystem_sanitizers.dylib
dyld[50228]: <B6B286B6-6E08-3578-8AFC-E4C55697C760> /usr/lib/system/libsystem_secinit.dylib
dyld[50228]: <EE805B14-29F2-360D-9A2C-3221A1211833> /usr/lib/system/libsystem_kernel.dylib
dyld[50228]: <3AF14164-15FE-3623-9EE3-46DE29FD5B5A> /usr/lib/system/libsystem_platform.dylib
dyld[50228]: <A58BEABD-7AC0-35F8-BCFF-E4FFBD79E938> /usr/lib/system/libsystem_pthread.dylib
dyld[50228]: <7F0D4E31-268A-3EBB-8A2C-30CCC771A5A5> /usr/lib/system/libsystem_symptoms.dylib
dyld[50228]: <314A8A89-4715-32B9-ABC2-B3087149C8B7> /usr/lib/system/libsystem_trace.dylib
dyld[50228]: <83FF8DEB-1153-35BA-99C3-2AEF9B7559CD> /usr/lib/system/libsystem_trial.dylib
dyld[50228]: <201827AE-90B0-38B1-9729-50455B607293> /usr/lib/system/libunwind.dylib
dyld[50228]: <E26A36A6-4B8F-321C-AE17-54353F9EEE84> /usr/lib/system/libxpc.dylib
dyld[50228]: <1D62B376-2303-376A-B993-9432A2004EB6> /usr/lib/libobjc.A.dylib
dyld[50228]: <12CA970B-B566-3EC9-AD8C-A29621C39ED2> /System/Library/PrivateFrameworks/XPCSupport.framework/Versions/A/XPCSupport
dyld[50228]: <ADB84143-D965-3B3D-9BA5-EAB165A96490> /System/Library/Frameworks/CoreFoundation.framework/Versions/A/CoreFoundation
dyld[50228]: <7E39E8F6-12CF-3DED-A388-6A2D0338DD7E> /usr/lib/swift/libswiftCore.dylib
dyld[50228]: <CCDE1614-20B7-354C-B201-99C5C4CC589D> /usr/lib/libc++abi.dylib
dyld[50228]: <3DBB2990-262D-3776-8FAC-B88C0373DCF0> /usr/lib/libRosetta.dylib
dyld[50228]: <32327062-C3A2-389E-ABFE-68A9942422E3> /usr/lib/libc++.1.dylib
dyld[50228]: <C18B43C3-0606-3B04-8865-D00745487E8B> /System/Library/Frameworks/Foundation.framework/Versions/C/Foundation
dyld[50228]: <6EB049B3-1C73-3081-922E-ACC82DDC13DC> /usr/lib/swift/libswiftObjectiveC.dylib
dyld[50228]: <E9032B59-9047-3728-B102-D51439DB3CD1> /usr/lib/libswiftPrespecialized.dylib
dyld[50228]: <442D7EC5-D327-3BA7-AC9E-F610AB233FAB> /System/Library/Frameworks/SystemConfiguration.framework/Versions/A/SystemConfiguration
dyld[50228]: <E4DB2DC8-3F00-308A-BFB5-65F71CB7D0D1> /usr/lib/libz.1.dylib
dyld[50228]: <6262E250-0A98-3E16-9062-8AD09CB13AEA> /System/Library/PrivateFrameworks/CoreAutoLayout.framework/Versions/A/CoreAutoLayout
dyld[50228]: <17DCD7AE-A1B7-3B5D-AB8A-3A1C482BD4D0> /usr/lib/libcmark-gfm.dylib
dyld[50228]: <ADE2A84A-0131-36E6-8CE2-BA226701BEF2> /usr/lib/libfakelink.dylib
dyld[50228]: <0EC52D41-3B72-3EC1-9522-A99CB4E88D63> /usr/lib/libcompression.dylib
dyld[50228]: <A26A8BA0-E0B5-3C4A-9B76-2D2491FA426F> /System/Library/Frameworks/CFNetwork.framework/Versions/A/CFNetwork
dyld[50228]: <DBEEB2D7-4F74-379B-9991-753B4B3A31C1> /System/Library/Frameworks/DiskArbitration.framework/Versions/A/DiskArbitration
dyld[50228]: <F1A229FF-C9E3-3103-9DA7-AB7E9F8FEF7A> /usr/lib/libarchive.2.dylib
dyld[50228]: <64AEDF19-F2F6-3E92-9396-711FD9E2D7AF> /usr/lib/libDiagnosticMessagesClient.dylib
dyld[50228]: <1DCC2DA6-D469-369F-8554-2777FEC31655> /usr/lib/libicucore.A.dylib
dyld[50228]: <C90946C4-CEE6-359B-BB2E-B20A7870A434> /usr/lib/libxml2.2.dylib
dyld[50228]: <5E0424D1-98D4-38E2-8AF2-9507D3B08DD9> /System/Library/Frameworks/CoreServices.framework/Versions/A/CoreServices
dyld[50228]: <37329BE8-053E-3997-8524-36DED44A3154> /usr/lib/liblangid.dylib
dyld[50228]: <BCD3F155-E14F-3191-A1F9-E6F24876FA89> /System/Library/Frameworks/IOKit.framework/Versions/A/IOKit
dyld[50228]: <E470132E-3C4F-375E-9A33-B1EA0CD59B98> /System/Library/Frameworks/Combine.framework/Versions/A/Combine
dyld[50228]: <0DFA2D20-8D7F-3883-BF21-6B9954E74D8D> /System/Library/PrivateFrameworks/CollectionsInternal.framework/Versions/A/CollectionsInternal
dyld[50228]: <87E77AE8-41F7-399B-81C5-23115A20E2AB> /System/Library/PrivateFrameworks/ReflectionInternal.framework/Versions/A/ReflectionInternal
dyld[50228]: <1662B591-8508-3CF8-B700-AA4EABE970BA> /System/Library/PrivateFrameworks/RuntimeInternal.framework/Versions/A/RuntimeInternal
dyld[50228]: <089D0FBB-10B7-361F-A38A-A987B003185E> /System/Library/PrivateFrameworks/SoftLinking.framework/Versions/A/SoftLinking
dyld[50228]: <F5FC1302-25A3-322E-BF63-308930E8C57B> /usr/lib/swift/libswiftCoreFoundation.dylib
dyld[50228]: <D4F393FF-1E27-3CE7-A1BD-953E3F26F4AA> /usr/lib/swift/libswiftDarwin.dylib
dyld[50228]: <9B0D7D51-31D3-3DB2-89CE-6F0C8E104E20> /usr/lib/swift/libswiftDispatch.dylib
dyld[50228]: <23C3D636-B793-3CFE-A510-BA94FCA4A05C> /usr/lib/swift/libswiftIOKit.dylib
dyld[50228]: <49EB73B0-CC94-368C-BC8E-34D9B7244AE1> /usr/lib/swift/libswiftSystem.dylib
dyld[50228]: <7471185D-7C00-32CF-8F6F-DE37DBB0EF95> /usr/lib/swift/libswiftXPC.dylib
dyld[50228]: <AEED735C-6543-3FA4-A0F5-1BE6C370E160> /usr/lib/swift/libswift_Builtin_float.dylib
dyld[50228]: <D028A0AB-FBD5-36C3-9BA8-C41D40F38602> /usr/lib/swift/libswift_Concurrency.dylib
dyld[50228]: <9010E60D-F1FA-37DB-BB92-731AAE930186> /usr/lib/swift/libswift_DarwinFoundation1.dylib
dyld[50228]: <14609DB2-BEB8-3D00-BBB9-5722A6F86B7E> /usr/lib/swift/libswift_StringProcessing.dylib
dyld[50228]: <DCEFDB82-75C6-3C53-B737-5D0EFBDA57CC> /usr/lib/swift/libswiftos.dylib
dyld[50228]: <1E89146A-9C2B-3038-B14B-28AC5CEB88CA> /System/Library/PrivateFrameworks/CoreServicesInternal.framework/Versions/A/CoreServicesInternal
dyld[50228]: <3DBB2990-262D-3776-8FAC-B88C0373DCF0> /usr/lib/liboah.dylib
dyld[50228]: <096A80E0-43BE-3E53-A065-58E7294ECAD0> /System/Library/Frameworks/Security.framework/Versions/A/Security
dyld[50228]: <DF262BC8-6FD5-3711-A3F5-74EA84CB1EEA> /System/Library/PrivateFrameworks/GenerationalStorage.framework/Versions/A/GenerationalStorage
dyld[50228]: <506D4797-3A8A-372B-824D-11F22CC52047> /System/Library/PrivateFrameworks/CacheDelete.framework/Versions/A/CacheDelete
dyld[50228]: <D913E9A5-8328-33CC-807F-5B8E517489F9> /System/Library/Frameworks/QuickLookThumbnailing.framework/Versions/A/QuickLookThumbnailing
dyld[50228]: <54AB6B56-FBEB-371A-A8CA-4CEE8E2DB415> /System/Library/Frameworks/FileProvider.framework/Versions/A/FileProvider
dyld[50228]: <A95243A3-30BA-31B1-BD0D-E7A51E2B6B8B> /System/Library/PrivateFrameworks/DiskImages.framework/Versions/A/DiskImages
dyld[50228]: <4E390E87-FE21-399D-8A43-4BF2750C5A77> /System/Library/Frameworks/NetFS.framework/Versions/A/NetFS
dyld[50228]: <2600367B-9848-32D8-826F-AA183FE7E1DC> /System/Library/PrivateFrameworks/DesktopServicesPriv.framework/Versions/A/DesktopServicesPriv
dyld[50228]: <5A74D8B7-D870-39AA-863D-8718B69C3A87> /System/Library/Frameworks/CoreServices.framework/Versions/A/Frameworks/FSEvents.framework/Versions/A/FSEvents
dyld[50228]: <627D09C4-40F0-310F-AB12-AA419CA9598E> /System/Library/Frameworks/CoreServices.framework/Versions/A/Frameworks/CarbonCore.framework/Versions/A/CarbonCore
dyld[50228]: <3852B926-BC08-39C1-9CA9-C3F895BD89E9> /System/Library/Frameworks/CoreServices.framework/Versions/A/Frameworks/Metadata.framework/Versions/A/Metadata
dyld[50228]: <17B070E4-39A8-35F5-9981-37EFA30DD701> /System/Library/Frameworks/CoreServices.framework/Versions/A/Frameworks/OSServices.framework/Versions/A/OSServices
dyld[50228]: <E0FCA8AD-A12E-3EA6-ACAC-C2CFDEBB102D> /System/Library/Frameworks/CoreServices.framework/Versions/A/Frameworks/SearchKit.framework/Versions/A/SearchKit
dyld[50228]: <EA4B9595-8D7F-3B5E-9072-27FA8FCDFEA0> /System/Library/Frameworks/CoreServices.framework/Versions/A/Frameworks/AE.framework/Versions/A/AE
dyld[50228]: <13981C10-A9C3-3AA4-A86C-07CD1B658A00> /System/Library/Frameworks/CoreServices.framework/Versions/A/Frameworks/LaunchServices.framework/Versions/A/LaunchServices
dyld[50228]: <DFB5B11F-087E-39DB-8B03-76A73008F030> /System/Library/Frameworks/CoreServices.framework/Versions/A/Frameworks/DictionaryServices.framework/Versions/A/DictionaryServices
dyld[50228]: <5118BC7D-EA1E-3AA0-9A5D-EC4CDE67EC7C> /System/Library/Frameworks/CoreServices.framework/Versions/A/Frameworks/SharedFileList.framework/Versions/A/SharedFileList
dyld[50228]: <24313FDE-140D-3460-AEBC-61E285D22976> /usr/lib/libapple_nghttp2.dylib
dyld[50228]: <FA81FC7D-A418-36C7-80DC-F23D6D66D852> /usr/lib/libsqlite3.dylib
dyld[50228]: <DD85BD2B-E75D-3434-A706-CCB9649F627E> /System/Library/Frameworks/Accounts.framework/Versions/A/Accounts
dyld[50228]: <2A2F6C27-038D-38B7-8BCF-B4DB8670A445> /System/Library/PrivateFrameworks/AOSKit.framework/Versions/A/AOSKit
dyld[50228]: <0F52F694-2878-32CA-A887-E8BC72ECE6F7> /System/Library/PrivateFrameworks/AppSSOCore.framework/Versions/A/AppSSOCore
dyld[50228]: <40E2D644-CC61-303D-957B-B2AA6D2B6907> /System/Library/PrivateFrameworks/AppSupport.framework/Versions/A/AppSupport
dyld[50228]: <562527C4-3505-347E-9EE4-B12AC0563C45> /System/Library/Frameworks/AVFoundation.framework/Versions/A/AVFoundation
dyld[50228]: <FE0D1D34-8842-31BC-A8B7-72AFBD6359AD> /System/Library/PrivateFrameworks/BackgroundSystemTasks.framework/Versions/A/BackgroundSystemTasks
dyld[50228]: <D901A599-F5A4-3F37-879D-B8D2281312DE> /System/Library/PrivateFrameworks/CoreAnalytics.framework/Versions/A/CoreAnalytics
dyld[50228]: <8871EBD4-3306-32E6-9FE6-8A35C9ECA7C8> /System/Library/Frameworks/CoreGraphics.framework/Versions/A/CoreGraphics
dyld[50228]: <552D4AB7-D44E-3DAD-9900-EFBDC54FC9B7> /System/Library/PrivateFrameworks/DuetActivityScheduler.framework/Versions/A/DuetActivityScheduler
dyld[50228]: <5C5F4AD7-36D2-3911-96C5-B405902AA74B> /System/Library/PrivateFrameworks/FTServices.framework/Versions/A/FTServices
dyld[50228]: <8D181B55-758C-3CDB-835B-4F620B9D5BA8> /System/Library/Frameworks/GSS.framework/Versions/A/GSS
dyld[50228]: <48CF0E32-AA61-3990-AF99-F9FF82339019> /System/Library/PrivateFrameworks/InternationalSupport.framework/Versions/A/InternationalSupport
dyld[50228]: <E9DF81E3-C762-35AB-BE8B-E39BB9A025E4> /usr/lib/libMemoryResourceException.dylib
dyld[50228]: <9ADA97F6-4D08-3B27-B879-2F55486AA867> /System/Library/PrivateFrameworks/NetworkScore.framework/Versions/A/NetworkScore
dyld[50228]: <785C1009-EDB3-331B-95B0-8337371F3C8B> /System/Library/PrivateFrameworks/NetworkServiceProxy.framework/Versions/A/NetworkServiceProxy
dyld[50228]: <9CD3619D-B517-3F88-B35F-0B6D39495E31> /System/Library/PrivateFrameworks/RunningBoardServices.framework/Versions/A/RunningBoardServices
dyld[50228]: <D5886CD9-AB60-3AF3-827F-0D0F7685EA46> /System/Library/PrivateFrameworks/StreamingExtractor.framework/Versions/A/StreamingExtractor
dyld[50228]: <B4BBBCA7-D9E9-3D8F-B9D7-A0EA4A1347E3> /System/Library/PrivateFrameworks/StreamingZip.framework/Versions/A/StreamingZip
dyld[50228]: <D1A35669-31F3-3690-96FA-DCF366FFE839> /System/Library/PrivateFrameworks/SymptomReporter.framework/Versions/A/SymptomReporter
dyld[50228]: <1A584316-EEC8-3137-8BA7-AFBE50DF5883> /usr/lib/libenergytrace.dylib
dyld[50228]: <4F73B633-DF78-3E12-9304-36AAEFFEE1CC> /usr/lib/libnetworkextension.dylib
dyld[50228]: <3853CB92-7E37-3A29-B6B2-81AAFEB9E951> /System/Library/Frameworks/Network.framework/Versions/A/Network
dyld[50228]: <C63E7165-3AC7-3104-99EE-A984265C7DF2> /usr/lib/libbsm.0.dylib
dyld[50228]: <4DA71DB4-2A84-3315-BA60-771A9A68FCD4> /usr/lib/system/libkxld.dylib
dyld[50228]: <C3164877-CB17-3764-80C6-DCB694C17F64> /System/Library/PrivateFrameworks/AppleKeyStore.framework/Versions/A/AppleKeyStore
dyld[50228]: <6209C014-7DDE-3FA3-9118-954393060FDC> /usr/lib/libCoreEntitlements.dylib
dyld[50228]: <0DAE2428-9918-329A-9C2C-FAC35974C991> /System/Library/PrivateFrameworks/MessageSecurity.framework/Versions/A/MessageSecurity
dyld[50228]: <8445F0D6-8667-3E5D-9071-C70B131E7B61> /System/Library/PrivateFrameworks/ProtocolBuffer.framework/Versions/A/ProtocolBuffer
dyld[50228]: <EA773761-E0FB-31DB-8EBC-5F2F25A02298> /System/Library/PrivateFrameworks/CloudServices.framework/Versions/A/CloudServices
dyld[50228]: <981B22F6-55EC-368E-BBA0-017C639D8174> /System/Library/PrivateFrameworks/SymptomDiagnosticReporter.framework/Versions/A/SymptomDiagnosticReporter
dyld[50228]: <D8D91D12-DA64-3C6A-9CEF-B80BED29370E> /System/Library/PrivateFrameworks/CrashReporterSupport.framework/Versions/A/CrashReporterSupport
dyld[50228]: <194DE7B9-C0BF-348A-9855-90E41F8C74EE> /usr/lib/libMobileGestalt.dylib
dyld[50228]: <F94BA7CD-07EC-32D3-A06D-82383C934BD4> /System/Library/PrivateFrameworks/AppleFSCompression.framework/Versions/A/AppleFSCompression
dyld[50228]: <250936F1-FE65-3746-AE71-56384ECC8419> /usr/lib/libcoretls.dylib
dyld[50228]: <8288A14F-19BD-3CE1-B758-0AC8C0DBC494> /usr/lib/libcoretls_cfhelpers.dylib
dyld[50228]: <4DD45409-F205-3FBF-832F-22928AE3597A> /usr/lib/libpam.2.dylib
dyld[50228]: <87B48212-EA55-3985-9ADE-B2FED87CC358> /usr/lib/libxar.1.dylib
dyld[50228]: <5DE06663-D39E-3090-A5F6-49A0E226DB6A> /System/Library/PrivateFrameworks/APFS.framework/Versions/A/APFS
dyld[50228]: <D382032D-FCEA-3886-B497-3952D5EA0429> /System/Library/PrivateFrameworks/SwiftASN1Internal.framework/Versions/A/SwiftASN1Internal
dyld[50228]: <E3316786-3660-3F3E-A002-6AEBD7A77E20> /usr/lib/libutil.dylib
dyld[50228]: <FAB4C56B-86C3-3C4F-9C94-5424C8E5D7BA> /System/Library/PrivateFrameworks/AppleSystemInfo.framework/Versions/A/AppleSystemInfo
dyld[50228]: <811E1C0F-5325-3FB2-ABFA-855AC08F510F> /System/Library/PrivateFrameworks/IOMobileFramebuffer.framework/Versions/A/IOMobileFramebuffer
dyld[50228]: <980DCBCE-DA4F-3255-A575-3DC93B6421E8> /System/Library/Frameworks/IOSurface.framework/Versions/A/IOSurface
dyld[50228]: <B0ED8EC1-2A74-33CE-8250-ADA6004665A8> /System/Library/PrivateFrameworks/CoreWiFi.framework/Versions/A/CoreWiFi
dyld[50228]: <576C80FD-BEFD-3E63-9AE5-2E7896ECFB9C> /System/Library/PrivateFrameworks/LoggingSupport.framework/Versions/A/LoggingSupport
dyld[50228]: <9F0B80E6-21F3-3B15-A9E6-07C9DC7F92E8> /System/Library/PrivateFrameworks/MobileAsset.framework/Versions/A/MobileAsset
dyld[50228]: <6B78F2B3-DC0A-392E-A83E-2E9BE9CEC006> /System/Library/PrivateFrameworks/PowerLog.framework/Versions/A/PowerLog
dyld[50228]: <BBD7BE36-F6DB-3981-BBE5-65425770CB51> /System/Library/PrivateFrameworks/Rapport.framework/Versions/A/Rapport
dyld[50228]: <1FB8D183-945C-3ACF-B5CA-CD5CB403DD33> /System/Library/Frameworks/SwiftData.framework/Versions/A/SwiftData
dyld[50228]: <499E4CAC-CB05-35EB-ACAF-1907A06F72F6> /System/Library/PrivateFrameworks/Symptoms.framework/Versions/A/Frameworks/SymptomAnalytics.framework/Versions/A/SymptomAnalytics
dyld[50228]: <5D7862C3-EFB4-3CF0-A7D5-8DB1FC3A581E> /System/Library/Frameworks/UniformTypeIdentifiers.framework/Versions/A/UniformTypeIdentifiers
dyld[50228]: <13C7D776-746D-3238-8E6C-B7366816974C> /System/Library/PrivateFrameworks/UserManagement.framework/Versions/A/UserManagement
dyld[50228]: <3D06F086-FA5E-320C-8BCE-EECE4B3DCCFF> /usr/lib/libboringssl.dylib
dyld[50228]: <1FB0A772-940F-397E-9739-03713B011B3D> /usr/lib/libcupolicy.dylib
dyld[50228]: <7D585F8D-E25A-3961-A991-70FC2A4A68F5> /usr/lib/libdns_services.dylib
dyld[50228]: <7439F3F5-8DCF-3626-9D4B-82E6E9DC4F6C> /System/Library/Frameworks/NetworkExtension.framework/Versions/A/NetworkExtension
dyld[50228]: <6AB51E9B-19ED-349C-B672-E3BFE1600123> /usr/lib/libnwswifttls.dylib
dyld[50228]: <9413E39D-F801-33FE-80D8-86000B3F889B> /usr/lib/libpcap.A.dylib
dyld[50228]: <DC1C6608-D464-3491-8A95-9C0990338A42> /usr/lib/libquic.dylib
dyld[50228]: <F09B4A99-0E34-3C89-A238-17DF2AA3DB0C> /usr/lib/libusrtcp.dylib
dyld[50228]: <43048DE0-2CF1-364C-A087-42C78020BF98> /System/Library/PrivateFrameworks/AtomicsInternal.framework/Versions/A/AtomicsInternal
dyld[50228]: <28367C89-09D9-3FD3-9785-400B18D1A3BE> /System/Library/PrivateFrameworks/InternalSwiftProtobuf.framework/Versions/A/InternalSwiftProtobuf
dyld[50228]: <8EB60E26-AB3C-32A5-B929-422377D98A8A> /usr/lib/swift/libswiftDistributed.dylib
dyld[50228]: <0D024482-86A7-3D12-B813-263030085201> /usr/lib/swift/libswiftObservation.dylib
dyld[50228]: <8724FA96-C03B-3D6B-8DAA-03B33DE03C01> /usr/lib/swift/libswiftSynchronization.dylib
dyld[50228]: <39320E6E-C885-325A-8E05-46299431F631> /System/Library/PrivateFrameworks/AggregateDictionary.framework/Versions/A/AggregateDictionary
dyld[50228]: <54FAE991-061E-380D-9C90-7A471EEE7C72> /System/Library/PrivateFrameworks/CoreDuetContext.framework/Versions/A/CoreDuetContext
dyld[50228]: <F8EBE4EA-1BFE-36AE-A6DC-D229E2834356> /System/Library/PrivateFrameworks/BiomeLibrary.framework/Versions/A/BiomeLibrary
dyld[50228]: <62FED855-84A1-3E2C-BD95-347F0008CE4D> /System/Library/PrivateFrameworks/CoreDuet.framework/Versions/A/CoreDuet
dyld[50228]: <57D209D5-E6C5-3A5E-84EE-59819541AE13> /System/Library/PrivateFrameworks/BiomeStreams.framework/Versions/A/BiomeStreams
dyld[50228]: <F80EA57A-03C2-3A0D-8393-77AA76514CDB> /System/Library/PrivateFrameworks/BiomeFoundation.framework/Versions/A/BiomeFoundation
dyld[50228]: <1CF0A38C-0E3B-3C6A-A398-8A22CB539C8E> /System/Library/PrivateFrameworks/BiomePubSub.framework/Versions/A/BiomePubSub
dyld[50228]: <0E165051-218B-3732-8F53-236E07761116> /System/Library/Frameworks/CoreData.framework/Versions/A/CoreData
dyld[50228]: <A59F1416-C4B2-3C08-A888-C30256A546F7> /System/Library/PrivateFrameworks/ProactiveSupport.framework/Versions/A/ProactiveSupport
dyld[50228]: <E1267C1A-32C6-3DDB-9492-BA9F661D7026> /System/Library/Frameworks/CoreLocation.framework/Versions/A/CoreLocation
dyld[50228]: <7DB0F974-03B0-3090-A9FE-85F8C18886B2> /System/Library/Frameworks/Intents.framework/Versions/A/Intents
dyld[50228]: <614B6BA6-0A1E-3A0D-9BB9-6390A545BE38> /System/Library/Frameworks/_LocationEssentials.framework/Versions/A/_LocationEssentials
dyld[50228]: <A9563C70-3C72-3504-AAD0-E73E927159C3> /usr/lib/liblzma.5.dylib
dyld[50228]: <12890E6D-2282-3986-AF30-816846E0F85B> /System/Library/Frameworks/Accelerate.framework/Versions/A/Accelerate
dyld[50228]: <E70D41AE-5777-30B7-9991-493B13DBE5DB> /System/Library/PrivateFrameworks/MobileKeyBag.framework/Versions/A/MobileKeyBag
dyld[50228]: <0361FEB2-4BCA-343F-8E7F-E6437DE2BA55> /System/Library/PrivateFrameworks/InternationalTextSearch.framework/Versions/A/InternationalTextSearch
dyld[50228]: <26309F6C-7649-35DC-9224-EC0A621C2FE8> /System/Library/PrivateFrameworks/SoftwareUpdateCoreSupport.framework/Versions/A/SoftwareUpdateCoreSupport
dyld[50228]: <E0B8577A-B9F8-3D60-85F2-8B43AB87EB33> /System/Library/PrivateFrameworks/SoftwareUpdateCoreConnect.framework/Versions/A/SoftwareUpdateCoreConnect
dyld[50228]: <DF5E83C3-3E3E-39D2-93DA-6789CFE09833> /System/Library/PrivateFrameworks/RemoteServiceDiscovery.framework/Versions/A/RemoteServiceDiscovery
dyld[50228]: <B67F1F22-22F4-30C7-84E5-A1E279CE84FD> /System/Library/PrivateFrameworks/MSUDataAccessor.framework/Versions/A/MSUDataAccessor
dyld[50228]: <44EBA806-1C6E-30E7-AC00-E8D7A8F708C0> /usr/lib/libbootpolicy.dylib
dyld[50228]: <4D2CF21E-8017-30E7-9C3A-C5069AE01F6F> /System/Library/PrivateFrameworks/RemoteXPC.framework/Versions/A/RemoteXPC
dyld[50228]: <165E0967-B467-3542-B41F-D05E2D35D477> /usr/lib/libFDR.dylib
dyld[50228]: <B129CCB3-CC5A-3C81-8538-E5834D106B53> /usr/lib/libamsupport.dylib
dyld[50228]: <C57D932C-4539-3815-8BA3-C4628663A76D> /usr/lib/libReverseProxyDevice.dylib
dyld[50228]: <81A1C715-8F45-3061-B466-BE8951020ADE> /System/Library/PrivateFrameworks/AppleDeviceQuerySupport.framework/Versions/A/AppleDeviceQuerySupport
dyld[50228]: <66AF2013-AD83-3C69-85DE-E4FB7F273632> /usr/lib/libpartition2_dynamic.dylib
dyld[50228]: <78071698-F976-3AD1-BB7E-176B11BE1AA5> /System/Library/PrivateFrameworks/AppleSauce.framework/Versions/A/AppleSauce
dyld[50228]: <A2582E5F-F7E6-3084-BB27-2C789501E47B> /usr/lib/libAppleArchive.dylib
dyld[50228]: <0824081F-39D6-33E2-94B8-C33B231C81FF> /usr/lib/libbz2.1.0.dylib
dyld[50228]: <1C8CC389-CE64-3B3F-97AA-A1BFBD99D2C1> /System/Library/Frameworks/Accelerate.framework/Versions/A/Frameworks/vImage.framework/Versions/A/vImage
dyld[50228]: <8F00D025-76AB-3AFC-80D9-31684A1D574C> /System/Library/Frameworks/Accelerate.framework/Versions/A/Frameworks/vecLib.framework/Versions/A/vecLib
dyld[50228]: <9AA556D7-C597-3315-A119-BCC3C345FB26> /System/Library/Frameworks/Accelerate.framework/Versions/A/Frameworks/vecLib.framework/Versions/A/libvMisc.dylib
dyld[50228]: <184463A9-267F-3C68-B7B4-8F2642C77648> /System/Library/Frameworks/Accelerate.framework/Versions/A/Frameworks/vImage.framework/Versions/A/Libraries/libCGInterfaces.dylib
dyld[50228]: <3F40CE6A-DC88-372E-B197-090D83AAD86A> /System/Library/PrivateFrameworks/AccelerateGPU.framework/Versions/A/AccelerateGPU
dyld[50228]: <6EE5A2F5-FD5B-3E70-89AD-B95619151E6A> /System/Library/Frameworks/Accelerate.framework/Versions/A/Frameworks/vecLib.framework/Versions/A/libBLAS.dylib
dyld[50228]: <A2DCCA6A-4B19-3510-814C-9432BD184A9C> /System/Library/Frameworks/ApplicationServices.framework/Versions/A/ApplicationServices
dyld[50228]: <97D8F3BE-3618-3D1C-B091-6F58BE12FAD1> /System/Library/Frameworks/CoreVideo.framework/Versions/A/CoreVideo
dyld[50228]: <505BFEDB-09C2-37BB-968E-7CAA06F0D5D9> /System/Library/Frameworks/ColorSync.framework/Versions/A/ColorSync
dyld[50228]: <6724CE42-A528-3BA6-AEBB-EC7C0D4BC56C> /System/Library/Frameworks/CoreText.framework/Versions/A/CoreText
dyld[50228]: <D8C1E694-DD38-3E4B-AF31-075B8E912D23> /System/Library/Frameworks/ImageIO.framework/Versions/A/ImageIO
dyld[50228]: <8DC7F743-5692-3F54-A638-F05976A64EB8> /System/Library/Frameworks/ApplicationServices.framework/Versions/A/Frameworks/ATS.framework/Versions/A/ATS
dyld[50228]: <37FD2045-A2B9-3668-96E6-011121486CBA> /System/Library/Frameworks/ApplicationServices.framework/Versions/A/Frameworks/HIServices.framework/Versions/A/HIServices
dyld[50228]: <16239BBA-E003-374F-A235-6BC0C9787E07> /System/Library/Frameworks/ApplicationServices.framework/Versions/A/Frameworks/PrintCore.framework/Versions/A/PrintCore
dyld[50228]: <F11E3021-457D-32F5-96A1-19641F599A47> /System/Library/Frameworks/ApplicationServices.framework/Versions/A/Frameworks/QD.framework/Versions/A/QD
dyld[50228]: <86500DBF-1E7E-325A-A55C-9A966FC5147D> /System/Library/Frameworks/ApplicationServices.framework/Versions/A/Frameworks/ColorSyncLegacy.framework/Versions/A/ColorSyncLegacy
dyld[50228]: <62263122-C8F2-35A0-93B9-0F6ED7B90345> /System/Library/Frameworks/ApplicationServices.framework/Versions/A/Frameworks/SpeechSynthesis.framework/Versions/A/SpeechSynthesis
dyld[50228]: <CD5F2362-8462-38D4-8C57-0BCD4E04F962> /System/Library/PrivateFrameworks/SkyLight.framework/Versions/A/SkyLight
dyld[50228]: <90621BC3-4A16-3BF7-B384-3194F517A9B6> /System/Library/PrivateFrameworks/FontServices.framework/libFontParser.dylib
dyld[50228]: <BBEAEC70-0458-3A37-9884-EB8BA991B5B2> /System/Library/PrivateFrameworks/BaseBoard.framework/Versions/A/BaseBoard
dyld[50228]: <5955D381-FC7E-392A-8858-FEA7FC0E9AF5> /System/Library/PrivateFrameworks/BoardServices.framework/Versions/A/BoardServices
dyld[50228]: <18A604B3-AA79-39B4-AFF8-04C081C70AF9> /System/Library/PrivateFrameworks/BackBoardServices.framework/Versions/A/BackBoardServices
dyld[50228]: <50904B52-E93E-3684-B195-4ADFC7578837> /System/Library/PrivateFrameworks/BackBoardHIDEventFoundation.framework/Versions/A/BackBoardHIDEventFoundation
dyld[50228]: <42F8E70D-8B00-3F77-9888-6ADFD21E419C> /System/Library/Frameworks/CoreDisplay.framework/Versions/A/CoreDisplay
dyld[50228]: <BC0EC514-ED6C-3069-8F1F-71A3CC7E3506> /System/Library/Frameworks/VideoToolbox.framework/Versions/A/VideoToolbox
dyld[50228]: <B22F152B-70EA-3686-BC9E-F4B4A23ECDC5> /System/Library/Frameworks/MetalPerformanceShaders.framework/Versions/A/MetalPerformanceShaders
dyld[50228]: <02C16EC1-0F6A-35DE-AA44-1F97D3B2FCC9> /System/Library/PrivateFrameworks/ProDisplayLibrary.framework/Versions/A/ProDisplayLibrary
dyld[50228]: <D308650E-04AA-3FFA-8016-F92A009583E4> /System/Library/PrivateFrameworks/IOSurfaceAccelerator.framework/Versions/A/IOSurfaceAccelerator
dyld[50228]: <5192171C-7963-364B-906E-A7C6FCC289A2> /System/Library/Frameworks/Metal.framework/Versions/A/Metal
dyld[50228]: <B4470C45-276C-3ABC-A50A-09813A75D92F> /System/Library/PrivateFrameworks/IOAccelerator.framework/Versions/A/IOAccelerator
dyld[50228]: <0EC488E4-B00F-3662-A61D-2AEF7D6DC495> /System/Library/Frameworks/CoreMedia.framework/Versions/A/CoreMedia
dyld[50228]: <3BC4BFE7-2666-3BA0-BEEB-550EBB717692> /System/Library/PrivateFrameworks/TCC.framework/Versions/A/TCC
dyld[50228]: <7959ABCD-AB3E-3826-9478-481D57808E5A> /System/Library/PrivateFrameworks/WatchdogClient.framework/Versions/A/WatchdogClient
dyld[50228]: <DF88B985-E9A5-310B-990F-1ECBB86CE4CC> /System/Library/Frameworks/QuartzCore.framework/Versions/A/QuartzCore
dyld[50228]: <8C75235A-DF75-360D-A93B-C09645222413> /System/Library/PrivateFrameworks/MultitouchSupport.framework/Versions/A/MultitouchSupport
dyld[50228]: <014F4B48-5D67-370F-96AB-32E30745B619> /usr/lib/swift/libswiftAccelerate.dylib
dyld[50228]: <9D00A952-F20A-3576-A504-43F4ACAEDD36> /usr/lib/swift/libswiftCoreAudio.dylib
dyld[50228]: <4710B99E-37C4-3F7B-BAB0-5ACA6F1231EC> /usr/lib/swift/libswiftCoreMedia.dylib
dyld[50228]: <31BE5521-F202-34F3-A2F5-82AAE1A5E006> /usr/lib/swift/libswiftMetal.dylib
dyld[50228]: <9E6680B9-DED4-3EED-BE0D-B17B87A774AF> /usr/lib/swift/libswiftOSLog.dylib
dyld[50228]: <7CCBEB85-167F-34DB-B007-B5476F190B63> /usr/lib/swift/libswiftQuartzCore.dylib
dyld[50228]: <C56D7B1D-FB84-3087-90A4-295768410946> /usr/lib/swift/libswiftUniformTypeIdentifiers.dylib
dyld[50228]: <34DB5466-5B9A-3658-A66D-2F8718A1A633> /usr/lib/swift/libswiftVideoToolbox.dylib
dyld[50228]: <B841C29B-340E-3DFA-8946-585C218C6A0C> /usr/lib/swift/libswiftsimd.dylib
dyld[50228]: <C404FAEC-421E-36D7-B342-D38863AB8D19> /System/Library/PrivateFrameworks/BiomeStorage.framework/Versions/A/BiomeStorage
dyld[50228]: <E57B6924-E645-3CC6-9943-63D3CEEFFE34> /System/Library/PrivateFrameworks/IntelligencePlatformLibrary.framework/Versions/A/IntelligencePlatformLibrary
dyld[50228]: <2039208B-D706-3CF4-A87F-F27BE89C45F9> /System/Library/PrivateFrameworks/PoirotSchematizer.framework/Versions/A/PoirotSchematizer
dyld[50228]: <9DB42D7C-E2E1-3DCF-9078-D541B3803CDA> /System/Library/PrivateFrameworks/BiomeSync.framework/Versions/A/BiomeSync
dyld[50228]: <58091704-8332-30A8-BE10-F148F0E2B5AC> /System/Library/PrivateFrameworks/BiomeDSL.framework/Versions/A/BiomeDSL
dyld[50228]: <63DC9704-D3F6-3505-84AA-4744662C6A85> /System/Library/PrivateFrameworks/FeatureFlags.framework/Versions/A/FeatureFlags
dyld[50228]: <D5194566-C55C-3D6B-9B6D-6044DD141DE1> /System/Library/PrivateFrameworks/PoirotUDFs.framework/Versions/A/PoirotUDFs
dyld[50228]: <67E63B4C-4D7B-3A10-9109-BBD029447851> /usr/lib/swift/libswift_DarwinFoundation2.dylib
dyld[50228]: <5127E34D-DBF0-399A-95C2-700FF5C62A02> /usr/lib/swift/libswift_DarwinFoundation3.dylib
dyld[50228]: <9238EED9-7424-3EBC-BECF-E0F046C4CED2> /System/Library/PrivateFrameworks/CoreTime.framework/Versions/A/CoreTime
dyld[50228]: <20288349-686B-37CB-9D84-9566FCFFC979> /usr/lib/libiconv.2.dylib
dyld[50228]: <A2E8DF49-5A82-3DB3-88A1-D8E1B6516F8B> /usr/lib/libcharset.1.dylib
dyld[50228]: <67EC3686-F23C-3C0B-AE66-34FCAAD521CB> /System/Library/PrivateFrameworks/PoirotSQLite.framework/Versions/A/PoirotSQLite
dyld[50228]: <14699117-5DA7-310B-8E01-FAB5BDCDC53E> /usr/lib/swift/libswift_RegexParser.dylib
dyld[50228]: <AB4D3ED8-3ED8-3070-BB56-7A279E02B895> /System/Library/PrivateFrameworks/CascadeSets.framework/Versions/A/CascadeSets
dyld[50228]: <B9AF3994-811E-3D50-B2A8-F2BACF6B1205> /System/Library/PrivateFrameworks/CorePhoneNumbers.framework/Versions/A/CorePhoneNumbers
dyld[50228]: <861A310F-68FB-393B-898B-BAADAEE2366D> /System/Library/PrivateFrameworks/AppleJPEG.framework/Versions/A/AppleJPEG
dyld[50228]: <0D5AE600-87F2-33EA-BD47-481AB0A13960> /usr/lib/libexpat.1.dylib
dyld[50228]: <8D855916-D266-3546-AC25-13F40BDE4916> /System/Library/Frameworks/ImageIO.framework/Versions/A/Resources/libPng.dylib
dyld[50228]: <C4EF60EC-F57A-388E-A75F-DA0FF752560C> /System/Library/Frameworks/ImageIO.framework/Versions/A/Resources/libTIFF.dylib
dyld[50228]: <0A2ACF07-8A0B-3A24-8908-CEE660E2240B> /System/Library/Frameworks/ImageIO.framework/Versions/A/Resources/libGIF.dylib
dyld[50228]: <D6771749-026F-303A-B7AF-8453B1930124> /System/Library/Frameworks/ImageIO.framework/Versions/A/Resources/libJP2.dylib
dyld[50228]: <0683FB66-0AFE-3920-A894-65F657D949F3> /usr/lib/libate.dylib
dyld[50228]: <A41EB50C-F1E5-3462-B685-5A3B166F0DAF> /System/Library/Frameworks/ImageIO.framework/Versions/A/Resources/libJPEG.dylib
dyld[50228]: <DF198A7A-E7B5-3D02-81A1-2242FED93374> /System/Library/Frameworks/ImageIO.framework/Versions/A/Resources/libRadiance.dylib
dyld[50228]: <891D8FB9-8145-36E5-BBAE-62D61609017B> /System/Library/PrivateFrameworks/GPUCompiler.framework/Versions/32023/Libraries/libllvm-flatbuffers.dylib
dyld[50228]: <2CFA85BC-22EE-3D6A-9FD5-E10B4F5F4558> /System/Library/PrivateFrameworks/FramePacing.framework/Versions/A/FramePacing
dyld[50228]: <0C49E231-DECE-36A5-85D2-398DB2A1BA52> /System/Library/Frameworks/OpenGL.framework/Versions/A/Libraries/libCoreFSCache.dylib
dyld[50228]: <FEABB728-79BC-3BF2-9EC3-F2B9C1004A5C> /System/Library/PrivateFrameworks/GPUCompiler.framework/Versions/32023/Libraries/libGPUCompilerUtils.dylib
dyld[50228]: <5C9B67AE-A63C-365C-8B8A-BD8A88112D6C> /System/Library/PrivateFrameworks/GraphicsServices.framework/Versions/A/GraphicsServices
dyld[50228]: <3B7DAC4A-1E43-3CF2-9403-E8FECC377580> /System/Library/Frameworks/OpenGL.framework/Versions/A/OpenGL
dyld[50228]: <DA2AB2DC-847C-3860-9813-B1EA95F4FA4B> /System/Library/Frameworks/OpenGL.framework/Versions/A/Libraries/libGLU.dylib
dyld[50228]: <3B54123D-F52F-342D-9644-5608921F963F> /System/Library/Frameworks/OpenGL.framework/Versions/A/Libraries/libGFXShared.dylib
dyld[50228]: <0DE6C657-966F-3D61-906C-62FA569AEB2F> /System/Library/Frameworks/OpenGL.framework/Versions/A/Libraries/libGL.dylib
dyld[50228]: <92CC599F-57AC-311D-A8D5-CB570BC39886> /System/Library/Frameworks/OpenGL.framework/Versions/A/Libraries/libGLImage.dylib
dyld[50228]: <1D2CBB98-7A71-3A02-B152-2AF5DBE3D1B5> /System/Library/Frameworks/OpenGL.framework/Versions/A/Libraries/libCVMSPluginSupport.dylib
dyld[50228]: <ECB35CC4-0F62-3AB7-AEC3-A2BFB7469E93> /System/Library/Frameworks/OpenGL.framework/Versions/A/Libraries/libCoreVMClient.dylib
dyld[50228]: <E536D4EA-4A69-36C8-AD24-E31AD947ED34> /System/Library/PrivateFrameworks/GPUWrangler.framework/Versions/A/GPUWrangler
dyld[50228]: <99734842-0D43-382B-B159-9BE7FAB2D49A> /System/Library/PrivateFrameworks/IOPresentment.framework/Versions/A/IOPresentment
dyld[50228]: <5A4C570E-E196-3F44-934C-BBABAD85F882> /System/Library/PrivateFrameworks/DSExternalDisplay.framework/Versions/A/DSExternalDisplay
dyld[50228]: <D65B393D-3DBB-38FF-93FE-BB7A63C7154D> /System/Library/PrivateFrameworks/VideoToolboxParavirtualizationSupport.framework/Versions/A/VideoToolboxParavirtualizationSupport
dyld[50228]: <29DF7632-4F8C-3C1A-962E-F7DC53025CB7> /System/Library/PrivateFrameworks/AppleVA.framework/Versions/A/AppleVA
dyld[50228]: <470C195D-2465-32FB-A940-D6A1DDFA3B9A> /System/Library/Frameworks/ExtensionFoundation.framework/Versions/A/ExtensionFoundation
dyld[50228]: <328E21CB-CF9C-333B-9C5B-54C784B9A301> /System/Library/PrivateFrameworks/CMCaptureCore.framework/Versions/A/CMCaptureCore
dyld[50228]: <EA01F4F5-5B53-3199-821A-2C40EAEA51A9> /usr/lib/libspindump.dylib
dyld[50228]: <1B6BA86A-7937-3894-B5E9-A60E1E40B8AE> /System/Library/Frameworks/CoreAudio.framework/Versions/A/CoreAudio
dyld[50228]: <997B0ACC-FBF2-3B74-8F0D-BD4FCE114895> /System/Library/PrivateFrameworks/AppServerSupport.framework/Versions/A/AppServerSupport
dyld[50228]: <F9BA8F11-725E-3193-8286-7E511BD9483D> /System/Library/PrivateFrameworks/perfdata.framework/Versions/A/perfdata
dyld[50228]: <33C0F74A-6257-337A-B1CF-9B8DF67CAFAA> /System/Library/PrivateFrameworks/AudioDSPGraph.framework/Versions/A/AudioDSPGraph
dyld[50228]: <6086D741-DCD6-3203-9981-FF2104745DA9> /System/Library/PrivateFrameworks/AudioToolboxCore.framework/Versions/A/AudioToolboxCore
dyld[50228]: <17D94B6F-C622-36F7-B775-2FE1F8A749B8> /System/Library/PrivateFrameworks/caulk.framework/Versions/A/caulk
dyld[50228]: <5C016DB5-65A6-30D6-9ADB-73F306FF1D8C> /usr/lib/libAudioStatistics.dylib
dyld[50228]: <78D2C254-6948-3ED5-AAE1-BDB5D209F100> /System/Library/PrivateFrameworks/SystemPolicy.framework/Versions/A/SystemPolicy
dyld[50228]: <919A3107-895B-39E3-A5B6-3B0A7B665E08> /usr/lib/libSMC.dylib
dyld[50228]: <02FA41D4-BAE5-3254-B696-A93A679BFBAA> /usr/lib/swift/libswiftCoreMIDI.dylib
dyld[50228]: <B9E70AF5-FFB9-3503-8668-4E83C1A54981> /System/Library/Frameworks/CoreMIDI.framework/Versions/A/CoreMIDI
dyld[50228]: <FB11A6DA-BB60-39C7-85D0-1A8617237337> /usr/lib/libAudioToolboxUtility.dylib
dyld[50228]: <EBC004E1-7C36-3FB5-B297-75B27297B2BA> /usr/lib/libperfcheck.dylib
dyld[50228]: <A3FF818C-C859-3C62-9BA7-F126B6D641CC> /System/Library/PrivateFrameworks/AudioAnalytics.framework/Versions/A/AudioAnalytics
dyld[50228]: <E91CE975-CDCF-3A38-9C10-46515A1F2A71> /System/Library/Frameworks/OSLog.framework/Versions/A/OSLog
dyld[50228]: <E5A19223-55EF-3ACE-86D6-5E4C7453226A> /System/Library/PrivateFrameworks/OSEligibility.framework/Versions/A/OSEligibility
dyld[50228]: <AFED0DF3-63AB-347B-A573-73D4B304A1E3> /System/Library/PrivateFrameworks/IconServices.framework/Versions/A/IconServices
dyld[50228]: <BEDD0E23-C326-37F4-8387-D8E4621EBCD3> /System/Library/Frameworks/LightweightCodeRequirements.framework/Versions/A/LightweightCodeRequirements
dyld[50228]: <4A67E28C-FAB3-3251-92A6-AB1E2B37F2E9> /System/Library/PrivateFrameworks/PlugInKit.framework/Versions/A/PlugInKit
dyld[50228]: <86AC7BCD-A13F-30B6-A723-1BFAA9CD8CC2> /System/Library/PrivateFrameworks/AssertionServices.framework/Versions/A/AssertionServices
dyld[50228]: <BED6FCCE-CDE3-368D-8AD0-00E92464658E> /System/Library/PrivateFrameworks/IconFoundation.framework/Versions/A/IconFoundation
dyld[50228]: <1DC63834-1A60-3FC8-9FDD-92400FFF74C0> /System/Library/PrivateFrameworks/AssistantServices.framework/Versions/A/AssistantServices
dyld[50228]: <B94C480E-3666-322F-906D-0543C59B4846> /System/Library/PrivateFrameworks/IconRendering.framework/Versions/A/IconRendering
dyld[50228]: <7C3BAC81-E6E1-3F0E-8AFF-5A3912FF2C9B> /System/Library/PrivateFrameworks/CoreUI.framework/Versions/A/CoreUI
dyld[50228]: <BFE7CCA2-299D-35AE-B97C-9C9F6CB7C628> /System/Library/Frameworks/CoreImage.framework/Versions/A/CoreImage
dyld[50228]: <213A812D-E0F1-322F-9E83-1CC183ABB340> /System/Library/PrivateFrameworks/SFSymbols.framework/Versions/A/SFSymbols
dyld[50228]: <F0CBAC8F-3992-39B2-874D-513EBDDD9540> /System/Library/Frameworks/DeveloperToolsSupport.framework/Versions/A/DeveloperToolsSupport
dyld[50228]: <F1D57CF3-6353-3EAF-8DB7-8FA7D2C607CC> /System/Library/PrivateFrameworks/RenderBox.framework/Versions/A/RenderBox
dyld[50228]: <7436E126-73CC-30EE-BF48-BAB0AE382792> /System/Library/PrivateFrameworks/CoreSVG.framework/Versions/A/CoreSVG
dyld[50228]: <2D2BE324-F508-3749-8A42-7A19C6429625> /System/Library/PrivateFrameworks/TextureIO.framework/Versions/A/TextureIO
dyld[50228]: <F8294310-2FA1-3874-B702-9CC2F588116E> /usr/lib/swift/libswiftCoreImage.dylib
dyld[50228]: <61AD2AE3-BAF5-37FF-A4DD-ED221184E591> /System/Library/PrivateFrameworks/GraphVisualizer.framework/Versions/A/GraphVisualizer
dyld[50228]: <4FF88376-5BD6-30A2-BC7A-3980A6B75747> /System/Library/PrivateFrameworks/FontServices.framework/Versions/A/FontServices
dyld[50228]: <DCBC1DC8-7728-32D8-BED1-D94AAE388F58> /System/Library/PrivateFrameworks/OTSVG.framework/Versions/A/OTSVG
dyld[50228]: <E697F2AF-E225-3F97-8296-3A072D5D3ABB> /System/Library/Frameworks/ApplicationServices.framework/Versions/A/Frameworks/ATS.framework/Versions/A/Resources/libFontRegistry.dylib
dyld[50228]: <5C27D0D2-E8BA-3FE1-9069-002A86516F75> /usr/lib/libhvf.dylib
dyld[50228]: <145B46E8-5DDD-39F4-A2C2-19254BB3E64B> /System/Library/PrivateFrameworks/ParsingInternal.framework/Versions/A/ParsingInternal
dyld[50228]: <2CD23373-684A-338C-B3E2-E5CFE9E22665> /System/Library/PrivateFrameworks/FontServices.framework/libXTFontStaticRegistryData.dylib
dyld[50228]: <A14BF218-2400-3671-9CF9-A585F546D3D7> /System/Library/Frameworks/MetalPerformanceShaders.framework/Versions/A/Frameworks/MPSCore.framework/Versions/A/MPSCore
dyld[50228]: <A02CA05F-E8B5-3DF2-BF46-9424B0CEB2E4> /System/Library/Frameworks/MetalPerformanceShaders.framework/Versions/A/Frameworks/MPSImage.framework/Versions/A/MPSImage
dyld[50228]: <F119A3BA-5272-3181-A9CF-5F1537D5584C> /System/Library/Frameworks/MetalPerformanceShaders.framework/Versions/A/Frameworks/MPSNeuralNetwork.framework/Versions/A/MPSNeuralNetwork
dyld[50228]: <FFAF8C61-C08D-35B8-AA02-B537F9210905> /System/Library/Frameworks/MetalPerformanceShaders.framework/Versions/A/Frameworks/MPSMatrix.framework/Versions/A/MPSMatrix
dyld[50228]: <A9CED6ED-873D-3123-B221-111DE040A93D> /System/Library/Frameworks/MetalPerformanceShaders.framework/Versions/A/Frameworks/MPSRayIntersector.framework/Versions/A/MPSRayIntersector
dyld[50228]: <BBC9B11F-9817-3C36-913D-BD34E0543F92> /System/Library/Frameworks/MetalPerformanceShaders.framework/Versions/A/Frameworks/MPSNDArray.framework/Versions/A/MPSNDArray
dyld[50228]: <ECFF295E-9911-36C0-968B-5319D8577A7A> /System/Library/Frameworks/MetalPerformanceShaders.framework/Versions/A/Frameworks/MPSFunctions.framework/Versions/A/MPSFunctions
dyld[50228]: <B6F74347-6E57-3805-B9E1-4470C8FA9E38> /System/Library/Frameworks/MetalPerformanceShaders.framework/Versions/A/Frameworks/MPSBenchmarkLoop.framework/Versions/A/MPSBenchmarkLoop
dyld[50228]: <DE2582E7-16C0-3564-8CC2-702B305BD2F0> /System/Library/Frameworks/MetalPerformanceShaders.framework/Versions/A/Frameworks/MPSHost.framework/Versions/A/MPSHost
dyld[50228]: <7DA73466-576B-3025-A247-954A7D5306A8> /System/Library/PrivateFrameworks/MetalTools.framework/Versions/A/MetalTools
dyld[50228]: <9B8660AC-5EDE-3EED-894E-CECACF7130AB> /System/Library/PrivateFrameworks/IOAccelMemoryInfo.framework/Versions/A/IOAccelMemoryInfo
dyld[50228]: <9E9347FA-842B-395E-ABE1-FB76635235CB> /System/Library/PrivateFrameworks/kperf.framework/Versions/A/kperf
dyld[50228]: <55AA8F48-E61D-3062-95AC-BC3B20DD4433> /System/Library/PrivateFrameworks/GPURawCounter.framework/Versions/A/GPURawCounter
dyld[50228]: <26F3FA93-582E-3A51-9931-415CBB5FCF9F> /System/Library/PrivateFrameworks/ASEProcessing.framework/Versions/A/ASEProcessing
dyld[50228]: <3C82653B-E115-3325-A1ED-E2B7ACBCB437> /System/Library/PrivateFrameworks/Symbolication.framework/Versions/A/Symbolication
dyld[50228]: <D28391E4-3ACF-3733-8F07-DD4CCAB5DE4C> /System/Library/PrivateFrameworks/PhotosensitivityProcessing.framework/Versions/A/PhotosensitivityProcessing
dyld[50228]: <2688F236-5A55-3F96-88F1-CC59ADB1E3A0> /System/Library/PrivateFrameworks/SILManager.framework/Versions/A/SILManager
dyld[50228]: <53BE7690-3B50-31D9-A8A2-7239D86786CE> /System/Library/PrivateFrameworks/CoreSymbolication.framework/Versions/A/CoreSymbolication
dyld[50228]: <2D0A731C-D66A-3866-B1CA-98B7FAF295DE> /System/Library/PrivateFrameworks/MallocStackLogging.framework/Versions/A/MallocStackLogging
dyld[50228]: <4BF7AD91-C408-381A-92F3-1B5866048FB6> /System/Library/PrivateFrameworks/DebugSymbols.framework/Versions/A/DebugSymbols
dyld[50228]: <3E8297C5-888A-36F5-9EB4-6CCED7856402> /System/Library/PrivateFrameworks/OSAnalytics.framework/Versions/A/OSAnalytics
dyld[50228]: <0DF3001F-A974-30FF-B987-F3C9ED2BB3FF> /System/Library/PrivateFrameworks/DeviceRecovery.framework/Versions/A/DeviceRecovery
dyld[50228]: <3E065B0A-1727-3015-B3AD-4815BE255B11> /System/Library/PrivateFrameworks/Tightbeam.framework/Versions/A/Tightbeam
dyld[50228]: <A0101920-47DA-3EB3-A44D-098F2068C37F> /usr/lib/swift/libswiftCompression.dylib
dyld[50228]: <ADFB48F6-5AB5-3705-A623-15DC8A0E1B1D> /System/Library/PrivateFrameworks/AFKUser.framework/Versions/A/AFKUser
dyld[50228]: <A9FF23B4-9003-30E0-9C55-322EB89E9C15> /System/Library/Frameworks/ApplicationServices.framework/Versions/A/Frameworks/ATSUI.framework/Versions/A/ATSUI
dyld[50228]: <82F7F6BF-AEDA-32F2-B909-CA15DABFA516> /System/Library/PrivateFrameworks/SAObjects.framework/Versions/A/SAObjects
dyld[50228]: <196DC6E2-485C-3238-B8E8-EAD9F4BFD3F5> /System/Library/Frameworks/AudioToolbox.framework/Versions/A/AudioToolbox
dyld[50228]: <0F593AF0-3420-322B-862B-48A04C595981> /System/Library/PrivateFrameworks/MediaRemote.framework/Versions/A/MediaRemote
dyld[50228]: <F0F1882E-5DD5-32C0-BCD3-3920C429C4D2> /System/Library/Frameworks/UserNotifications.framework/Versions/A/UserNotifications
dyld[50228]: <7CAD7036-9328-3BB9-B2DF-D7F1DAD0A95A> /System/Library/PrivateFrameworks/SiriInstrumentation.framework/Versions/A/SiriInstrumentation
dyld[50228]: <E3794FC8-D291-30D4-8149-2CF86FD1105B> /System/Library/PrivateFrameworks/SiriAnalytics.framework/Versions/A/SiriAnalytics
dyld[50228]: <4AC584BF-07C3-3769-BE4B-5BE7CBCEC5FF> /System/Library/PrivateFrameworks/SiriTTSService.framework/Versions/A/SiriTTSService
dyld[50228]: <CF238AED-06FB-307B-8E6B-4D6E79CCB54B> /System/Library/PrivateFrameworks/SiriCrossDeviceArbitration.framework/Versions/A/SiriCrossDeviceArbitration
dyld[50228]: <46115240-A87A-367F-B06B-4434323DCEAF> /System/Library/PrivateFrameworks/FeedbackLogger.framework/Versions/A/FeedbackLogger
dyld[50228]: <FAB3DB6C-3EE7-379B-8542-926931FB5740> /System/Library/PrivateFrameworks/FaceTimeNameUtility.framework/Versions/A/FaceTimeNameUtility
dyld[50228]: <3413D34C-992C-3DD6-9E43-44BB76033B4E> /System/Library/PrivateFrameworks/AuthKit.framework/Versions/A/AuthKit
dyld[50228]: <622B1DEB-CBE5-3AC1-A0BD-EAE443FAE41A> /System/Library/PrivateFrameworks/SiriCrossDeviceArbitrationFeedback.framework/Versions/A/SiriCrossDeviceArbitrationFeedback
dyld[50228]: <83EEF9DC-B05C-36D0-ABB7-94B89574513D> /usr/lib/swift/libswiftCoreLocation.dylib
dyld[50228]: <A3F5BD14-E39F-3C5C-88BE-9D69885AEAEF> /usr/lib/swift/libswiftAVFoundation.dylib
dyld[50228]: <66B01FE7-B25F-30FF-8FBA-906C53A6C31E> /System/Library/PrivateFrameworks/UIKitServices.framework/Versions/A/UIKitServices
dyld[50228]: <D101C260-62C0-3DC7-A47B-EA3348F91015> /System/Library/PrivateFrameworks/UnifiedAssetFramework.framework/Versions/A/UnifiedAssetFramework
dyld[50228]: <CA23DB9F-A36E-3F89-B5E1-58D87D7F5513> /System/Library/PrivateFrameworks/AudioSession.framework/Versions/A/AudioSession
dyld[50228]: <CDA2EB83-4772-3AB7-91FB-27EAD1B81604> /System/Library/PrivateFrameworks/MediaExperience.framework/Versions/A/MediaExperience
dyld[50228]: <FDD6D3AA-4381-361A-98A1-DBFFEB263647> /System/Library/PrivateFrameworks/AudioSession.framework/libSessionUtility.dylib
dyld[50228]: <EDE54CFC-1D79-302E-BBA0-D6BA4B044B03> /System/Library/PrivateFrameworks/AudioAccessoryServices.framework/Versions/A/AudioAccessoryServices
dyld[50228]: <A2081DB1-1288-3AE7-9F65-DC6D7143174D> /System/Library/Frameworks/CoreBluetooth.framework/Versions/A/CoreBluetooth
dyld[50228]: <490FD702-A39B-3C11-B691-08EF67CD22AA> /System/Library/PrivateFrameworks/CoreUtils.framework/Versions/A/CoreUtils
dyld[50228]: <F47D14B1-A17E-341B-9C27-C026B095D723> /System/Library/PrivateFrameworks/HID.framework/Versions/A/HID
dyld[50228]: <6E3251FB-51F3-354E-BE19-16B1A65ED46D> /System/Library/PrivateFrameworks/Sharing.framework/Versions/A/Sharing
dyld[50228]: <73228946-C3E9-3408-8E71-1678289E3BEB> /System/Library/PrivateFrameworks/CoreUtilsExtras.framework/Versions/A/CoreUtilsExtras
dyld[50228]: <4C2A4B09-C1B3-3053-AD8C-977EB8D32E9E> /System/Library/PrivateFrameworks/IO80211.framework/Versions/A/IO80211
dyld[50228]: <664AC436-F2AA-33BA-ABDC-FDF9FC05EA38> /System/Library/PrivateFrameworks/IDSFoundation.framework/Versions/A/IDSFoundation
dyld[50228]: <F083CFA8-541A-3E96-8A38-18D68A940B6B> /System/Library/PrivateFrameworks/Apple80211.framework/Versions/A/Apple80211
dyld[50228]: <5254A8DC-851E-311A-87DA-8145C2ED3C87> /System/Library/Frameworks/CoreWLAN.framework/Versions/A/CoreWLAN
dyld[50228]: <8725BFBD-4A86-36AE-9260-15190503051B> /System/Library/Frameworks/IOBluetooth.framework/Versions/A/IOBluetooth
dyld[50228]: <19984ACB-CD7E-3C0D-873A-1EBA72AC4BC6> /usr/lib/swift/libswiftRegexBuilder.dylib
dyld[50228]: <A33D964D-8F19-38B7-8946-D8C9F19E4F2B> /System/Library/PrivateFrameworks/IMFoundation.framework/Versions/A/IMFoundation
dyld[50228]: <15433921-F565-327A-9461-52C7C6493698> /System/Library/PrivateFrameworks/Marco.framework/Versions/A/Marco
dyld[50228]: <19C1BC1F-154A-3BFC-B9AD-9CC517FC0AC5> /System/Library/PrivateFrameworks/CommonUtilities.framework/Versions/A/CommonUtilities
dyld[50228]: <E876203B-ABCF-3F88-9A52-3AC782583C96> /System/Library/PrivateFrameworks/Engram.framework/Versions/A/Engram
dyld[50228]: <487450E4-0426-3CD0-B61A-5DB4587AE8CC> /System/Library/PrivateFrameworks/XPCDistributed.framework/Versions/A/XPCDistributed
dyld[50228]: <E1EE1E31-9E87-367B-A8DE-17A3007756B1> /usr/lib/libtidy.A.dylib
dyld[50228]: <78EEBCFA-0525-3C50-AB1D-710EF1322399> /System/Library/PrivateFrameworks/Bom.framework/Versions/A/Bom
dyld[50228]: <A679D6ED-4CE9-3134-9E96-F229E377801A> /usr/lib/libParallelCompression.dylib
dyld[50228]: <104445E4-D11E-34D2-B419-FB55EDBBEB2B> /usr/lib/libIOReport.dylib
dyld[50228]: <327AFA7E-290A-3813-BBFE-EB5DD41002CD> /System/Library/PrivateFrameworks/WiFiPeerToPeer.framework/Versions/A/WiFiPeerToPeer
dyld[50228]: <9B401DEC-F246-316B-862D-5D9808449E69> /System/Library/Frameworks/SecurityFoundation.framework/Versions/A/SecurityFoundation
dyld[50228]: <0D017B05-AE90-3FFF-8887-6B607B909397> /System/Library/PrivateFrameworks/Centauri.framework/Versions/A/Centauri
dyld[50228]: <C85AB7DE-AE86-3649-9935-57525F317BE7> /System/Library/PrivateFrameworks/Lexicon.framework/Versions/A/Lexicon
dyld[50228]: <D58C3AAA-1B82-35ED-B5AF-0E6BD380B6D0> /usr/lib/libmrc.dylib
dyld[50228]: <FAEB7856-E4E1-3DE1-90C0-3FA9C2071FC3> /System/Library/PrivateFrameworks/IPConfiguration.framework/Versions/A/IPConfiguration
dyld[50228]: <8574049B-71F5-3A37-A4BC-3CC2A31588E7> /System/Library/PrivateFrameworks/Netrb.framework/Versions/A/Netrb
dyld[50228]: <AD6B773C-928B-3658-937B-A77E44BD8F36> /System/Library/PrivateFrameworks/FrontBoardServices.framework/Versions/A/FrontBoardServices
dyld[50228]: <C45F456C-A003-3694-B594-57E6E4F5474A> /usr/lib/libgermantok.dylib
dyld[50228]: <D9E92919-75FB-3FCF-928F-D8DDA620043F> /System/Library/PrivateFrameworks/LinguisticData.framework/Versions/A/LinguisticData
dyld[50228]: <D3493839-8BED-37DA-9F0C-69A8DAB9B7CA> /System/Library/PrivateFrameworks/MultiverseSupport.framework/Versions/A/MultiverseSupport
dyld[50228]: <C2F1D00E-0FCF-33E1-B0C7-55F01E722252> /System/Library/PrivateFrameworks/DiskManagement.framework/Versions/A/DiskManagement
dyld[50228]: <877CC20E-AF88-34EF-A6CF-EF4EA25EC1E9> /System/Library/PrivateFrameworks/AppleIDAuthSupport.framework/Versions/A/AppleIDAuthSupport
dyld[50228]: <F77ECC08-154E-3146-86E8-2AFA80C826F1> /System/Library/PrivateFrameworks/AAAFoundation.framework/Versions/A/AAAFoundation
dyld[50228]: <B57EB163-E704-3457-BA79-678CFAD2A9AC> /System/Library/PrivateFrameworks/KeychainCircle.framework/Versions/A/KeychainCircle
dyld[50228]: <7C3D91FD-94DA-374C-900B-A35E4ECBB018> /System/Library/PrivateFrameworks/URLFormatting.framework/Versions/A/URLFormatting
dyld[50228]: <A6FFE713-DE97-3794-8242-DC40E0748606> /usr/lib/libcsfde.dylib
dyld[50228]: <DAD536DC-2BAD-36D5-9361-4CE05E3438D0> /usr/lib/libCoreStorage.dylib
dyld[50228]: <B3A15621-8607-3F44-A416-3DA23BEBD903> /System/Library/PrivateFrameworks/MediaKit.framework/Versions/A/MediaKit
dyld[50228]: <3066BC53-4BFF-3C80-A6B1-8E53951105B7> /System/Library/Frameworks/DiscRecording.framework/Versions/A/DiscRecording
dyld[50228]: <5EE19AA2-94FE-3EF0-B081-C33417BD061E> /System/Library/PrivateFrameworks/ProtectedCloudStorage.framework/Versions/A/ProtectedCloudStorage
dyld[50228]: <38D6423C-DA83-3BB4-94BA-D150AB9CC75D> /System/Library/PrivateFrameworks/EFILogin.framework/Versions/A/EFILogin
dyld[50228]: <739BDB31-1F19-3A9C-935A-3A162E40C455> /usr/lib/libheimdal-asn1.dylib
dyld[50228]: <7E2F520B-BF0F-3842-8283-20A96D10ED58> /System/Library/PrivateFrameworks/OctagonTrust.framework/Versions/A/OctagonTrust
dyld[50228]: <65C648A5-D720-3ACB-AD5E-93CB7CD5B6F1> /System/Library/Frameworks/AudioUnit.framework/Versions/A/AudioUnit
dyld[50228]: <5F7E4BE7-DBAE-3F0D-B49D-E42E0562ECF8> /System/Library/Frameworks/OpenDirectory.framework/Versions/A/OpenDirectory
dyld[50228]: <3335BD98-F9F8-36DC-954D-5FDF76E740D2> /System/Library/Frameworks/OpenDirectory.framework/Versions/A/Frameworks/CFOpenDirectory.framework/Versions/A/CFOpenDirectory
dyld[50228]: <FCE1E0AA-280C-3004-BD1D-FCCDD09B45D5> /System/Library/PrivateFrameworks/GeoServices.framework/Versions/A/GeoServices
dyld[50228]: <EE811F15-3C53-3EDB-94BC-905FF4DA7954> /System/Library/PrivateFrameworks/LocationSupport.framework/Versions/A/LocationSupport
dyld[50228]: <D8A43EB4-CBFA-366D-91AB-5A57CB2DB25B> /System/Library/PrivateFrameworks/GeoServicesCore.framework/Versions/A/GeoServicesCore
dyld[50228]: <895FADF0-766F-3F7C-8F99-3F62071D0586> /System/Library/PrivateFrameworks/PhoneNumbers.framework/Versions/A/PhoneNumbers
dyld[50228]: <0F835F77-0822-3220-9E7E-AF7F5742B298> /System/Library/PrivateFrameworks/LocationLogEncryption.framework/Versions/A/LocationLogEncryption
dyld[50228]: <AE0139EC-32B4-3EFE-BD29-9492CBCCA2AA> /System/Library/Frameworks/AVFAudio.framework/Versions/A/AVFAudio
dyld[50228]: <FAFA3BBC-A38F-3E30-A0E2-C7EE968C3482> /System/Library/Frameworks/AVRouting.framework/Versions/A/AVRouting
dyld[50228]: <6D4CD063-7FA9-3870-A68E-C9C213E90F44> /usr/lib/libAccessibility.dylib
dyld[50228]: <518A0F09-6508-316F-ACC4-B4582A9C2577> /System/Library/PrivateFrameworks/MediaServices.framework/Versions/A/MediaServices
dyld[50228]: <C0FF6ACB-79E4-3AF6-BEF0-4DB1F4E32E30> /System/Library/PrivateFrameworks/IDS.framework/Versions/A/IDS
dyld[50228]: <3C06358A-8281-31E1-9C47-7AF2E26EB975> /System/Library/PrivateFrameworks/IsolatedCoreAudioClient.framework/Versions/A/IsolatedCoreAudioClient
dyld[50228]: <618983C9-8F89-3E92-95DB-444E6B112D5E> /System/Library/PrivateFrameworks/CoreAudioOrchestration.framework/Versions/A/CoreAudioOrchestration
dyld[50228]: <59F076E2-0FEC-3BE4-A504-5F508A0A8E03> /System/Library/Frameworks/MediaToolbox.framework/Versions/A/MediaToolbox
dyld[50228]: <CDF190F5-581C-3EFA-A914-E93A46B94D4F> /System/Library/PrivateFrameworks/CoreAVCHD.framework/Versions/A/CoreAVCHD
dyld[50228]: <E4E939B2-79AC-3950-B4E3-D494BEA223B6> /System/Library/Frameworks/MediaAccessibility.framework/Versions/A/MediaAccessibility
dyld[50228]: <EB2BAB8D-7EF4-3F1C-9033-B8B4B130AD70> /System/Library/PrivateFrameworks/Mangrove.framework/Versions/A/Mangrove
dyld[50228]: <8E425EA0-B1CA-3C5C-96F7-AEBC155A58B2> /System/Library/PrivateFrameworks/CMPhoto.framework/Versions/A/CMPhoto
dyld[50228]: <8042D800-FB6E-3356-B1DC-418869779DB3> /System/Library/Frameworks/CoreTelephony.framework/Versions/A/CoreTelephony
dyld[50228]: <63070653-82EB-33B0-9925-1EEE21CFCC61> /System/Library/PrivateFrameworks/CoreAUC.framework/Versions/A/CoreAUC
dyld[50228]: <C7C3D70E-B88E-3B70-AB09-C2F222133233> /System/Library/PrivateFrameworks/AppleJPEGXL.framework/Versions/A/AppleJPEGXL
dyld[50228]: <98F18E28-57F9-3F2E-9933-E10A258768EE> /usr/lib/libTelephonyUtilDynamic.dylib
dyld[50228]: <22EA8BB3-F0F6-3A45-85D3-57142615CC13> /System/Library/Frameworks/CryptoKit.framework/Versions/A/CryptoKit
dyld[50228]: <D51D6870-0DF4-3EBE-8E50-B84BD71F96E4> /System/Library/PrivateFrameworks/CryptoKitCBridging.framework/Versions/A/CryptoKitCBridging
dyld[50228]: <1091D5AB-E8D6-3080-B8F1-B8EEEA559F56> /System/Library/Frameworks/CryptoTokenKit.framework/Versions/A/CryptoTokenKit
dyld[50228]: <77FF2C9D-7431-3569-9D77-3E73408A3CB9> /System/Library/Frameworks/LocalAuthentication.framework/Versions/A/LocalAuthentication
dyld[50228]: <A8AA9C35-58F8-3DE2-B57E-837BFAB62678> /System/Library/PrivateFrameworks/LocalAuthenticationCore.framework/Versions/A/LocalAuthenticationCore
dyld[50228]: <E8F89C46-7F15-3516-AC7C-BD734FCC6993> /System/Library/PrivateFrameworks/LocalAuthenticationCredentialServices.framework/Versions/A/LocalAuthenticationCredentialServices
dyld[50228]: <0C689EAA-E010-32DF-8313-E735948C2C1F> /System/Library/Frameworks/LocalAuthentication.framework/Support/SharedUtils.framework/Versions/A/SharedUtils
dyld[50228]: <21B8DFC2-5445-3DB7-A240-8898BD6D0335> /System/Library/PrivateFrameworks/PersistentConnection.framework/Versions/A/PersistentConnection
dyld[50228]: <15F2ADCE-8DD5-34C5-9950-EAD761CD0F43> /System/Library/PrivateFrameworks/SonicFoundation.framework/Versions/A/SonicFoundation
dyld[50228]: <E032FE73-53AA-373C-A762-4899BEBC470E> /System/Library/PrivateFrameworks/AsyncAlgorithmsInternal.framework/Versions/A/AsyncAlgorithmsInternal
dyld[50228]: <E258B361-D80C-3CC5-B417-7A78DB610AB7> /System/Library/PrivateFrameworks/FTAWD.framework/Versions/A/FTAWD
dyld[50228]: <5F1E6331-9ADF-307B-991F-922ED514D768> /System/Library/PrivateFrameworks/Dendrite.framework/Versions/A/Dendrite
dyld[50228]: <3491E886-8D4F-3A2A-A4CA-35BC079D91A7> /usr/lib/libtailspin.dylib
dyld[50228]: <79BD1154-6155-3251-8CB9-D2CFF54211E9> /System/Library/PrivateFrameworks/Osprey.framework/Versions/A/Osprey
dyld[50228]: <95DB1391-1609-3CA9-844E-97F65977EE5F> /System/Library/PrivateFrameworks/SiriTTS.framework/Versions/A/SiriTTS
dyld[50228]: <361FADC3-0D0E-3C2A-B263-8EB273392581> /System/Library/Frameworks/NaturalLanguage.framework/Versions/A/NaturalLanguage
dyld[50228]: <F5373459-93F9-3FFC-9A33-83B36F7436D7> /System/Library/PrivateFrameworks/GenerativeModels.framework/Versions/A/GenerativeModels
dyld[50228]: <BE5C4D6E-8285-350A-92B8-E55BF87FC008> /System/Library/PrivateFrameworks/SiriPowerInstrumentation.framework/Versions/A/SiriPowerInstrumentation
dyld[50228]: <32AB0FBF-AD5E-32C4-ABE8-4C6D522D928D> /usr/lib/swift/libswiftNaturalLanguage.dylib
dyld[50228]: <0EF0E9D6-A7CF-3BF0-BA1A-E4B62B089FE7> /System/Library/PrivateFrameworks/TailspinSymbolication.framework/Versions/A/TailspinSymbolication
dyld[50228]: <AC2C88AA-EAD2-3B73-B28C-923676ACD5CE> /System/Library/PrivateFrameworks/Darwinup.framework/Versions/A/Darwinup
dyld[50228]: <2D70CA46-5DFC-3597-9D1E-B3D67222EA90> /System/Library/PrivateFrameworks/SignpostSupport.framework/Versions/A/SignpostSupport
dyld[50228]: <982FCC35-02E9-334B-B16F-C394A4D3030D> /System/Library/PrivateFrameworks/FeatureFlagsSupport.framework/Versions/A/FeatureFlagsSupport
dyld[50228]: <64710074-2E58-3589-BA97-5AF6DFAC4EF9> /System/Library/PrivateFrameworks/ktrace.framework/Versions/A/ktrace
dyld[50228]: <6C466235-6A6E-336F-B64D-6A176B4901D8> /System/Library/PrivateFrameworks/SampleAnalysis.framework/Versions/A/SampleAnalysis
dyld[50228]: <BB91A103-3955-376C-B620-ACB354F629F7> /System/Library/PrivateFrameworks/kperfdata.framework/Versions/A/kperfdata
dyld[50228]: <D73F3A87-2B5B-3A62-82BD-3EA9B8864F60> /usr/lib/libdscsym.dylib
dyld[50228]: <34996EFC-118C-3BC5-8CBC-BAFF4EA005EE> /System/Library/PrivateFrameworks/AppleMobileFileIntegrity.framework/Versions/A/AppleMobileFileIntegrity
dyld[50228]: <294BEE33-EB78-3C9F-8B49-F6578E1FAEEC> /System/Library/PrivateFrameworks/BulkSymbolication.framework/Versions/A/BulkSymbolication
dyld[50228]: <E8A7564E-61D7-3E10-ADBE-8EB212A6BB9F> /usr/lib/libTLE.dylib
dyld[50228]: <2CD960E7-452C-3C36-838E-DADAA5B6C626> /usr/lib/libmis.dylib
dyld[50228]: <FBD3DC5C-6252-314A-9C12-4F77C50DD94A> /System/Library/PrivateFrameworks/ConfigProfileHelper.framework/Versions/A/ConfigProfileHelper
dyld[50228]: <47F8DAB7-3FC7-3D80-B4CF-2728A8602000> /System/Library/PrivateFrameworks/Espresso.framework/Versions/A/Espresso
dyld[50228]: <EC6D7756-43B6-3E8F-BF2C-D97ECAAF2FEF> /System/Library/Frameworks/CoreML.framework/Versions/A/CoreML
dyld[50228]: <14B48684-3D8B-3FD7-9578-9508758D2A69> /usr/lib/libedit.3.dylib
dyld[50228]: <934EE498-0657-36B5-AD04-7C6F15D768CF> /System/Library/PrivateFrameworks/ANECompiler.framework/Versions/A/ANECompiler
dyld[50228]: <EC64F960-903B-34DE-915F-463FF4E15C47> /System/Library/PrivateFrameworks/AppleNeuralEngine.framework/Versions/A/AppleNeuralEngine
dyld[50228]: <AE042F88-F861-30B9-85DF-B5A808DF3B96> /System/Library/PrivateFrameworks/MIL.framework/Versions/A/MIL
dyld[50228]: <0AB7E6D1-1EF1-3BF1-8487-5DBE6D392A28> /System/Library/Frameworks/MetalPerformanceShadersGraph.framework/Versions/A/MetalPerformanceShadersGraph
dyld[50228]: <A8FBB5D6-FCBA-3563-A47B-71113A53F23B> /System/Library/PrivateFrameworks/MLCompilerServices.framework/Versions/A/MLCompilerServices
dyld[50228]: <260A8F01-CEC2-3B3E-ABF5-CC46734C23BB> /System/Library/PrivateFrameworks/ANEServices.framework/Versions/A/ANEServices
dyld[50228]: <FA09099A-F6BE-3E5D-976D-5D7FF7EB153C> /usr/lib/libncurses.5.4.dylib
dyld[50228]: <99012E61-B039-36D9-A2AA-3F05929C8DD8> /usr/lib/libsandbox.1.dylib
dyld[50228]: <324806B5-4995-3A6F-981D-8CCE310ABCC7> /usr/lib/libMatch.1.dylib
dyld[50228]: <03CCE6D4-1402-353E-BE4D-F20E07E0B01D> /System/Library/PrivateFrameworks/ODIE.framework/Versions/A/ODIE
dyld[50228]: <8811C765-D95F-3E40-81A1-C7A8BB6AE5EC> /System/Library/PrivateFrameworks/MLModelAsset.framework/Versions/A/MLModelAsset
dyld[50228]: <9EB1F900-B76D-3793-8E5F-2310BE52C58F> /System/Library/PrivateFrameworks/MLCompilerRuntime.framework/Versions/A/MLCompilerRuntime
dyld[50228]: <521CAB8B-6323-3961-A886-7351232179EF> /System/Library/Frameworks/MLCompute.framework/Versions/A/MLCompute
dyld[50228]: <A9E34A44-9E78-3880-80C5-FA284EFDDACE> /System/Library/PrivateFrameworks/MLAssetIO.framework/Versions/A/MLAssetIO
dyld[50228]: <8D13BE34-B127-3D05-AD5A-F18D6FC37816> /usr/lib/swift/libswiftMLCompute.dylib
dyld[50228]: <6F460166-4FDB-38D4-907F-4F8003393CC1> /System/Library/PrivateFrameworks/AVFCore.framework/Versions/A/AVFCore
dyld[50228]: <1E16F4EC-2C48-3FD4-A898-58C4C1624351> /System/Library/PrivateFrameworks/AVFCapture.framework/Versions/A/AVFCapture
dyld[50228]: <7882FA98-7746-3B4B-82FC-588980C40F27> /System/Library/PrivateFrameworks/CMImaging.framework/Versions/A/CMImaging
dyld[50228]: <ED743625-1C3D-3531-8C76-4FD7F8DAEFCA> /System/Library/PrivateFrameworks/Quagga.framework/Versions/A/Quagga
dyld[50228]: <F6536223-1537-382C-B9F0-4FE444B101A1> /System/Library/PrivateFrameworks/CMCapture.framework/Versions/A/CMCapture
dyld[50228]: <B84247B4-9629-36EE-B778-7C97D089BCAC> /System/Library/Frameworks/CoreMediaIO.framework/Versions/A/CoreMediaIO
dyld[50228]: <CB5FAE1D-4753-3FF7-B96F-31740ABFAF69> /System/Library/PrivateFrameworks/CMCaptureDevice.framework/Versions/A/CMCaptureDevice
dyld[50228]: <7084AD73-38CC-3C09-986F-2FF5214649AC> /System/Library/PrivateFrameworks/CoreBrightness.framework/Versions/A/CoreBrightness
dyld[50228]: <A2D7E6D0-DFFA-3DF0-BC89-856AF7092E62> /System/Library/PrivateFrameworks/CinematicFraming.framework/Versions/A/CinematicFraming
dyld[50228]: <33CBFC96-62F6-3F1B-93D1-2E750F12C8D8> /System/Library/PrivateFrameworks/ModelManagerServices.framework/Versions/A/ModelManagerServices
dyld[50228]: <E1C8AE11-69E7-3AB7-86D1-08F8C2E58E6D> /System/Library/PrivateFrameworks/CPMS.framework/Versions/A/CPMS
dyld[50228]: <185142A6-1261-349D-9FE9-B32881E3D6FD> /System/Library/PrivateFrameworks/SystemStatus.framework/Versions/A/SystemStatus
dyld[50228]: <35484272-1BA4-385E-9344-68FA1E59177E> /System/Library/Frameworks/CoreMotion.framework/Versions/A/CoreMotion
dyld[50228]: <FD70FFE8-A457-3D27-B756-1C3B1FEF1EE2> /System/Library/PrivateFrameworks/TimeSync.framework/Versions/A/TimeSync
dyld[50228]: <349F2D22-CDF5-318C-9165-F2C6AE8E6985> /System/Library/PrivateFrameworks/DistributedSensing.framework/Versions/A/DistributedSensing
dyld[50228]: <1B8F1F39-0E06-3C99-A572-BE909D39D12A> /System/Library/PrivateFrameworks/MobileBluetooth.framework/Versions/A/MobileBluetooth
dyld[50228]: <CED906C3-8069-3CCA-BCEC-48BFCEFBB663> /System/Library/PrivateFrameworks/IOKitten.framework/Versions/A/IOKitten
dyld[50228]: <870EFF99-5053-343E-AE06-2E08A577AB99> /System/Library/PrivateFrameworks/AppleIntelligenceReporting.framework/Versions/A/AppleIntelligenceReporting
dyld[50228]: <63134068-067F-3491-9A1A-A56F27064C50> /System/Library/PrivateFrameworks/CoreEmoji.framework/Versions/A/CoreEmoji
dyld[50228]: <873D36B8-2B8A-36DA-9180-E4299BB87E58> /usr/lib/libCRFSuite.dylib
dyld[50228]: <A96246C5-B282-34DB-B2F5-9A17136C898A> /System/Library/PrivateFrameworks/LanguageModeling.framework/Versions/A/LanguageModeling
dyld[50228]: <E5D0F20E-BE93-3344-8DC3-2BCD4FEBCA52> /System/Library/PrivateFrameworks/CoreNLP.framework/Versions/A/CoreNLP
dyld[50228]: <E5DCCF51-ABD0-3463-9720-FB6B61EBDA62> /System/Library/PrivateFrameworks/Montreal.framework/Versions/A/Montreal
dyld[50228]: <16A2834C-0512-3AA7-B5B1-5BAF09A4992C> /usr/lib/libcmph.dylib
dyld[50228]: <BF02041A-D8D9-3A87-B261-817F969F1BA7> /usr/lib/libmecab.dylib
dyld[50228]: <A6A863B9-195F-3CD9-83E6-6C4A7294D025> /usr/lib/libThaiTokenizer.dylib
dyld[50228]: <B5796923-83BC-3524-BAC4-D9365655112C> /System/Library/PrivateFrameworks/GenerativeModelsFoundation.framework/Versions/A/GenerativeModelsFoundation
dyld[50228]: <93CA301B-9863-30D7-8D73-83A861068656> /System/Library/PrivateFrameworks/TokenGeneration.framework/Versions/A/TokenGeneration
dyld[50228]: <FFB7262E-7563-3AEA-A6FD-93A9B90A3605> /System/Library/PrivateFrameworks/GenerativeFunctions.framework/Versions/A/GenerativeFunctions
dyld[50228]: <2C7828AF-D838-39BC-AA38-1AFC7679C359> /System/Library/PrivateFrameworks/GenerativeFunctionsFoundation.framework/Versions/A/GenerativeFunctionsFoundation
dyld[50228]: <7572C842-E346-397E-9D85-66CDFC633348> /System/Library/PrivateFrameworks/ModelCatalog.framework/Versions/A/ModelCatalog
dyld[50228]: <976B9E3C-0775-3DBC-9ABB-2BB2CFF04BB1> /System/Library/PrivateFrameworks/SensitiveContentAnalysisML.framework/Versions/A/SensitiveContentAnalysisML
dyld[50228]: <B016BAF5-B2D7-31BF-B037-5309D11B9CE7> /System/Library/PrivateFrameworks/GenerativeFunctionsInstrumentation.framework/Versions/A/GenerativeFunctionsInstrumentation
dyld[50228]: <A5728B97-7120-32A2-AE57-3E89CBA11263> /System/Library/PrivateFrameworks/PromptKit.framework/Versions/A/PromptKit
dyld[50228]: <5F383DC7-FACF-3817-A9A7-FC875F20C735> /System/Library/PrivateFrameworks/ProactiveDaemonSupport.framework/Versions/A/ProactiveDaemonSupport
dyld[50228]: <B3AD55E2-1823-3220-B9C1-8C528979321D> /System/Library/PrivateFrameworks/TokenGenerationCore.framework/Versions/A/TokenGenerationCore
dyld[50228]: <E3CF5247-D64E-38C1-BF2F-B6D68A5A8AA3> /System/Library/PrivateFrameworks/Trial.framework/Versions/A/Trial
dyld[50228]: <C7663C2C-A738-345E-84DE-61B6FA8881BC> /System/Library/PrivateFrameworks/TrialProto.framework/Versions/A/TrialProto
dyld[50228]: <39CF02FF-2680-398A-A76C-717FED43CC55> /System/Library/PrivateFrameworks/AppleFlatBuffers.framework/Versions/A/AppleFlatBuffers
dyld[50228]: <C54CC0E3-1449-31F7-B343-DC81B650E529> /System/Library/PrivateFrameworks/SentencePieceInternal.framework/Versions/A/SentencePieceInternal
dyld[50228]: <A2608FDB-7539-33BD-8CCD-9E892F1C84EC> /System/Library/Frameworks/Vision.framework/Versions/A/Vision
dyld[50228]: <7CD15944-9AC5-30B4-A3BD-3241F67FDBEE> /System/Library/PrivateFrameworks/CoreSceneUnderstanding.framework/Versions/A/CoreSceneUnderstanding
dyld[50228]: <5401618B-C6BC-30D8-8187-100CA3C08AFE> /System/Library/PrivateFrameworks/VisionCore.framework/Versions/A/VisionCore
dyld[50228]: <23FA2B3D-D793-3FCD-82E7-97ED8C7910D4> /System/Library/PrivateFrameworks/DataDetectorsCore.framework/Versions/A/DataDetectorsCore
dyld[50228]: <CDCB612E-DDA7-32FA-B02F-219D40978476> /System/Library/Frameworks/Vision.framework/libfaceCore.dylib
dyld[50228]: <50B8FD24-DDC5-37B0-BD37-9A261B9E08ED> /System/Library/PrivateFrameworks/Futhark.framework/Versions/A/Futhark
dyld[50228]: <18712345-CF12-3440-865D-98D14623C0F4> /System/Library/PrivateFrameworks/InertiaCam.framework/Versions/A/InertiaCam
dyld[50228]: <0FA07A6F-6D74-3028-A8C4-039ED1C8A3F4> /System/Library/PrivateFrameworks/TextRecognition.framework/Versions/A/TextRecognition
dyld[50228]: <6EB2CD3F-E8CB-398B-9EC2-2E8103C9BC41> /System/Library/Frameworks/DataDetection.framework/Versions/A/DataDetection
dyld[50228]: <D736F58D-8BB3-3E66-A0ED-5AECB9043689> /System/Library/PrivateFrameworks/TextInput.framework/Versions/A/TextInput
dyld[50228]: <970C794C-CE06-3499-B8AE-4A39A48EFFFA> /System/Library/PrivateFrameworks/CVNLP.framework/Versions/A/CVNLP
dyld[50228]: <354739A5-D7D9-3454-BF2C-69C2FC7A3276> /System/Library/PrivateFrameworks/IntentsFoundation.framework/Versions/A/IntentsFoundation
dyld[50228]: <60963898-F697-3278-AF1C-96A268940A27> /System/Library/PrivateFrameworks/HIDDisplay.framework/Versions/A/HIDDisplay
dyld[50228]: <4F05B60B-F726-314D-9DA5-8F898B98E29E> /usr/lib/libcups.2.dylib
dyld[50228]: <61045540-CEE5-3987-AE84-241941A23E70> /System/Library/Frameworks/Kerberos.framework/Versions/A/Kerberos
dyld[50228]: <002A6291-6D59-320A-8F15-133FDC398A21> /usr/lib/libresolv.9.dylib
dyld[50228]: <9E1A9783-490E-3187-90B8-3749D6602399> /System/Library/PrivateFrameworks/Heimdal.framework/Versions/A/Heimdal
dyld[50228]: <CA1B9BC6-607E-30F0-954F-DA020D8778EC> /System/Library/Frameworks/Kerberos.framework/Versions/A/Libraries/libHeimdalProxy.dylib
dyld[50228]: <BF2E9C5E-CBB3-3228-8402-1BF55FD9765E> /System/Library/PrivateFrameworks/CommonAuth.framework/Versions/A/CommonAuth
dyld[50228]: <168B96FC-73D0-33AA-AEC9-59FDAD9AF3EC> /System/Library/PrivateFrameworks/AXCoreUtilities.framework/Versions/A/AXCoreUtilities
dyld[50228]: <C577E7DD-50FE-3BD0-8AED-CD244623F3BB> /System/Library/PrivateFrameworks/AttributeGraph.framework/Versions/A/AttributeGraph
dyld[50228]: <2803CABF-3518-3297-AEC2-3475E1941344> /usr/lib/libAXSafeCategoryBundle.dylib
dyld[50228]: <C6658004-6BF1-3491-9152-AA786701170B> /System/Library/Frameworks/TabularData.framework/Versions/A/TabularData
dyld[50228]: <B96E0C60-8E4F-3AD0-8C30-634A1C13BA0C> /System/Library/PrivateFrameworks/ArgumentParserInternal.framework/Versions/A/ArgumentParserInternal
dyld[50228]: <B98FEB65-21F7-307A-95FA-B36B80C018AA> /System/Library/Frameworks/Accelerate.framework/Versions/A/Frameworks/vecLib.framework/Versions/A/libvDSP.dylib
dyld[50228]: <A74A12EE-0D49-30AA-B403-35497BC18889> /System/Library/Frameworks/Accelerate.framework/Versions/A/Frameworks/vecLib.framework/Versions/A/libLAPACK.dylib
dyld[50228]: <676371DF-AF18-3EB9-9D7F-E6C1195FA25F> /System/Library/Frameworks/Accelerate.framework/Versions/A/Frameworks/vecLib.framework/Versions/A/libLinearAlgebra.dylib
dyld[50228]: <1E50E208-E26B-33E1-8425-0325EB493980> /System/Library/Frameworks/Accelerate.framework/Versions/A/Frameworks/vecLib.framework/Versions/A/libSparseBLAS.dylib
dyld[50228]: <F9902EDE-5AED-3BCF-BAAD-5CD302E20A6B> /System/Library/Frameworks/Accelerate.framework/Versions/A/Frameworks/vecLib.framework/Versions/A/libQuadrature.dylib
dyld[50228]: <DF22E2F1-49E8-3752-8B7C-ACED037C7E75> /System/Library/Frameworks/Accelerate.framework/Versions/A/Frameworks/vecLib.framework/Versions/A/libBNNS.dylib
dyld[50228]: <2359C0FC-462A-3ED6-96C9-95691B1201FB> /System/Library/Frameworks/Accelerate.framework/Versions/A/Frameworks/vecLib.framework/Versions/A/libSparse.dylib
dyld[50228]: <62BCC76E-4A5B-32CB-AEAD-7A701B4D8FEB> /System/Library/PrivateFrameworks/ApplePushService.framework/Versions/A/ApplePushService
dyld[50228]: <92C75109-6A8E-36AD-8520-85C0072419F5> /System/Library/Frameworks/CloudKit.framework/Versions/A/CloudKit
dyld[50228]: <1709E1F2-4546-3708-BF2F-607644960E77> /System/Library/PrivateFrameworks/CoreDuetDaemonProtocol.framework/Versions/A/CoreDuetDaemonProtocol
dyld[50228]: <293825F0-D85F-386A-BC5E-228DEF646C48> /System/Library/PrivateFrameworks/DeviceIdentity.framework/Versions/A/DeviceIdentity
dyld[50228]: <0CD7A862-6A86-3881-945F-F450CF86AD7B> /System/Library/Frameworks/SharedWithYouCore.framework/Versions/A/SharedWithYouCore
dyld[50228]: <2D4A13EB-A04D-3D4B-8837-F65CFD087FFD> /System/Library/PrivateFrameworks/CloudTelemetry.framework/Versions/A/CloudTelemetry
dyld[50228]: <B3A35BC4-184F-3269-8E8B-4E040F0CC07A> /System/Library/PrivateFrameworks/AppleAccount.framework/Versions/A/AppleAccount
dyld[50228]: <DB4DD7CC-6364-3D9F-85F3-A2C277660FF9> /System/Library/PrivateFrameworks/C2.framework/Versions/A/C2
dyld[50228]: <3F20D2EE-E948-3589-9AB8-112FE2F4453C> /System/Library/PrivateFrameworks/CloudCoreInternal.framework/Versions/A/CloudCoreInternal
dyld[50228]: <BCD7A3A4-BDD4-3784-8494-AD99C6EE5D13> /System/Library/PrivateFrameworks/CloudAsset.framework/Versions/A/CloudAsset
dyld[50228]: <BFD030A6-1326-38FB-B0EB-8D27524A42A0> /System/Library/Frameworks/PushKit.framework/Versions/A/PushKit
dyld[50228]: <AA4FF152-90BC-3DDA-B2C7-1F9FC4EAF34A> /System/Library/Frameworks/CoreTransferable.framework/Versions/A/CoreTransferable
dyld[50228]: <D04A8DDE-644C-3B4F-805E-AB87B200A8C1> /System/Library/PrivateFrameworks/NetAuth.framework/Versions/A/NetAuth
dyld[50228]: <39085810-317C-3ABB-B56D-833012AB10C7> /System/Library/PrivateFrameworks/login.framework/Versions/A/Frameworks/loginsupport.framework/Versions/A/loginsupport
dyld[50228]: <539887F2-240F-35B6-8D7E-843E978F9628> /System/Library/PrivateFrameworks/CloudTelemetryTools.framework/Versions/A/CloudTelemetryTools
dyld[50228]: <296196ED-7D51-3F23-9465-20D5A91B2D50> /System/Library/PrivateFrameworks/CloudTelemetryShared.dylib
dyld[50228]: <D3CF18E3-7827-30B3-965B-A4485DA7C23F> /System/Library/PrivateFrameworks/RTCReporting.framework/Versions/A/RTCReporting
dyld[50228]: <D8582DB7-DA40-31BC-A95D-CC8E339D2BCD> /System/Library/PrivateFrameworks/AAAFoundationSwift.framework/Versions/A/AAAFoundationSwift
dyld[50228]: <FB48D6CB-73FA-355B-BF6A-6D153114DE68> /System/Library/PrivateFrameworks/AppleIDSSOAuthentication.framework/Versions/A/AppleIDSSOAuthentication
dyld[50228]: <4B6D1FE0-027A-3385-B141-98A83B011A63> /System/Library/PrivateFrameworks/UIFoundation.framework/Versions/A/UIFoundation
dyld[50228]: <B733B674-40D5-3401-8528-DBA6C21783E0> /System/Library/PrivateFrameworks/CaptiveNetwork.framework/Versions/A/CaptiveNetwork
dyld[50228]: <99C447D4-CCDB-3749-AE45-65AE21CD190D> /System/Library/PrivateFrameworks/EAP8021X.framework/Versions/A/EAP8021X
dyld[50228]: <63026EBD-B261-34DF-BF5A-78B6D4157A91> /System/Library/PrivateFrameworks/CryptoKitPrivate.framework/Versions/A/CryptoKitPrivate
dyld[50228]: <E53845CD-DEDE-3BA3-942C-C8E836B28ADA> /System/Library/PrivateFrameworks/FindMyDevice.framework/Versions/A/FindMyDevice
dyld[50228]: <6A3A31E9-A838-31C1-90BD-598450802937> /System/Library/PrivateFrameworks/FMCoreLite.framework/Versions/A/FMCoreLite
dyld[50228]: <4EA70639-13CF-3078-B021-F017246C2FD8> /System/Library/Frameworks/ServiceManagement.framework/Versions/A/ServiceManagement
dyld[50228]: <A873D376-4A28-389E-A479-159368FA8677> /usr/lib/libCheckFix.dylib
dyld[50228]: <F2998DC5-E89D-3DC5-BC7C-B3AF717FDBC5> /System/Library/PrivateFrameworks/MetadataUtilities.framework/Versions/A/MetadataUtilities
dyld[50228]: <66AB0BE2-8C55-3E6A-A448-3FC7C5994DFA> /System/Library/PrivateFrameworks/InstalledContentLibrary.framework/Versions/A/InstalledContentLibrary
dyld[50228]: <1DCC6A9C-1FBC-3490-9D65-A4025E556FB0> /System/Library/PrivateFrameworks/CoreServicesStore.framework/Versions/A/CoreServicesStore
dyld[50228]: <8AE2A6D2-B312-36E9-8502-794BC2B1A538> /usr/lib/libapp_launch_measurement.dylib
dyld[50228]: <33D7F953-EC70-3D6C-A82F-780FC8DF3C30> /System/Library/PrivateFrameworks/MobileSystemServices.framework/Versions/A/MobileSystemServices
dyld[50228]: <3B0DF292-9C49-3AF0-A41F-A38066B43AC3> /usr/lib/libxslt.1.dylib
dyld[50228]: <C2ACE084-54F8-3A3A-AFE2-7383EEA19575> /System/Library/PrivateFrameworks/BackgroundTaskManagement.framework/Versions/A/BackgroundTaskManagement
dyld[50228]: <BBD15412-BA25-3FD3-ABF0-B7D6671A8CC4> /usr/lib/libcurl.4.dylib
dyld[50228]: <9CCBAEEB-F98B-33E5-A1D7-38F21A482DC4> /usr/lib/libcrypto.46.dylib
dyld[50228]: <F4261C66-E338-36AC-BB6B-88251E272384> /usr/lib/libssl.48.dylib
dyld[50228]: <6E9C38D1-E1F8-3076-BE56-AE8B50E59F46> /System/Library/Frameworks/LDAP.framework/Versions/A/LDAP
dyld[50228]: <BA45BC5B-411C-3A7C-8877-385ED817C54E> /System/Library/PrivateFrameworks/TrustEvaluationAgent.framework/Versions/A/TrustEvaluationAgent
dyld[50228]: <10CC737F-5D50-3958-BCE8-204495456ADB> /usr/lib/libsasl2.2.dylib
dyld[50228]: <994B5DBF-0B7F-34B7-B14C-454EDDED6D63> /System/Library/Frameworks/OpenCL.framework/Versions/A/OpenCL
dyld[50228]: move loaded to delayed: XPCSupport
dyld[50228]: move loaded to delayed: libcmark-gfm.dylib
dyld[50228]: move loaded to delayed: GenerationalStorage
dyld[50228]: move loaded to delayed: CacheDelete
dyld[50228]: move loaded to delayed: QuickLookThumbnailing
dyld[50228]: move loaded to delayed: FileProvider
dyld[50228]: move loaded to delayed: DesktopServicesPriv
dyld[50228]: move loaded to delayed: Accounts
dyld[50228]: move loaded to delayed: AOSKit
dyld[50228]: move loaded to delayed: AppSSOCore
dyld[50228]: move loaded to delayed: AVFoundation
dyld[50228]: move loaded to delayed: BackgroundSystemTasks
dyld[50228]: move loaded to delayed: DuetActivityScheduler
dyld[50228]: move loaded to delayed: FTServices
dyld[50228]: move loaded to delayed: InternationalSupport
dyld[50228]: move loaded to delayed: libMemoryResourceException.dylib
dyld[50228]: move loaded to delayed: NetworkScore
dyld[50228]: move loaded to delayed: NetworkServiceProxy
dyld[50228]: move loaded to delayed: StreamingExtractor
dyld[50228]: move loaded to delayed: SymptomReporter
dyld[50228]: move loaded to delayed: libnetworkextension.dylib
dyld[50228]: move loaded to delayed: CloudServices
dyld[50228]: move loaded to delayed: CoreWiFi
dyld[50228]: move loaded to delayed: Rapport
dyld[50228]: move loaded to delayed: SymptomAnalytics
dyld[50228]: move loaded to delayed: libcupolicy.dylib
dyld[50228]: move loaded to delayed: NetworkExtension
dyld[50228]: move loaded to delayed: libnwswifttls.dylib
dyld[50228]: move loaded to delayed: libpcap.A.dylib
dyld[50228]: move loaded to delayed: CoreDuetContext
dyld[50228]: move loaded to delayed: CoreDuet
dyld[50228]: move loaded to delayed: CoreLocation
dyld[50228]: move loaded to delayed: Intents
dyld[50228]: move loaded to delayed: _LocationEssentials
dyld[50228]: move loaded to delayed: libCGInterfaces.dylib
dyld[50228]: move loaded to delayed: AccelerateGPU
dyld[50228]: move loaded to delayed: ApplicationServices
dyld[50228]: move loaded to delayed: ATS
dyld[50228]: move loaded to delayed: HIServices
dyld[50228]: move loaded to delayed: PrintCore
dyld[50228]: move loaded to delayed: QD
dyld[50228]: move loaded to delayed: ColorSyncLegacy
dyld[50228]: move loaded to delayed: SpeechSynthesis
dyld[50228]: move loaded to delayed: AudioDSPGraph
dyld[50228]: move loaded to delayed: IconServices
dyld[50228]: move loaded to delayed: IconFoundation
dyld[50228]: move loaded to delayed: AssistantServices
dyld[50228]: move loaded to delayed: IconRendering
dyld[50228]: move loaded to delayed: CoreUI
dyld[50228]: move loaded to delayed: SFSymbols
dyld[50228]: move loaded to delayed: DeveloperToolsSupport
dyld[50228]: move loaded to delayed: RenderBox
dyld[50228]: move loaded to delayed: CoreSVG
dyld[50228]: move loaded to delayed: TextureIO
dyld[50228]: move loaded to delayed: libswiftCoreImage.dylib
dyld[50228]: move loaded to delayed: ATSUI
dyld[50228]: move loaded to delayed: SAObjects
dyld[50228]: move loaded to delayed: MediaRemote
dyld[50228]: move loaded to delayed: UserNotifications
dyld[50228]: move loaded to delayed: SiriInstrumentation
dyld[50228]: move loaded to delayed: SiriAnalytics
dyld[50228]: move loaded to delayed: SiriTTSService
dyld[50228]: move loaded to delayed: SiriCrossDeviceArbitration
dyld[50228]: move loaded to delayed: FeedbackLogger
dyld[50228]: move loaded to delayed: FaceTimeNameUtility
dyld[50228]: move loaded to delayed: AuthKit
dyld[50228]: move loaded to delayed: SiriCrossDeviceArbitrationFeedback
dyld[50228]: move loaded to delayed: libswiftCoreLocation.dylib
dyld[50228]: move loaded to delayed: libswiftAVFoundation.dylib
dyld[50228]: move loaded to delayed: UIKitServices
dyld[50228]: move loaded to delayed: UnifiedAssetFramework
dyld[50228]: move loaded to delayed: AudioAccessoryServices
dyld[50228]: move loaded to delayed: CoreBluetooth
dyld[50228]: move loaded to delayed: CoreUtils
dyld[50228]: move loaded to delayed: Sharing
dyld[50228]: move loaded to delayed: CoreUtilsExtras
dyld[50228]: move loaded to delayed: IO80211
dyld[50228]: move loaded to delayed: IDSFoundation
dyld[50228]: move loaded to delayed: Apple80211
dyld[50228]: move loaded to delayed: CoreWLAN
dyld[50228]: move loaded to delayed: IOBluetooth
dyld[50228]: move loaded to delayed: libswiftRegexBuilder.dylib
dyld[50228]: move loaded to delayed: IMFoundation
dyld[50228]: move loaded to delayed: Marco
dyld[50228]: move loaded to delayed: CommonUtilities
dyld[50228]: move loaded to delayed: Engram
dyld[50228]: move loaded to delayed: XPCDistributed
dyld[50228]: move loaded to delayed: libtidy.A.dylib
dyld[50228]: move loaded to delayed: Bom
dyld[50228]: move loaded to delayed: libParallelCompression.dylib
dyld[50228]: move loaded to delayed: libIOReport.dylib
dyld[50228]: move loaded to delayed: WiFiPeerToPeer
dyld[50228]: move loaded to delayed: Centauri
dyld[50228]: move loaded to delayed: libmrc.dylib
dyld[50228]: move loaded to delayed: IPConfiguration
dyld[50228]: move loaded to delayed: Netrb
dyld[50228]: move loaded to delayed: FrontBoardServices
dyld[50228]: move loaded to delayed: MultiverseSupport
dyld[50228]: move loaded to delayed: DiskManagement
dyld[50228]: move loaded to delayed: AppleIDAuthSupport
dyld[50228]: move loaded to delayed: AAAFoundation
dyld[50228]: move loaded to delayed: KeychainCircle
dyld[50228]: move loaded to delayed: URLFormatting
dyld[50228]: move loaded to delayed: libcsfde.dylib
dyld[50228]: move loaded to delayed: libCoreStorage.dylib
dyld[50228]: move loaded to delayed: ProtectedCloudStorage
dyld[50228]: move loaded to delayed: EFILogin
dyld[50228]: move loaded to delayed: OctagonTrust
dyld[50228]: move loaded to delayed: AudioUnit
dyld[50228]: move loaded to delayed: GeoServices
dyld[50228]: move loaded to delayed: LocationSupport
dyld[50228]: move loaded to delayed: GeoServicesCore
dyld[50228]: move loaded to delayed: PhoneNumbers
dyld[50228]: move loaded to delayed: LocationLogEncryption
dyld[50228]: move loaded to delayed: AVFAudio
dyld[50228]: move loaded to delayed: AVRouting
dyld[50228]: move loaded to delayed: libAccessibility.dylib
dyld[50228]: move loaded to delayed: MediaServices
dyld[50228]: move loaded to delayed: IDS
dyld[50228]: move loaded to delayed: IsolatedCoreAudioClient
dyld[50228]: move loaded to delayed: CoreAudioOrchestration
dyld[50228]: move loaded to delayed: MediaToolbox
dyld[50228]: move loaded to delayed: CoreAVCHD
dyld[50228]: move loaded to delayed: MediaAccessibility
dyld[50228]: move loaded to delayed: Mangrove
dyld[50228]: move loaded to delayed: CMPhoto
dyld[50228]: move loaded to delayed: CoreTelephony
dyld[50228]: move loaded to delayed: CoreAUC
dyld[50228]: move loaded to delayed: AppleJPEGXL
dyld[50228]: move loaded to delayed: libTelephonyUtilDynamic.dylib
dyld[50228]: move loaded to delayed: CryptoKit
dyld[50228]: move loaded to delayed: CryptoKitCBridging
dyld[50228]: move loaded to delayed: CryptoTokenKit
dyld[50228]: move loaded to delayed: LocalAuthentication
dyld[50228]: move loaded to delayed: LocalAuthenticationCore
dyld[50228]: move loaded to delayed: LocalAuthenticationCredentialServices
dyld[50228]: move loaded to delayed: SharedUtils
dyld[50228]: move loaded to delayed: PersistentConnection
dyld[50228]: move loaded to delayed: SonicFoundation
dyld[50228]: move loaded to delayed: AsyncAlgorithmsInternal
dyld[50228]: move loaded to delayed: FTAWD
dyld[50228]: move loaded to delayed: Dendrite
dyld[50228]: move loaded to delayed: libtailspin.dylib
dyld[50228]: move loaded to delayed: Osprey
dyld[50228]: move loaded to delayed: SiriTTS
dyld[50228]: move loaded to delayed: NaturalLanguage
dyld[50228]: move loaded to delayed: GenerativeModels
dyld[50228]: move loaded to delayed: SiriPowerInstrumentation
dyld[50228]: move loaded to delayed: libswiftNaturalLanguage.dylib
dyld[50228]: move loaded to delayed: TailspinSymbolication
dyld[50228]: move loaded to delayed: Darwinup
dyld[50228]: move loaded to delayed: SignpostSupport
dyld[50228]: move loaded to delayed: FeatureFlagsSupport
dyld[50228]: move loaded to delayed: ktrace
dyld[50228]: move loaded to delayed: SampleAnalysis
dyld[50228]: move loaded to delayed: kperfdata
dyld[50228]: move loaded to delayed: libdscsym.dylib
dyld[50228]: move loaded to delayed: BulkSymbolication
dyld[50228]: move loaded to delayed: Espresso
dyld[50228]: move loaded to delayed: CoreML
dyld[50228]: move loaded to delayed: libedit.3.dylib
dyld[50228]: move loaded to delayed: ANECompiler
dyld[50228]: move loaded to delayed: AppleNeuralEngine
dyld[50228]: move loaded to delayed: MetalPerformanceShadersGraph
dyld[50228]: move loaded to delayed: MLCompilerServices
dyld[50228]: move loaded to delayed: ANEServices
dyld[50228]: move loaded to delayed: libncurses.5.4.dylib
dyld[50228]: move loaded to delayed: libsandbox.1.dylib
dyld[50228]: move loaded to delayed: libMatch.1.dylib
dyld[50228]: move loaded to delayed: ODIE
dyld[50228]: move loaded to delayed: MLModelAsset
dyld[50228]: move loaded to delayed: MLCompilerRuntime
dyld[50228]: move loaded to delayed: MLCompute
dyld[50228]: move loaded to delayed: MLAssetIO
dyld[50228]: move loaded to delayed: libswiftMLCompute.dylib
dyld[50228]: move loaded to delayed: AVFCore
dyld[50228]: move loaded to delayed: AVFCapture
dyld[50228]: move loaded to delayed: CMImaging
dyld[50228]: move loaded to delayed: Quagga
dyld[50228]: move loaded to delayed: CMCapture
dyld[50228]: move loaded to delayed: CoreMediaIO
dyld[50228]: move loaded to delayed: CMCaptureDevice
dyld[50228]: move loaded to delayed: CoreBrightness
dyld[50228]: move loaded to delayed: CinematicFraming
dyld[50228]: move loaded to delayed: ModelManagerServices
dyld[50228]: move loaded to delayed: CPMS
dyld[50228]: move loaded to delayed: SystemStatus
dyld[50228]: move loaded to delayed: CoreMotion
dyld[50228]: move loaded to delayed: TimeSync
dyld[50228]: move loaded to delayed: DistributedSensing
dyld[50228]: move loaded to delayed: MobileBluetooth
dyld[50228]: move loaded to delayed: IOKitten
dyld[50228]: move loaded to delayed: AppleIntelligenceReporting
dyld[50228]: move loaded to delayed: CoreEmoji
dyld[50228]: move loaded to delayed: LanguageModeling
dyld[50228]: move loaded to delayed: Montreal
dyld[50228]: move loaded to delayed: libcmph.dylib
dyld[50228]: move loaded to delayed: GenerativeModelsFoundation
dyld[50228]: move loaded to delayed: TokenGeneration
dyld[50228]: move loaded to delayed: GenerativeFunctions
dyld[50228]: move loaded to delayed: GenerativeFunctionsFoundation
dyld[50228]: move loaded to delayed: ModelCatalog
dyld[50228]: move loaded to delayed: SensitiveContentAnalysisML
dyld[50228]: move loaded to delayed: GenerativeFunctionsInstrumentation
dyld[50228]: move loaded to delayed: PromptKit
dyld[50228]: move loaded to delayed: ProactiveDaemonSupport
dyld[50228]: move loaded to delayed: TokenGenerationCore
dyld[50228]: move loaded to delayed: Trial
dyld[50228]: move loaded to delayed: TrialProto
dyld[50228]: move loaded to delayed: AppleFlatBuffers
dyld[50228]: move loaded to delayed: SentencePieceInternal
dyld[50228]: move loaded to delayed: Vision
dyld[50228]: move loaded to delayed: CoreSceneUnderstanding
dyld[50228]: move loaded to delayed: VisionCore
dyld[50228]: move loaded to delayed: DataDetectorsCore
dyld[50228]: move loaded to delayed: libfaceCore.dylib
dyld[50228]: move loaded to delayed: Futhark
dyld[50228]: move loaded to delayed: InertiaCam
dyld[50228]: move loaded to delayed: TextRecognition
dyld[50228]: move loaded to delayed: DataDetection
dyld[50228]: move loaded to delayed: TextInput
dyld[50228]: move loaded to delayed: CVNLP
dyld[50228]: move loaded to delayed: IntentsFoundation
dyld[50228]: move loaded to delayed: libcups.2.dylib
dyld[50228]: move loaded to delayed: AXCoreUtilities
dyld[50228]: move loaded to delayed: AttributeGraph
dyld[50228]: move loaded to delayed: libAXSafeCategoryBundle.dylib
dyld[50228]: move loaded to delayed: TabularData
dyld[50228]: move loaded to delayed: ArgumentParserInternal
dyld[50228]: move loaded to delayed: ApplePushService
dyld[50228]: move loaded to delayed: CloudKit
dyld[50228]: move loaded to delayed: CoreDuetDaemonProtocol
dyld[50228]: move loaded to delayed: DeviceIdentity
dyld[50228]: move loaded to delayed: SharedWithYouCore
dyld[50228]: move loaded to delayed: CloudTelemetry
dyld[50228]: move loaded to delayed: AppleAccount
dyld[50228]: move loaded to delayed: C2
dyld[50228]: move loaded to delayed: CloudCoreInternal
dyld[50228]: move loaded to delayed: CloudAsset
dyld[50228]: move loaded to delayed: PushKit
dyld[50228]: move loaded to delayed: CoreTransferable
dyld[50228]: move loaded to delayed: CloudTelemetryTools
dyld[50228]: move loaded to delayed: CloudTelemetryShared.dylib
dyld[50228]: move loaded to delayed: RTCReporting
dyld[50228]: move loaded to delayed: AAAFoundationSwift
dyld[50228]: move loaded to delayed: AppleIDSSOAuthentication
dyld[50228]: move loaded to delayed: UIFoundation
dyld[50228]: move loaded to delayed: CaptiveNetwork
dyld[50228]: move loaded to delayed: EAP8021X
dyld[50228]: move loaded to delayed: CryptoKitPrivate
dyld[50228]: move loaded to delayed: FindMyDevice
dyld[50228]: move loaded to delayed: FMCoreLite
dyld[50228]: move loaded to delayed: ServiceManagement
dyld[50228]: <FD7C41CA-E53C-3102-9523-BE2BBC010303> /System/Library/Extensions/AppleMetalOpenGLRenderer.bundle/Contents/MacOS/AppleMetalOpenGLRenderer
dyld[50228]: <FBB971B5-C425-36BB-8853-F4789E8EF56C> /System/Library/Frameworks/OpenGL.framework/Versions/A/Resources/GLRendererFloat.bundle/GLRendererFloat
dyld[50228]: <005DEDF9-3D2E-3621-A59F-1AE8F901D0E0> /System/Library/Frameworks/OpenGL.framework/Versions/A/Libraries/libGLProgrammability.dylib
dyld[50228]: <CA4BAE89-7297-3CD5-ACE1-988FA95323C5> /System/Library/Extensions/AGXMetalG13X.bundle/Contents/MacOS/AGXMetalG13X
dyld[50228]: <5A3D4C45-71B5-3633-84EF-150B4AD338CE> /System/Library/PrivateFrameworks/IOGPU.framework/Versions/A/IOGPU
dyld[50228]: <150685FA-A0C9-317C-9770-A8157E8775C2> /opt/homebrew/Cellar/pmix/5.0.9/lib/pmix/pmix_mca_pcompress_zlib.so
dyld[50229]: <84CA03D5-B4CF-3F6A-B970-6C4946B73A24> /private/tmp/KDM6AD-pr390-small-diagnostics-20261008/harness/evidence/mpi_finalize_control_2026-10-08/runs/hostlib_without_observer/wrf.exe
dyld[50229]: <A7BFFC7E-CC01-3883-879E-664B2D838BEB> /private/tmp/KDM6AD-viirs-native-run-20261007/isolated_project/libtorch/install/lib/libkdm6_c.2.0.0.dylib
dyld[50229]: <A23C504E-78B2-3659-95DB-AAA4603E8FBD> /opt/homebrew/Caskroom/miniforge/base/lib/python3.9/site-packages/torch/lib/libtorch.dylib
dyld[50229]: <B6BD92AE-4D03-3F92-9E03-2E2594A12866> /opt/homebrew/Caskroom/miniforge/base/lib/python3.9/site-packages/torch/lib/libtorch_cpu.dylib
dyld[50229]: <D1057909-9D16-345A-8B8C-73FA6C3DB62C> /opt/homebrew/Caskroom/miniforge/base/lib/python3.9/site-packages/torch/lib/libc10.dylib
dyld[50229]: <0ED25051-71C3-3CDE-B965-F921667B749C> /opt/homebrew/Cellar/open-mpi/5.0.9/lib/libmpi_usempif08.40.dylib
dyld[50229]: <3070A8E4-8C1B-3536-B732-5F3691FD05B8> /opt/homebrew/Cellar/open-mpi/5.0.9/lib/libmpi_usempi_ignore_tkr.40.dylib
dyld[50229]: <AA2DF3EA-15D0-3157-B177-26D8136110FB> /opt/homebrew/Cellar/open-mpi/5.0.9/lib/libmpi_mpifh.40.dylib
dyld[50229]: <78A5B480-3CEA-3134-9F52-B0AE9EADE653> /opt/homebrew/Cellar/open-mpi/5.0.9/lib/libmpi.40.dylib
dyld[50229]: <6C809DFB-CF31-32A6-B7FF-C403FA721441> /opt/homebrew/Cellar/gcc/15.2.0/lib/gcc/current/libgfortran.5.dylib
dyld[50229]: <35AF3D2B-4B6C-3D5A-8959-C167A4D4A419> /opt/homebrew/Cellar/gcc/15.2.0/lib/gcc/current/libquadmath.0.dylib
dyld[50229]: <C18B43C3-0606-3B04-8865-D00745487E8B> /System/Library/Frameworks/Foundation.framework/Versions/C/Foundation
dyld[50229]: <1D62B376-2303-376A-B993-9432A2004EB6> /usr/lib/libobjc.A.dylib
dyld[50229]: <ADB84143-D965-3B3D-9BA5-EAB165A96490> /System/Library/Frameworks/CoreFoundation.framework/Versions/A/CoreFoundation
dyld[50229]: <442D7EC5-D327-3BA7-AC9E-F610AB233FAB> /System/Library/Frameworks/SystemConfiguration.framework/Versions/A/SystemConfiguration
dyld[50229]: <E4DB2DC8-3F00-308A-BFB5-65F71CB7D0D1> /usr/lib/libz.1.dylib
dyld[50229]: <6262E250-0A98-3E16-9062-8AD09CB13AEA> /System/Library/PrivateFrameworks/CoreAutoLayout.framework/Versions/A/CoreAutoLayout
dyld[50229]: <17DCD7AE-A1B7-3B5D-AB8A-3A1C482BD4D0> /usr/lib/libcmark-gfm.dylib
dyld[50229]: <ADE2A84A-0131-36E6-8CE2-BA226701BEF2> /usr/lib/libfakelink.dylib
dyld[50229]: <0EC52D41-3B72-3EC1-9522-A99CB4E88D63> /usr/lib/libcompression.dylib
dyld[50229]: <A26A8BA0-E0B5-3C4A-9B76-2D2491FA426F> /System/Library/Frameworks/CFNetwork.framework/Versions/A/CFNetwork
dyld[50229]: <DBEEB2D7-4F74-379B-9991-753B4B3A31C1> /System/Library/Frameworks/DiskArbitration.framework/Versions/A/DiskArbitration
dyld[50229]: <F1A229FF-C9E3-3103-9DA7-AB7E9F8FEF7A> /usr/lib/libarchive.2.dylib
dyld[50229]: <64AEDF19-F2F6-3E92-9396-711FD9E2D7AF> /usr/lib/libDiagnosticMessagesClient.dylib
dyld[50229]: <1DCC2DA6-D469-369F-8554-2777FEC31655> /usr/lib/libicucore.A.dylib
dyld[50229]: <C90946C4-CEE6-359B-BB2E-B20A7870A434> /usr/lib/libxml2.2.dylib
dyld[50229]: <5E0424D1-98D4-38E2-8AF2-9507D3B08DD9> /System/Library/Frameworks/CoreServices.framework/Versions/A/CoreServices
dyld[50229]: <37329BE8-053E-3997-8524-36DED44A3154> /usr/lib/liblangid.dylib
dyld[50229]: <BCD3F155-E14F-3191-A1F9-E6F24876FA89> /System/Library/Frameworks/IOKit.framework/Versions/A/IOKit
dyld[50229]: <E9E4C9A6-16BB-392C-96AA-07797764E2A1> /usr/lib/libSystem.B.dylib
dyld[50229]: <E470132E-3C4F-375E-9A33-B1EA0CD59B98> /System/Library/Frameworks/Combine.framework/Versions/A/Combine
dyld[50229]: <0DFA2D20-8D7F-3883-BF21-6B9954E74D8D> /System/Library/PrivateFrameworks/CollectionsInternal.framework/Versions/A/CollectionsInternal
dyld[50229]: <87E77AE8-41F7-399B-81C5-23115A20E2AB> /System/Library/PrivateFrameworks/ReflectionInternal.framework/Versions/A/ReflectionInternal
dyld[50229]: <1662B591-8508-3CF8-B700-AA4EABE970BA> /System/Library/PrivateFrameworks/RuntimeInternal.framework/Versions/A/RuntimeInternal
dyld[50229]: <089D0FBB-10B7-361F-A38A-A987B003185E> /System/Library/PrivateFrameworks/SoftLinking.framework/Versions/A/SoftLinking
dyld[50229]: <7E39E8F6-12CF-3DED-A388-6A2D0338DD7E> /usr/lib/swift/libswiftCore.dylib
dyld[50229]: <F5FC1302-25A3-322E-BF63-308930E8C57B> /usr/lib/swift/libswiftCoreFoundation.dylib
dyld[50229]: <D4F393FF-1E27-3CE7-A1BD-953E3F26F4AA> /usr/lib/swift/libswiftDarwin.dylib
dyld[50229]: <9B0D7D51-31D3-3DB2-89CE-6F0C8E104E20> /usr/lib/swift/libswiftDispatch.dylib
dyld[50229]: <23C3D636-B793-3CFE-A510-BA94FCA4A05C> /usr/lib/swift/libswiftIOKit.dylib
dyld[50229]: <6EB049B3-1C73-3081-922E-ACC82DDC13DC> /usr/lib/swift/libswiftObjectiveC.dylib
dyld[50229]: <49EB73B0-CC94-368C-BC8E-34D9B7244AE1> /usr/lib/swift/libswiftSystem.dylib
dyld[50229]: <7471185D-7C00-32CF-8F6F-DE37DBB0EF95> /usr/lib/swift/libswiftXPC.dylib
dyld[50229]: <AEED735C-6543-3FA4-A0F5-1BE6C370E160> /usr/lib/swift/libswift_Builtin_float.dylib
dyld[50229]: <D028A0AB-FBD5-36C3-9BA8-C41D40F38602> /usr/lib/swift/libswift_Concurrency.dylib
dyld[50229]: <9010E60D-F1FA-37DB-BB92-731AAE930186> /usr/lib/swift/libswift_DarwinFoundation1.dylib
dyld[50229]: <14609DB2-BEB8-3D00-BBB9-5722A6F86B7E> /usr/lib/swift/libswift_StringProcessing.dylib
dyld[50229]: <DCEFDB82-75C6-3C53-B737-5D0EFBDA57CC> /usr/lib/swift/libswiftos.dylib
dyld[50229]: <CCDE1614-20B7-354C-B201-99C5C4CC589D> /usr/lib/libc++abi.dylib
dyld[50229]: <3DBB2990-262D-3776-8FAC-B88C0373DCF0> /usr/lib/libRosetta.dylib
dyld[50229]: <32327062-C3A2-389E-ABFE-68A9942422E3> /usr/lib/libc++.1.dylib
dyld[50229]: <E9032B59-9047-3728-B102-D51439DB3CD1> /usr/lib/libswiftPrespecialized.dylib
dyld[50229]: <A13AF0DC-5928-38BE-97FF-E04C29EF96AF> /usr/lib/system/libcache.dylib
dyld[50229]: <EBA6E4D0-4DD2-33BB-BF95-48A58591AAAD> /usr/lib/system/libcommonCrypto.dylib
dyld[50229]: <9EE26D98-97BF-3BE0-B6BE-425284AB2D24> /usr/lib/system/libcompiler_rt.dylib
dyld[50229]: <BA7266A8-BF4B-32BF-A323-F4B2EBCDC0B0> /usr/lib/system/libcopyfile.dylib
dyld[50229]: <057A41E9-2A2E-39CD-B198-387734EED870> /usr/lib/system/libcorecrypto.dylib
dyld[50229]: <80E75F3F-333F-38A8-A3DD-6279FCDB771B> /usr/lib/system/libdispatch.dylib
dyld[50229]: <70073E6E-4CDD-314F-BBDF-EC7FF6CE2DFC> /usr/lib/system/libdyld.dylib
dyld[50229]: <AD45B9EE-CE2B-3E1F-B96B-15F7F9FA3712> /usr/lib/system/libkeymgr.dylib
dyld[50229]: <95DEC6C1-4480-3303-8A52-9AFC3D8C9219> /usr/lib/system/libmacho.dylib
dyld[50229]: <45146171-F0C1-3104-AE01-6AAD841A70B5> /usr/lib/system/libquarantine.dylib
dyld[50229]: <33530415-3DB6-3556-A59A-24C22681D632> /usr/lib/system/libremovefile.dylib
dyld[50229]: <FF6BE113-1093-3D23-8A55-E0A5B327CA8E> /usr/lib/system/libsystem_asl.dylib
dyld[50229]: <B33F1440-9364-38E4-AF85-8A21BFF24324> /usr/lib/system/libsystem_blocks.dylib
dyld[50229]: <3498CA79-EF40-3587-AD44-75187CEE7D95> /usr/lib/system/libsystem_c.dylib
dyld[50229]: <34CEFA68-1E15-32F2-A5B1-97C0170A77C5> /usr/lib/system/libsystem_collections.dylib
dyld[50229]: <7725D903-1D37-33E7-82AF-2260661C81A8> /usr/lib/system/libsystem_configuration.dylib
dyld[50229]: <118BC21E-B17D-32A2-9B65-16256131974F> /usr/lib/system/libsystem_containermanager.dylib
dyld[50229]: <BF51842C-BC69-3725-9EB2-7A52804963F8> /usr/lib/system/libsystem_coreservices.dylib
dyld[50229]: <B808D04B-2798-36C9-96F6-35534BDFCF11> /usr/lib/system/libsystem_darwin.dylib
dyld[50229]: <6246210A-5279-391D-8F58-E62A87CAB309> /usr/lib/system/libsystem_darwindirectory.dylib
dyld[50229]: <71833E65-58B3-3C06-A4F3-D69D476CCC3C> /usr/lib/system/libsystem_dnssd.dylib
dyld[50229]: <85C0486B-60BE-3E10-ABBF-DD74341B7376> /usr/lib/system/libsystem_eligibility.dylib
dyld[50229]: <5725BCFE-07F3-3629-9B44-551A435E2DE2> /usr/lib/system/libsystem_featureflags.dylib
dyld[50229]: <0037F576-2C50-36F0-9F36-6CB7A049D5B1> /usr/lib/system/libsystem_info.dylib
dyld[50229]: <A2858495-5B01-3D11-955D-FF6F25E88A6E> /usr/lib/system/libsystem_m.dylib
dyld[50229]: <B7ED74D2-5A24-3F39-9296-EE5688FF4B63> /usr/lib/system/libsystem_malloc.dylib
dyld[50229]: <83F224A4-40C4-3106-A97B-788D1D961DCB> /usr/lib/system/libsystem_networkextension.dylib
dyld[50229]: <922BDCF4-CD33-3EEB-BC56-9DCAE54F8F65> /usr/lib/system/libsystem_notify.dylib
dyld[50229]: <7B54AAA3-EB32-3853-8F0E-EB956EC957A1> /usr/lib/system/libsystem_sandbox.dylib
dyld[50229]: <A8C4F7FC-3443-35F7-B306-068D06237ED0> /usr/lib/system/libsystem_sanitizers.dylib
dyld[50229]: <B6B286B6-6E08-3578-8AFC-E4C55697C760> /usr/lib/system/libsystem_secinit.dylib
dyld[50229]: <EE805B14-29F2-360D-9A2C-3221A1211833> /usr/lib/system/libsystem_kernel.dylib
dyld[50229]: <3AF14164-15FE-3623-9EE3-46DE29FD5B5A> /usr/lib/system/libsystem_platform.dylib
dyld[50229]: <A58BEABD-7AC0-35F8-BCFF-E4FFBD79E938> /usr/lib/system/libsystem_pthread.dylib
dyld[50229]: <7F0D4E31-268A-3EBB-8A2C-30CCC771A5A5> /usr/lib/system/libsystem_symptoms.dylib
dyld[50229]: <314A8A89-4715-32B9-ABC2-B3087149C8B7> /usr/lib/system/libsystem_trace.dylib
dyld[50229]: <83FF8DEB-1153-35BA-99C3-2AEF9B7559CD> /usr/lib/system/libsystem_trial.dylib
dyld[50229]: <201827AE-90B0-38B1-9729-50455B607293> /usr/lib/system/libunwind.dylib
dyld[50229]: <E26A36A6-4B8F-321C-AE17-54353F9EEE84> /usr/lib/system/libxpc.dylib
dyld[50229]: <12CA970B-B566-3EC9-AD8C-A29621C39ED2> /System/Library/PrivateFrameworks/XPCSupport.framework/Versions/A/XPCSupport
dyld[50229]: <096A80E0-43BE-3E53-A065-58E7294ECAD0> /System/Library/Frameworks/Security.framework/Versions/A/Security
dyld[50229]: <C2ACE084-54F8-3A3A-AFE2-7383EEA19575> /System/Library/PrivateFrameworks/BackgroundTaskManagement.framework/Versions/A/BackgroundTaskManagement
dyld[50229]: <1E89146A-9C2B-3038-B14B-28AC5CEB88CA> /System/Library/PrivateFrameworks/CoreServicesInternal.framework/Versions/A/CoreServicesInternal
dyld[50229]: <3DBB2990-262D-3776-8FAC-B88C0373DCF0> /usr/lib/liboah.dylib
dyld[50229]: <DF262BC8-6FD5-3711-A3F5-74EA84CB1EEA> /System/Library/PrivateFrameworks/GenerationalStorage.framework/Versions/A/GenerationalStorage
dyld[50229]: <506D4797-3A8A-372B-824D-11F22CC52047> /System/Library/PrivateFrameworks/CacheDelete.framework/Versions/A/CacheDelete
dyld[50229]: <D913E9A5-8328-33CC-807F-5B8E517489F9> /System/Library/Frameworks/QuickLookThumbnailing.framework/Versions/A/QuickLookThumbnailing
dyld[50229]: <54AB6B56-FBEB-371A-A8CA-4CEE8E2DB415> /System/Library/Frameworks/FileProvider.framework/Versions/A/FileProvider
dyld[50229]: <A95243A3-30BA-31B1-BD0D-E7A51E2B6B8B> /System/Library/PrivateFrameworks/DiskImages.framework/Versions/A/DiskImages
dyld[50229]: <4E390E87-FE21-399D-8A43-4BF2750C5A77> /System/Library/Frameworks/NetFS.framework/Versions/A/NetFS
dyld[50229]: <2600367B-9848-32D8-826F-AA183FE7E1DC> /System/Library/PrivateFrameworks/DesktopServicesPriv.framework/Versions/A/DesktopServicesPriv
dyld[50229]: <5A74D8B7-D870-39AA-863D-8718B69C3A87> /System/Library/Frameworks/CoreServices.framework/Versions/A/Frameworks/FSEvents.framework/Versions/A/FSEvents
dyld[50229]: <627D09C4-40F0-310F-AB12-AA419CA9598E> /System/Library/Frameworks/CoreServices.framework/Versions/A/Frameworks/CarbonCore.framework/Versions/A/CarbonCore
dyld[50229]: <3852B926-BC08-39C1-9CA9-C3F895BD89E9> /System/Library/Frameworks/CoreServices.framework/Versions/A/Frameworks/Metadata.framework/Versions/A/Metadata
dyld[50229]: <17B070E4-39A8-35F5-9981-37EFA30DD701> /System/Library/Frameworks/CoreServices.framework/Versions/A/Frameworks/OSServices.framework/Versions/A/OSServices
dyld[50229]: <E0FCA8AD-A12E-3EA6-ACAC-C2CFDEBB102D> /System/Library/Frameworks/CoreServices.framework/Versions/A/Frameworks/SearchKit.framework/Versions/A/SearchKit
dyld[50229]: <EA4B9595-8D7F-3B5E-9072-27FA8FCDFEA0> /System/Library/Frameworks/CoreServices.framework/Versions/A/Frameworks/AE.framework/Versions/A/AE
dyld[50229]: <13981C10-A9C3-3AA4-A86C-07CD1B658A00> /System/Library/Frameworks/CoreServices.framework/Versions/A/Frameworks/LaunchServices.framework/Versions/A/LaunchServices
dyld[50229]: <DFB5B11F-087E-39DB-8B03-76A73008F030> /System/Library/Frameworks/CoreServices.framework/Versions/A/Frameworks/DictionaryServices.framework/Versions/A/DictionaryServices
dyld[50229]: <5118BC7D-EA1E-3AA0-9A5D-EC4CDE67EC7C> /System/Library/Frameworks/CoreServices.framework/Versions/A/Frameworks/SharedFileList.framework/Versions/A/SharedFileList
dyld[50229]: <24313FDE-140D-3460-AEBC-61E285D22976> /usr/lib/libapple_nghttp2.dylib
dyld[50229]: <FA81FC7D-A418-36C7-80DC-F23D6D66D852> /usr/lib/libsqlite3.dylib
dyld[50229]: <DD85BD2B-E75D-3434-A706-CCB9649F627E> /System/Library/Frameworks/Accounts.framework/Versions/A/Accounts
dyld[50229]: <2A2F6C27-038D-38B7-8BCF-B4DB8670A445> /System/Library/PrivateFrameworks/AOSKit.framework/Versions/A/AOSKit
dyld[50229]: <0F52F694-2878-32CA-A887-E8BC72ECE6F7> /System/Library/PrivateFrameworks/AppSSOCore.framework/Versions/A/AppSSOCore
dyld[50229]: <40E2D644-CC61-303D-957B-B2AA6D2B6907> /System/Library/PrivateFrameworks/AppSupport.framework/Versions/A/AppSupport
dyld[50229]: <562527C4-3505-347E-9EE4-B12AC0563C45> /System/Library/Frameworks/AVFoundation.framework/Versions/A/AVFoundation
dyld[50229]: <FE0D1D34-8842-31BC-A8B7-72AFBD6359AD> /System/Library/PrivateFrameworks/BackgroundSystemTasks.framework/Versions/A/BackgroundSystemTasks
dyld[50229]: <D901A599-F5A4-3F37-879D-B8D2281312DE> /System/Library/PrivateFrameworks/CoreAnalytics.framework/Versions/A/CoreAnalytics
dyld[50229]: <8871EBD4-3306-32E6-9FE6-8A35C9ECA7C8> /System/Library/Frameworks/CoreGraphics.framework/Versions/A/CoreGraphics
dyld[50229]: <552D4AB7-D44E-3DAD-9900-EFBDC54FC9B7> /System/Library/PrivateFrameworks/DuetActivityScheduler.framework/Versions/A/DuetActivityScheduler
dyld[50229]: <5C5F4AD7-36D2-3911-96C5-B405902AA74B> /System/Library/PrivateFrameworks/FTServices.framework/Versions/A/FTServices
dyld[50229]: <8D181B55-758C-3CDB-835B-4F620B9D5BA8> /System/Library/Frameworks/GSS.framework/Versions/A/GSS
dyld[50229]: <48CF0E32-AA61-3990-AF99-F9FF82339019> /System/Library/PrivateFrameworks/InternationalSupport.framework/Versions/A/InternationalSupport
dyld[50229]: <E9DF81E3-C762-35AB-BE8B-E39BB9A025E4> /usr/lib/libMemoryResourceException.dylib
dyld[50229]: <9ADA97F6-4D08-3B27-B879-2F55486AA867> /System/Library/PrivateFrameworks/NetworkScore.framework/Versions/A/NetworkScore
dyld[50229]: <785C1009-EDB3-331B-95B0-8337371F3C8B> /System/Library/PrivateFrameworks/NetworkServiceProxy.framework/Versions/A/NetworkServiceProxy
dyld[50229]: <9CD3619D-B517-3F88-B35F-0B6D39495E31> /System/Library/PrivateFrameworks/RunningBoardServices.framework/Versions/A/RunningBoardServices
dyld[50229]: <D5886CD9-AB60-3AF3-827F-0D0F7685EA46> /System/Library/PrivateFrameworks/StreamingExtractor.framework/Versions/A/StreamingExtractor
dyld[50229]: <B4BBBCA7-D9E9-3D8F-B9D7-A0EA4A1347E3> /System/Library/PrivateFrameworks/StreamingZip.framework/Versions/A/StreamingZip
dyld[50229]: <D1A35669-31F3-3690-96FA-DCF366FFE839> /System/Library/PrivateFrameworks/SymptomReporter.framework/Versions/A/SymptomReporter
dyld[50229]: <1A584316-EEC8-3137-8BA7-AFBE50DF5883> /usr/lib/libenergytrace.dylib
dyld[50229]: <4F73B633-DF78-3E12-9304-36AAEFFEE1CC> /usr/lib/libnetworkextension.dylib
dyld[50229]: <3853CB92-7E37-3A29-B6B2-81AAFEB9E951> /System/Library/Frameworks/Network.framework/Versions/A/Network
dyld[50229]: <C63E7165-3AC7-3104-99EE-A984265C7DF2> /usr/lib/libbsm.0.dylib
dyld[50229]: <4DA71DB4-2A84-3315-BA60-771A9A68FCD4> /usr/lib/system/libkxld.dylib
dyld[50229]: <C3164877-CB17-3764-80C6-DCB694C17F64> /System/Library/PrivateFrameworks/AppleKeyStore.framework/Versions/A/AppleKeyStore
dyld[50229]: <6209C014-7DDE-3FA3-9118-954393060FDC> /usr/lib/libCoreEntitlements.dylib
dyld[50229]: <0DAE2428-9918-329A-9C2C-FAC35974C991> /System/Library/PrivateFrameworks/MessageSecurity.framework/Versions/A/MessageSecurity
dyld[50229]: <8445F0D6-8667-3E5D-9071-C70B131E7B61> /System/Library/PrivateFrameworks/ProtocolBuffer.framework/Versions/A/ProtocolBuffer
dyld[50229]: <EA773761-E0FB-31DB-8EBC-5F2F25A02298> /System/Library/PrivateFrameworks/CloudServices.framework/Versions/A/CloudServices
dyld[50229]: <981B22F6-55EC-368E-BBA0-017C639D8174> /System/Library/PrivateFrameworks/SymptomDiagnosticReporter.framework/Versions/A/SymptomDiagnosticReporter
dyld[50229]: <D8D91D12-DA64-3C6A-9CEF-B80BED29370E> /System/Library/PrivateFrameworks/CrashReporterSupport.framework/Versions/A/CrashReporterSupport
dyld[50229]: <194DE7B9-C0BF-348A-9855-90E41F8C74EE> /usr/lib/libMobileGestalt.dylib
dyld[50229]: <F94BA7CD-07EC-32D3-A06D-82383C934BD4> /System/Library/PrivateFrameworks/AppleFSCompression.framework/Versions/A/AppleFSCompression
dyld[50229]: <250936F1-FE65-3746-AE71-56384ECC8419> /usr/lib/libcoretls.dylib
dyld[50229]: <8288A14F-19BD-3CE1-B758-0AC8C0DBC494> /usr/lib/libcoretls_cfhelpers.dylib
dyld[50229]: <4DD45409-F205-3FBF-832F-22928AE3597A> /usr/lib/libpam.2.dylib
dyld[50229]: <87B48212-EA55-3985-9ADE-B2FED87CC358> /usr/lib/libxar.1.dylib
dyld[50229]: <5DE06663-D39E-3090-A5F6-49A0E226DB6A> /System/Library/PrivateFrameworks/APFS.framework/Versions/A/APFS
dyld[50229]: <D382032D-FCEA-3886-B497-3952D5EA0429> /System/Library/PrivateFrameworks/SwiftASN1Internal.framework/Versions/A/SwiftASN1Internal
dyld[50229]: <E3316786-3660-3F3E-A002-6AEBD7A77E20> /usr/lib/libutil.dylib
dyld[50229]: <FAB4C56B-86C3-3C4F-9C94-5424C8E5D7BA> /System/Library/PrivateFrameworks/AppleSystemInfo.framework/Versions/A/AppleSystemInfo
dyld[50229]: <811E1C0F-5325-3FB2-ABFA-855AC08F510F> /System/Library/PrivateFrameworks/IOMobileFramebuffer.framework/Versions/A/IOMobileFramebuffer
dyld[50229]: <980DCBCE-DA4F-3255-A575-3DC93B6421E8> /System/Library/Frameworks/IOSurface.framework/Versions/A/IOSurface
dyld[50229]: <B0ED8EC1-2A74-33CE-8250-ADA6004665A8> /System/Library/PrivateFrameworks/CoreWiFi.framework/Versions/A/CoreWiFi
dyld[50229]: <576C80FD-BEFD-3E63-9AE5-2E7896ECFB9C> /System/Library/PrivateFrameworks/LoggingSupport.framework/Versions/A/LoggingSupport
dyld[50229]: <9F0B80E6-21F3-3B15-A9E6-07C9DC7F92E8> /System/Library/PrivateFrameworks/MobileAsset.framework/Versions/A/MobileAsset
dyld[50229]: <6B78F2B3-DC0A-392E-A83E-2E9BE9CEC006> /System/Library/PrivateFrameworks/PowerLog.framework/Versions/A/PowerLog
dyld[50229]: <BBD7BE36-F6DB-3981-BBE5-65425770CB51> /System/Library/PrivateFrameworks/Rapport.framework/Versions/A/Rapport
dyld[50229]: <1FB8D183-945C-3ACF-B5CA-CD5CB403DD33> /System/Library/Frameworks/SwiftData.framework/Versions/A/SwiftData
dyld[50229]: <499E4CAC-CB05-35EB-ACAF-1907A06F72F6> /System/Library/PrivateFrameworks/Symptoms.framework/Versions/A/Frameworks/SymptomAnalytics.framework/Versions/A/SymptomAnalytics
dyld[50229]: <5D7862C3-EFB4-3CF0-A7D5-8DB1FC3A581E> /System/Library/Frameworks/UniformTypeIdentifiers.framework/Versions/A/UniformTypeIdentifiers
dyld[50229]: <13C7D776-746D-3238-8E6C-B7366816974C> /System/Library/PrivateFrameworks/UserManagement.framework/Versions/A/UserManagement
dyld[50229]: <3D06F086-FA5E-320C-8BCE-EECE4B3DCCFF> /usr/lib/libboringssl.dylib
dyld[50229]: <1FB0A772-940F-397E-9739-03713B011B3D> /usr/lib/libcupolicy.dylib
dyld[50229]: <7D585F8D-E25A-3961-A991-70FC2A4A68F5> /usr/lib/libdns_services.dylib
dyld[50229]: <7439F3F5-8DCF-3626-9D4B-82E6E9DC4F6C> /System/Library/Frameworks/NetworkExtension.framework/Versions/A/NetworkExtension
dyld[50229]: <6AB51E9B-19ED-349C-B672-E3BFE1600123> /usr/lib/libnwswifttls.dylib
dyld[50229]: <9413E39D-F801-33FE-80D8-86000B3F889B> /usr/lib/libpcap.A.dylib
dyld[50229]: <DC1C6608-D464-3491-8A95-9C0990338A42> /usr/lib/libquic.dylib
dyld[50229]: <F09B4A99-0E34-3C89-A238-17DF2AA3DB0C> /usr/lib/libusrtcp.dylib
dyld[50229]: <43048DE0-2CF1-364C-A087-42C78020BF98> /System/Library/PrivateFrameworks/AtomicsInternal.framework/Versions/A/AtomicsInternal
dyld[50229]: <28367C89-09D9-3FD3-9785-400B18D1A3BE> /System/Library/PrivateFrameworks/InternalSwiftProtobuf.framework/Versions/A/InternalSwiftProtobuf
dyld[50229]: <8EB60E26-AB3C-32A5-B929-422377D98A8A> /usr/lib/swift/libswiftDistributed.dylib
dyld[50229]: <0D024482-86A7-3D12-B813-263030085201> /usr/lib/swift/libswiftObservation.dylib
dyld[50229]: <8724FA96-C03B-3D6B-8DAA-03B33DE03C01> /usr/lib/swift/libswiftSynchronization.dylib
dyld[50229]: <39320E6E-C885-325A-8E05-46299431F631> /System/Library/PrivateFrameworks/AggregateDictionary.framework/Versions/A/AggregateDictionary
dyld[50229]: <54FAE991-061E-380D-9C90-7A471EEE7C72> /System/Library/PrivateFrameworks/CoreDuetContext.framework/Versions/A/CoreDuetContext
dyld[50229]: <F8EBE4EA-1BFE-36AE-A6DC-D229E2834356> /System/Library/PrivateFrameworks/BiomeLibrary.framework/Versions/A/BiomeLibrary
dyld[50229]: <62FED855-84A1-3E2C-BD95-347F0008CE4D> /System/Library/PrivateFrameworks/CoreDuet.framework/Versions/A/CoreDuet
dyld[50229]: <57D209D5-E6C5-3A5E-84EE-59819541AE13> /System/Library/PrivateFrameworks/BiomeStreams.framework/Versions/A/BiomeStreams
dyld[50229]: <F80EA57A-03C2-3A0D-8393-77AA76514CDB> /System/Library/PrivateFrameworks/BiomeFoundation.framework/Versions/A/BiomeFoundation
dyld[50229]: <1CF0A38C-0E3B-3C6A-A398-8A22CB539C8E> /System/Library/PrivateFrameworks/BiomePubSub.framework/Versions/A/BiomePubSub
dyld[50229]: <0E165051-218B-3732-8F53-236E07761116> /System/Library/Frameworks/CoreData.framework/Versions/A/CoreData
dyld[50229]: <A59F1416-C4B2-3C08-A888-C30256A546F7> /System/Library/PrivateFrameworks/ProactiveSupport.framework/Versions/A/ProactiveSupport
dyld[50229]: <E1267C1A-32C6-3DDB-9492-BA9F661D7026> /System/Library/Frameworks/CoreLocation.framework/Versions/A/CoreLocation
dyld[50229]: <7DB0F974-03B0-3090-A9FE-85F8C18886B2> /System/Library/Frameworks/Intents.framework/Versions/A/Intents
dyld[50229]: <614B6BA6-0A1E-3A0D-9BB9-6390A545BE38> /System/Library/Frameworks/_LocationEssentials.framework/Versions/A/_LocationEssentials
dyld[50229]: <A9563C70-3C72-3504-AAD0-E73E927159C3> /usr/lib/liblzma.5.dylib
dyld[50229]: <12890E6D-2282-3986-AF30-816846E0F85B> /System/Library/Frameworks/Accelerate.framework/Versions/A/Accelerate
dyld[50229]: <E70D41AE-5777-30B7-9991-493B13DBE5DB> /System/Library/PrivateFrameworks/MobileKeyBag.framework/Versions/A/MobileKeyBag
dyld[50229]: <0361FEB2-4BCA-343F-8E7F-E6437DE2BA55> /System/Library/PrivateFrameworks/InternationalTextSearch.framework/Versions/A/InternationalTextSearch
dyld[50229]: <26309F6C-7649-35DC-9224-EC0A621C2FE8> /System/Library/PrivateFrameworks/SoftwareUpdateCoreSupport.framework/Versions/A/SoftwareUpdateCoreSupport
dyld[50229]: <E0B8577A-B9F8-3D60-85F2-8B43AB87EB33> /System/Library/PrivateFrameworks/SoftwareUpdateCoreConnect.framework/Versions/A/SoftwareUpdateCoreConnect
dyld[50229]: <DF5E83C3-3E3E-39D2-93DA-6789CFE09833> /System/Library/PrivateFrameworks/RemoteServiceDiscovery.framework/Versions/A/RemoteServiceDiscovery
dyld[50229]: <B67F1F22-22F4-30C7-84E5-A1E279CE84FD> /System/Library/PrivateFrameworks/MSUDataAccessor.framework/Versions/A/MSUDataAccessor
dyld[50229]: <44EBA806-1C6E-30E7-AC00-E8D7A8F708C0> /usr/lib/libbootpolicy.dylib
dyld[50229]: <4D2CF21E-8017-30E7-9C3A-C5069AE01F6F> /System/Library/PrivateFrameworks/RemoteXPC.framework/Versions/A/RemoteXPC
dyld[50229]: <165E0967-B467-3542-B41F-D05E2D35D477> /usr/lib/libFDR.dylib
dyld[50229]: <B129CCB3-CC5A-3C81-8538-E5834D106B53> /usr/lib/libamsupport.dylib
dyld[50229]: <C57D932C-4539-3815-8BA3-C4628663A76D> /usr/lib/libReverseProxyDevice.dylib
dyld[50229]: <81A1C715-8F45-3061-B466-BE8951020ADE> /System/Library/PrivateFrameworks/AppleDeviceQuerySupport.framework/Versions/A/AppleDeviceQuerySupport
dyld[50229]: <66AF2013-AD83-3C69-85DE-E4FB7F273632> /usr/lib/libpartition2_dynamic.dylib
dyld[50229]: <78071698-F976-3AD1-BB7E-176B11BE1AA5> /System/Library/PrivateFrameworks/AppleSauce.framework/Versions/A/AppleSauce
dyld[50229]: <A2582E5F-F7E6-3084-BB27-2C789501E47B> /usr/lib/libAppleArchive.dylib
dyld[50229]: <0824081F-39D6-33E2-94B8-C33B231C81FF> /usr/lib/libbz2.1.0.dylib
dyld[50229]: <1C8CC389-CE64-3B3F-97AA-A1BFBD99D2C1> /System/Library/Frameworks/Accelerate.framework/Versions/A/Frameworks/vImage.framework/Versions/A/vImage
dyld[50229]: <8F00D025-76AB-3AFC-80D9-31684A1D574C> /System/Library/Frameworks/Accelerate.framework/Versions/A/Frameworks/vecLib.framework/Versions/A/vecLib
dyld[50229]: <9AA556D7-C597-3315-A119-BCC3C345FB26> /System/Library/Frameworks/Accelerate.framework/Versions/A/Frameworks/vecLib.framework/Versions/A/libvMisc.dylib
dyld[50229]: <184463A9-267F-3C68-B7B4-8F2642C77648> /System/Library/Frameworks/Accelerate.framework/Versions/A/Frameworks/vImage.framework/Versions/A/Libraries/libCGInterfaces.dylib
dyld[50229]: <3F40CE6A-DC88-372E-B197-090D83AAD86A> /System/Library/PrivateFrameworks/AccelerateGPU.framework/Versions/A/AccelerateGPU
dyld[50229]: <6EE5A2F5-FD5B-3E70-89AD-B95619151E6A> /System/Library/Frameworks/Accelerate.framework/Versions/A/Frameworks/vecLib.framework/Versions/A/libBLAS.dylib
dyld[50229]: <A2DCCA6A-4B19-3510-814C-9432BD184A9C> /System/Library/Frameworks/ApplicationServices.framework/Versions/A/ApplicationServices
dyld[50229]: <97D8F3BE-3618-3D1C-B091-6F58BE12FAD1> /System/Library/Frameworks/CoreVideo.framework/Versions/A/CoreVideo
dyld[50229]: <505BFEDB-09C2-37BB-968E-7CAA06F0D5D9> /System/Library/Frameworks/ColorSync.framework/Versions/A/ColorSync
dyld[50229]: <6724CE42-A528-3BA6-AEBB-EC7C0D4BC56C> /System/Library/Frameworks/CoreText.framework/Versions/A/CoreText
dyld[50229]: <D8C1E694-DD38-3E4B-AF31-075B8E912D23> /System/Library/Frameworks/ImageIO.framework/Versions/A/ImageIO
dyld[50229]: <8DC7F743-5692-3F54-A638-F05976A64EB8> /System/Library/Frameworks/ApplicationServices.framework/Versions/A/Frameworks/ATS.framework/Versions/A/ATS
dyld[50229]: <37FD2045-A2B9-3668-96E6-011121486CBA> /System/Library/Frameworks/ApplicationServices.framework/Versions/A/Frameworks/HIServices.framework/Versions/A/HIServices
dyld[50229]: <16239BBA-E003-374F-A235-6BC0C9787E07> /System/Library/Frameworks/ApplicationServices.framework/Versions/A/Frameworks/PrintCore.framework/Versions/A/PrintCore
dyld[50229]: <F11E3021-457D-32F5-96A1-19641F599A47> /System/Library/Frameworks/ApplicationServices.framework/Versions/A/Frameworks/QD.framework/Versions/A/QD
dyld[50229]: <86500DBF-1E7E-325A-A55C-9A966FC5147D> /System/Library/Frameworks/ApplicationServices.framework/Versions/A/Frameworks/ColorSyncLegacy.framework/Versions/A/ColorSyncLegacy
dyld[50229]: <62263122-C8F2-35A0-93B9-0F6ED7B90345> /System/Library/Frameworks/ApplicationServices.framework/Versions/A/Frameworks/SpeechSynthesis.framework/Versions/A/SpeechSynthesis
dyld[50229]: <CD5F2362-8462-38D4-8C57-0BCD4E04F962> /System/Library/PrivateFrameworks/SkyLight.framework/Versions/A/SkyLight
dyld[50229]: <90621BC3-4A16-3BF7-B384-3194F517A9B6> /System/Library/PrivateFrameworks/FontServices.framework/libFontParser.dylib
dyld[50229]: <BBEAEC70-0458-3A37-9884-EB8BA991B5B2> /System/Library/PrivateFrameworks/BaseBoard.framework/Versions/A/BaseBoard
dyld[50229]: <5955D381-FC7E-392A-8858-FEA7FC0E9AF5> /System/Library/PrivateFrameworks/BoardServices.framework/Versions/A/BoardServices
dyld[50229]: <18A604B3-AA79-39B4-AFF8-04C081C70AF9> /System/Library/PrivateFrameworks/BackBoardServices.framework/Versions/A/BackBoardServices
dyld[50229]: <50904B52-E93E-3684-B195-4ADFC7578837> /System/Library/PrivateFrameworks/BackBoardHIDEventFoundation.framework/Versions/A/BackBoardHIDEventFoundation
dyld[50229]: <42F8E70D-8B00-3F77-9888-6ADFD21E419C> /System/Library/Frameworks/CoreDisplay.framework/Versions/A/CoreDisplay
dyld[50229]: <BC0EC514-ED6C-3069-8F1F-71A3CC7E3506> /System/Library/Frameworks/VideoToolbox.framework/Versions/A/VideoToolbox
dyld[50229]: <B22F152B-70EA-3686-BC9E-F4B4A23ECDC5> /System/Library/Frameworks/MetalPerformanceShaders.framework/Versions/A/MetalPerformanceShaders
dyld[50229]: <02C16EC1-0F6A-35DE-AA44-1F97D3B2FCC9> /System/Library/PrivateFrameworks/ProDisplayLibrary.framework/Versions/A/ProDisplayLibrary
dyld[50229]: <D308650E-04AA-3FFA-8016-F92A009583E4> /System/Library/PrivateFrameworks/IOSurfaceAccelerator.framework/Versions/A/IOSurfaceAccelerator
dyld[50229]: <5192171C-7963-364B-906E-A7C6FCC289A2> /System/Library/Frameworks/Metal.framework/Versions/A/Metal
dyld[50229]: <B4470C45-276C-3ABC-A50A-09813A75D92F> /System/Library/PrivateFrameworks/IOAccelerator.framework/Versions/A/IOAccelerator
dyld[50229]: <0EC488E4-B00F-3662-A61D-2AEF7D6DC495> /System/Library/Frameworks/CoreMedia.framework/Versions/A/CoreMedia
dyld[50229]: <3BC4BFE7-2666-3BA0-BEEB-550EBB717692> /System/Library/PrivateFrameworks/TCC.framework/Versions/A/TCC
dyld[50229]: <7959ABCD-AB3E-3826-9478-481D57808E5A> /System/Library/PrivateFrameworks/WatchdogClient.framework/Versions/A/WatchdogClient
dyld[50229]: <DF88B985-E9A5-310B-990F-1ECBB86CE4CC> /System/Library/Frameworks/QuartzCore.framework/Versions/A/QuartzCore
dyld[50229]: <8C75235A-DF75-360D-A93B-C09645222413> /System/Library/PrivateFrameworks/MultitouchSupport.framework/Versions/A/MultitouchSupport
dyld[50229]: <014F4B48-5D67-370F-96AB-32E30745B619> /usr/lib/swift/libswiftAccelerate.dylib
dyld[50229]: <9D00A952-F20A-3576-A504-43F4ACAEDD36> /usr/lib/swift/libswiftCoreAudio.dylib
dyld[50229]: <4710B99E-37C4-3F7B-BAB0-5ACA6F1231EC> /usr/lib/swift/libswiftCoreMedia.dylib
dyld[50229]: <31BE5521-F202-34F3-A2F5-82AAE1A5E006> /usr/lib/swift/libswiftMetal.dylib
dyld[50229]: <9E6680B9-DED4-3EED-BE0D-B17B87A774AF> /usr/lib/swift/libswiftOSLog.dylib
dyld[50229]: <7CCBEB85-167F-34DB-B007-B5476F190B63> /usr/lib/swift/libswiftQuartzCore.dylib
dyld[50229]: <C56D7B1D-FB84-3087-90A4-295768410946> /usr/lib/swift/libswiftUniformTypeIdentifiers.dylib
dyld[50229]: <34DB5466-5B9A-3658-A66D-2F8718A1A633> /usr/lib/swift/libswiftVideoToolbox.dylib
dyld[50229]: <B841C29B-340E-3DFA-8946-585C218C6A0C> /usr/lib/swift/libswiftsimd.dylib
dyld[50229]: <C404FAEC-421E-36D7-B342-D38863AB8D19> /System/Library/PrivateFrameworks/BiomeStorage.framework/Versions/A/BiomeStorage
dyld[50229]: <E57B6924-E645-3CC6-9943-63D3CEEFFE34> /System/Library/PrivateFrameworks/IntelligencePlatformLibrary.framework/Versions/A/IntelligencePlatformLibrary
dyld[50229]: <2039208B-D706-3CF4-A87F-F27BE89C45F9> /System/Library/PrivateFrameworks/PoirotSchematizer.framework/Versions/A/PoirotSchematizer
dyld[50229]: <9DB42D7C-E2E1-3DCF-9078-D541B3803CDA> /System/Library/PrivateFrameworks/BiomeSync.framework/Versions/A/BiomeSync
dyld[50229]: <58091704-8332-30A8-BE10-F148F0E2B5AC> /System/Library/PrivateFrameworks/BiomeDSL.framework/Versions/A/BiomeDSL
dyld[50229]: <63DC9704-D3F6-3505-84AA-4744662C6A85> /System/Library/PrivateFrameworks/FeatureFlags.framework/Versions/A/FeatureFlags
dyld[50229]: <D5194566-C55C-3D6B-9B6D-6044DD141DE1> /System/Library/PrivateFrameworks/PoirotUDFs.framework/Versions/A/PoirotUDFs
dyld[50229]: <67E63B4C-4D7B-3A10-9109-BBD029447851> /usr/lib/swift/libswift_DarwinFoundation2.dylib
dyld[50229]: <5127E34D-DBF0-399A-95C2-700FF5C62A02> /usr/lib/swift/libswift_DarwinFoundation3.dylib
dyld[50229]: <9238EED9-7424-3EBC-BECF-E0F046C4CED2> /System/Library/PrivateFrameworks/CoreTime.framework/Versions/A/CoreTime
dyld[50229]: <20288349-686B-37CB-9D84-9566FCFFC979> /usr/lib/libiconv.2.dylib
dyld[50229]: <A2E8DF49-5A82-3DB3-88A1-D8E1B6516F8B> /usr/lib/libcharset.1.dylib
dyld[50229]: <67EC3686-F23C-3C0B-AE66-34FCAAD521CB> /System/Library/PrivateFrameworks/PoirotSQLite.framework/Versions/A/PoirotSQLite
dyld[50229]: <14699117-5DA7-310B-8E01-FAB5BDCDC53E> /usr/lib/swift/libswift_RegexParser.dylib
dyld[50229]: <AB4D3ED8-3ED8-3070-BB56-7A279E02B895> /System/Library/PrivateFrameworks/CascadeSets.framework/Versions/A/CascadeSets
dyld[50229]: <B9AF3994-811E-3D50-B2A8-F2BACF6B1205> /System/Library/PrivateFrameworks/CorePhoneNumbers.framework/Versions/A/CorePhoneNumbers
dyld[50229]: <861A310F-68FB-393B-898B-BAADAEE2366D> /System/Library/PrivateFrameworks/AppleJPEG.framework/Versions/A/AppleJPEG
dyld[50229]: <0D5AE600-87F2-33EA-BD47-481AB0A13960> /usr/lib/libexpat.1.dylib
dyld[50229]: <8D855916-D266-3546-AC25-13F40BDE4916> /System/Library/Frameworks/ImageIO.framework/Versions/A/Resources/libPng.dylib
dyld[50229]: <C4EF60EC-F57A-388E-A75F-DA0FF752560C> /System/Library/Frameworks/ImageIO.framework/Versions/A/Resources/libTIFF.dylib
dyld[50229]: <0A2ACF07-8A0B-3A24-8908-CEE660E2240B> /System/Library/Frameworks/ImageIO.framework/Versions/A/Resources/libGIF.dylib
dyld[50229]: <D6771749-026F-303A-B7AF-8453B1930124> /System/Library/Frameworks/ImageIO.framework/Versions/A/Resources/libJP2.dylib
dyld[50229]: <0683FB66-0AFE-3920-A894-65F657D949F3> /usr/lib/libate.dylib
dyld[50229]: <A41EB50C-F1E5-3462-B685-5A3B166F0DAF> /System/Library/Frameworks/ImageIO.framework/Versions/A/Resources/libJPEG.dylib
dyld[50229]: <DF198A7A-E7B5-3D02-81A1-2242FED93374> /System/Library/Frameworks/ImageIO.framework/Versions/A/Resources/libRadiance.dylib
dyld[50229]: <891D8FB9-8145-36E5-BBAE-62D61609017B> /System/Library/PrivateFrameworks/GPUCompiler.framework/Versions/32023/Libraries/libllvm-flatbuffers.dylib
dyld[50229]: <2CFA85BC-22EE-3D6A-9FD5-E10B4F5F4558> /System/Library/PrivateFrameworks/FramePacing.framework/Versions/A/FramePacing
dyld[50229]: <0C49E231-DECE-36A5-85D2-398DB2A1BA52> /System/Library/Frameworks/OpenGL.framework/Versions/A/Libraries/libCoreFSCache.dylib
dyld[50229]: <FEABB728-79BC-3BF2-9EC3-F2B9C1004A5C> /System/Library/PrivateFrameworks/GPUCompiler.framework/Versions/32023/Libraries/libGPUCompilerUtils.dylib
dyld[50229]: <5C9B67AE-A63C-365C-8B8A-BD8A88112D6C> /System/Library/PrivateFrameworks/GraphicsServices.framework/Versions/A/GraphicsServices
dyld[50229]: <3B7DAC4A-1E43-3CF2-9403-E8FECC377580> /System/Library/Frameworks/OpenGL.framework/Versions/A/OpenGL
dyld[50229]: <DA2AB2DC-847C-3860-9813-B1EA95F4FA4B> /System/Library/Frameworks/OpenGL.framework/Versions/A/Libraries/libGLU.dylib
dyld[50229]: <3B54123D-F52F-342D-9644-5608921F963F> /System/Library/Frameworks/OpenGL.framework/Versions/A/Libraries/libGFXShared.dylib
dyld[50229]: <0DE6C657-966F-3D61-906C-62FA569AEB2F> /System/Library/Frameworks/OpenGL.framework/Versions/A/Libraries/libGL.dylib
dyld[50229]: <92CC599F-57AC-311D-A8D5-CB570BC39886> /System/Library/Frameworks/OpenGL.framework/Versions/A/Libraries/libGLImage.dylib
dyld[50229]: <1D2CBB98-7A71-3A02-B152-2AF5DBE3D1B5> /System/Library/Frameworks/OpenGL.framework/Versions/A/Libraries/libCVMSPluginSupport.dylib
dyld[50229]: <ECB35CC4-0F62-3AB7-AEC3-A2BFB7469E93> /System/Library/Frameworks/OpenGL.framework/Versions/A/Libraries/libCoreVMClient.dylib
dyld[50229]: <E536D4EA-4A69-36C8-AD24-E31AD947ED34> /System/Library/PrivateFrameworks/GPUWrangler.framework/Versions/A/GPUWrangler
dyld[50229]: <99734842-0D43-382B-B159-9BE7FAB2D49A> /System/Library/PrivateFrameworks/IOPresentment.framework/Versions/A/IOPresentment
dyld[50229]: <5A4C570E-E196-3F44-934C-BBABAD85F882> /System/Library/PrivateFrameworks/DSExternalDisplay.framework/Versions/A/DSExternalDisplay
dyld[50229]: <D65B393D-3DBB-38FF-93FE-BB7A63C7154D> /System/Library/PrivateFrameworks/VideoToolboxParavirtualizationSupport.framework/Versions/A/VideoToolboxParavirtualizationSupport
dyld[50229]: <29DF7632-4F8C-3C1A-962E-F7DC53025CB7> /System/Library/PrivateFrameworks/AppleVA.framework/Versions/A/AppleVA
dyld[50229]: <470C195D-2465-32FB-A940-D6A1DDFA3B9A> /System/Library/Frameworks/ExtensionFoundation.framework/Versions/A/ExtensionFoundation
dyld[50229]: <328E21CB-CF9C-333B-9C5B-54C784B9A301> /System/Library/PrivateFrameworks/CMCaptureCore.framework/Versions/A/CMCaptureCore
dyld[50229]: <EA01F4F5-5B53-3199-821A-2C40EAEA51A9> /usr/lib/libspindump.dylib
dyld[50229]: <1B6BA86A-7937-3894-B5E9-A60E1E40B8AE> /System/Library/Frameworks/CoreAudio.framework/Versions/A/CoreAudio
dyld[50229]: <997B0ACC-FBF2-3B74-8F0D-BD4FCE114895> /System/Library/PrivateFrameworks/AppServerSupport.framework/Versions/A/AppServerSupport
dyld[50229]: <F9BA8F11-725E-3193-8286-7E511BD9483D> /System/Library/PrivateFrameworks/perfdata.framework/Versions/A/perfdata
dyld[50229]: <33C0F74A-6257-337A-B1CF-9B8DF67CAFAA> /System/Library/PrivateFrameworks/AudioDSPGraph.framework/Versions/A/AudioDSPGraph
dyld[50229]: <6086D741-DCD6-3203-9981-FF2104745DA9> /System/Library/PrivateFrameworks/AudioToolboxCore.framework/Versions/A/AudioToolboxCore
dyld[50229]: <17D94B6F-C622-36F7-B775-2FE1F8A749B8> /System/Library/PrivateFrameworks/caulk.framework/Versions/A/caulk
dyld[50229]: <5C016DB5-65A6-30D6-9ADB-73F306FF1D8C> /usr/lib/libAudioStatistics.dylib
dyld[50229]: <78D2C254-6948-3ED5-AAE1-BDB5D209F100> /System/Library/PrivateFrameworks/SystemPolicy.framework/Versions/A/SystemPolicy
dyld[50229]: <919A3107-895B-39E3-A5B6-3B0A7B665E08> /usr/lib/libSMC.dylib
dyld[50229]: <02FA41D4-BAE5-3254-B696-A93A679BFBAA> /usr/lib/swift/libswiftCoreMIDI.dylib
dyld[50229]: <B9E70AF5-FFB9-3503-8668-4E83C1A54981> /System/Library/Frameworks/CoreMIDI.framework/Versions/A/CoreMIDI
dyld[50229]: <FB11A6DA-BB60-39C7-85D0-1A8617237337> /usr/lib/libAudioToolboxUtility.dylib
dyld[50229]: <EBC004E1-7C36-3FB5-B297-75B27297B2BA> /usr/lib/libperfcheck.dylib
dyld[50229]: <A3FF818C-C859-3C62-9BA7-F126B6D641CC> /System/Library/PrivateFrameworks/AudioAnalytics.framework/Versions/A/AudioAnalytics
dyld[50229]: <E91CE975-CDCF-3A38-9C10-46515A1F2A71> /System/Library/Frameworks/OSLog.framework/Versions/A/OSLog
dyld[50229]: <E5A19223-55EF-3ACE-86D6-5E4C7453226A> /System/Library/PrivateFrameworks/OSEligibility.framework/Versions/A/OSEligibility
dyld[50229]: <AFED0DF3-63AB-347B-A573-73D4B304A1E3> /System/Library/PrivateFrameworks/IconServices.framework/Versions/A/IconServices
dyld[50229]: <BEDD0E23-C326-37F4-8387-D8E4621EBCD3> /System/Library/Frameworks/LightweightCodeRequirements.framework/Versions/A/LightweightCodeRequirements
dyld[50229]: <4A67E28C-FAB3-3251-92A6-AB1E2B37F2E9> /System/Library/PrivateFrameworks/PlugInKit.framework/Versions/A/PlugInKit
dyld[50229]: <86AC7BCD-A13F-30B6-A723-1BFAA9CD8CC2> /System/Library/PrivateFrameworks/AssertionServices.framework/Versions/A/AssertionServices
dyld[50229]: <BED6FCCE-CDE3-368D-8AD0-00E92464658E> /System/Library/PrivateFrameworks/IconFoundation.framework/Versions/A/IconFoundation
dyld[50229]: <1DC63834-1A60-3FC8-9FDD-92400FFF74C0> /System/Library/PrivateFrameworks/AssistantServices.framework/Versions/A/AssistantServices
dyld[50229]: <B94C480E-3666-322F-906D-0543C59B4846> /System/Library/PrivateFrameworks/IconRendering.framework/Versions/A/IconRendering
dyld[50229]: <7C3BAC81-E6E1-3F0E-8AFF-5A3912FF2C9B> /System/Library/PrivateFrameworks/CoreUI.framework/Versions/A/CoreUI
dyld[50229]: <BFE7CCA2-299D-35AE-B97C-9C9F6CB7C628> /System/Library/Frameworks/CoreImage.framework/Versions/A/CoreImage
dyld[50229]: <213A812D-E0F1-322F-9E83-1CC183ABB340> /System/Library/PrivateFrameworks/SFSymbols.framework/Versions/A/SFSymbols
dyld[50229]: <F0CBAC8F-3992-39B2-874D-513EBDDD9540> /System/Library/Frameworks/DeveloperToolsSupport.framework/Versions/A/DeveloperToolsSupport
dyld[50229]: <F1D57CF3-6353-3EAF-8DB7-8FA7D2C607CC> /System/Library/PrivateFrameworks/RenderBox.framework/Versions/A/RenderBox
dyld[50229]: <7436E126-73CC-30EE-BF48-BAB0AE382792> /System/Library/PrivateFrameworks/CoreSVG.framework/Versions/A/CoreSVG
dyld[50229]: <2D2BE324-F508-3749-8A42-7A19C6429625> /System/Library/PrivateFrameworks/TextureIO.framework/Versions/A/TextureIO
dyld[50229]: <F8294310-2FA1-3874-B702-9CC2F588116E> /usr/lib/swift/libswiftCoreImage.dylib
dyld[50229]: <61AD2AE3-BAF5-37FF-A4DD-ED221184E591> /System/Library/PrivateFrameworks/GraphVisualizer.framework/Versions/A/GraphVisualizer
dyld[50229]: <4FF88376-5BD6-30A2-BC7A-3980A6B75747> /System/Library/PrivateFrameworks/FontServices.framework/Versions/A/FontServices
dyld[50229]: <DCBC1DC8-7728-32D8-BED1-D94AAE388F58> /System/Library/PrivateFrameworks/OTSVG.framework/Versions/A/OTSVG
dyld[50229]: <E697F2AF-E225-3F97-8296-3A072D5D3ABB> /System/Library/Frameworks/ApplicationServices.framework/Versions/A/Frameworks/ATS.framework/Versions/A/Resources/libFontRegistry.dylib
dyld[50229]: <5C27D0D2-E8BA-3FE1-9069-002A86516F75> /usr/lib/libhvf.dylib
dyld[50229]: <145B46E8-5DDD-39F4-A2C2-19254BB3E64B> /System/Library/PrivateFrameworks/ParsingInternal.framework/Versions/A/ParsingInternal
dyld[50229]: <2CD23373-684A-338C-B3E2-E5CFE9E22665> /System/Library/PrivateFrameworks/FontServices.framework/libXTFontStaticRegistryData.dylib
dyld[50229]: <A14BF218-2400-3671-9CF9-A585F546D3D7> /System/Library/Frameworks/MetalPerformanceShaders.framework/Versions/A/Frameworks/MPSCore.framework/Versions/A/MPSCore
dyld[50229]: <A02CA05F-E8B5-3DF2-BF46-9424B0CEB2E4> /System/Library/Frameworks/MetalPerformanceShaders.framework/Versions/A/Frameworks/MPSImage.framework/Versions/A/MPSImage
dyld[50229]: <F119A3BA-5272-3181-A9CF-5F1537D5584C> /System/Library/Frameworks/MetalPerformanceShaders.framework/Versions/A/Frameworks/MPSNeuralNetwork.framework/Versions/A/MPSNeuralNetwork
dyld[50229]: <FFAF8C61-C08D-35B8-AA02-B537F9210905> /System/Library/Frameworks/MetalPerformanceShaders.framework/Versions/A/Frameworks/MPSMatrix.framework/Versions/A/MPSMatrix
dyld[50229]: <A9CED6ED-873D-3123-B221-111DE040A93D> /System/Library/Frameworks/MetalPerformanceShaders.framework/Versions/A/Frameworks/MPSRayIntersector.framework/Versions/A/MPSRayIntersector
dyld[50229]: <BBC9B11F-9817-3C36-913D-BD34E0543F92> /System/Library/Frameworks/MetalPerformanceShaders.framework/Versions/A/Frameworks/MPSNDArray.framework/Versions/A/MPSNDArray
dyld[50229]: <ECFF295E-9911-36C0-968B-5319D8577A7A> /System/Library/Frameworks/MetalPerformanceShaders.framework/Versions/A/Frameworks/MPSFunctions.framework/Versions/A/MPSFunctions
dyld[50229]: <B6F74347-6E57-3805-B9E1-4470C8FA9E38> /System/Library/Frameworks/MetalPerformanceShaders.framework/Versions/A/Frameworks/MPSBenchmarkLoop.framework/Versions/A/MPSBenchmarkLoop
dyld[50229]: <DE2582E7-16C0-3564-8CC2-702B305BD2F0> /System/Library/Frameworks/MetalPerformanceShaders.framework/Versions/A/Frameworks/MPSHost.framework/Versions/A/MPSHost
dyld[50229]: <7DA73466-576B-3025-A247-954A7D5306A8> /System/Library/PrivateFrameworks/MetalTools.framework/Versions/A/MetalTools
dyld[50229]: <9B8660AC-5EDE-3EED-894E-CECACF7130AB> /System/Library/PrivateFrameworks/IOAccelMemoryInfo.framework/Versions/A/IOAccelMemoryInfo
dyld[50229]: <9E9347FA-842B-395E-ABE1-FB76635235CB> /System/Library/PrivateFrameworks/kperf.framework/Versions/A/kperf
dyld[50229]: <55AA8F48-E61D-3062-95AC-BC3B20DD4433> /System/Library/PrivateFrameworks/GPURawCounter.framework/Versions/A/GPURawCounter
dyld[50229]: <26F3FA93-582E-3A51-9931-415CBB5FCF9F> /System/Library/PrivateFrameworks/ASEProcessing.framework/Versions/A/ASEProcessing
dyld[50229]: <3C82653B-E115-3325-A1ED-E2B7ACBCB437> /System/Library/PrivateFrameworks/Symbolication.framework/Versions/A/Symbolication
dyld[50229]: <D28391E4-3ACF-3733-8F07-DD4CCAB5DE4C> /System/Library/PrivateFrameworks/PhotosensitivityProcessing.framework/Versions/A/PhotosensitivityProcessing
dyld[50229]: <2688F236-5A55-3F96-88F1-CC59ADB1E3A0> /System/Library/PrivateFrameworks/SILManager.framework/Versions/A/SILManager
dyld[50229]: <53BE7690-3B50-31D9-A8A2-7239D86786CE> /System/Library/PrivateFrameworks/CoreSymbolication.framework/Versions/A/CoreSymbolication
dyld[50229]: <2D0A731C-D66A-3866-B1CA-98B7FAF295DE> /System/Library/PrivateFrameworks/MallocStackLogging.framework/Versions/A/MallocStackLogging
dyld[50229]: <4BF7AD91-C408-381A-92F3-1B5866048FB6> /System/Library/PrivateFrameworks/DebugSymbols.framework/Versions/A/DebugSymbols
dyld[50229]: <3E8297C5-888A-36F5-9EB4-6CCED7856402> /System/Library/PrivateFrameworks/OSAnalytics.framework/Versions/A/OSAnalytics
dyld[50229]: <0DF3001F-A974-30FF-B987-F3C9ED2BB3FF> /System/Library/PrivateFrameworks/DeviceRecovery.framework/Versions/A/DeviceRecovery
dyld[50229]: <3E065B0A-1727-3015-B3AD-4815BE255B11> /System/Library/PrivateFrameworks/Tightbeam.framework/Versions/A/Tightbeam
dyld[50229]: <A0101920-47DA-3EB3-A44D-098F2068C37F> /usr/lib/swift/libswiftCompression.dylib
dyld[50229]: <ADFB48F6-5AB5-3705-A623-15DC8A0E1B1D> /System/Library/PrivateFrameworks/AFKUser.framework/Versions/A/AFKUser
dyld[50229]: <A9FF23B4-9003-30E0-9C55-322EB89E9C15> /System/Library/Frameworks/ApplicationServices.framework/Versions/A/Frameworks/ATSUI.framework/Versions/A/ATSUI
dyld[50229]: <82F7F6BF-AEDA-32F2-B909-CA15DABFA516> /System/Library/PrivateFrameworks/SAObjects.framework/Versions/A/SAObjects
dyld[50229]: <196DC6E2-485C-3238-B8E8-EAD9F4BFD3F5> /System/Library/Frameworks/AudioToolbox.framework/Versions/A/AudioToolbox
dyld[50229]: <0F593AF0-3420-322B-862B-48A04C595981> /System/Library/PrivateFrameworks/MediaRemote.framework/Versions/A/MediaRemote
dyld[50229]: <F0F1882E-5DD5-32C0-BCD3-3920C429C4D2> /System/Library/Frameworks/UserNotifications.framework/Versions/A/UserNotifications
dyld[50229]: <7CAD7036-9328-3BB9-B2DF-D7F1DAD0A95A> /System/Library/PrivateFrameworks/SiriInstrumentation.framework/Versions/A/SiriInstrumentation
dyld[50229]: <E3794FC8-D291-30D4-8149-2CF86FD1105B> /System/Library/PrivateFrameworks/SiriAnalytics.framework/Versions/A/SiriAnalytics
dyld[50229]: <4AC584BF-07C3-3769-BE4B-5BE7CBCEC5FF> /System/Library/PrivateFrameworks/SiriTTSService.framework/Versions/A/SiriTTSService
dyld[50229]: <CF238AED-06FB-307B-8E6B-4D6E79CCB54B> /System/Library/PrivateFrameworks/SiriCrossDeviceArbitration.framework/Versions/A/SiriCrossDeviceArbitration
dyld[50229]: <46115240-A87A-367F-B06B-4434323DCEAF> /System/Library/PrivateFrameworks/FeedbackLogger.framework/Versions/A/FeedbackLogger
dyld[50229]: <FAB3DB6C-3EE7-379B-8542-926931FB5740> /System/Library/PrivateFrameworks/FaceTimeNameUtility.framework/Versions/A/FaceTimeNameUtility
dyld[50229]: <3413D34C-992C-3DD6-9E43-44BB76033B4E> /System/Library/PrivateFrameworks/AuthKit.framework/Versions/A/AuthKit
dyld[50229]: <622B1DEB-CBE5-3AC1-A0BD-EAE443FAE41A> /System/Library/PrivateFrameworks/SiriCrossDeviceArbitrationFeedback.framework/Versions/A/SiriCrossDeviceArbitrationFeedback
dyld[50229]: <83EEF9DC-B05C-36D0-ABB7-94B89574513D> /usr/lib/swift/libswiftCoreLocation.dylib
dyld[50229]: <A3F5BD14-E39F-3C5C-88BE-9D69885AEAEF> /usr/lib/swift/libswiftAVFoundation.dylib
dyld[50229]: <66B01FE7-B25F-30FF-8FBA-906C53A6C31E> /System/Library/PrivateFrameworks/UIKitServices.framework/Versions/A/UIKitServices
dyld[50229]: <D101C260-62C0-3DC7-A47B-EA3348F91015> /System/Library/PrivateFrameworks/UnifiedAssetFramework.framework/Versions/A/UnifiedAssetFramework
dyld[50229]: <CA23DB9F-A36E-3F89-B5E1-58D87D7F5513> /System/Library/PrivateFrameworks/AudioSession.framework/Versions/A/AudioSession
dyld[50229]: <CDA2EB83-4772-3AB7-91FB-27EAD1B81604> /System/Library/PrivateFrameworks/MediaExperience.framework/Versions/A/MediaExperience
dyld[50229]: <FDD6D3AA-4381-361A-98A1-DBFFEB263647> /System/Library/PrivateFrameworks/AudioSession.framework/libSessionUtility.dylib
dyld[50229]: <EDE54CFC-1D79-302E-BBA0-D6BA4B044B03> /System/Library/PrivateFrameworks/AudioAccessoryServices.framework/Versions/A/AudioAccessoryServices
dyld[50229]: <A2081DB1-1288-3AE7-9F65-DC6D7143174D> /System/Library/Frameworks/CoreBluetooth.framework/Versions/A/CoreBluetooth
dyld[50229]: <490FD702-A39B-3C11-B691-08EF67CD22AA> /System/Library/PrivateFrameworks/CoreUtils.framework/Versions/A/CoreUtils
dyld[50229]: <F47D14B1-A17E-341B-9C27-C026B095D723> /System/Library/PrivateFrameworks/HID.framework/Versions/A/HID
dyld[50229]: <6E3251FB-51F3-354E-BE19-16B1A65ED46D> /System/Library/PrivateFrameworks/Sharing.framework/Versions/A/Sharing
dyld[50229]: <73228946-C3E9-3408-8E71-1678289E3BEB> /System/Library/PrivateFrameworks/CoreUtilsExtras.framework/Versions/A/CoreUtilsExtras
dyld[50229]: <4C2A4B09-C1B3-3053-AD8C-977EB8D32E9E> /System/Library/PrivateFrameworks/IO80211.framework/Versions/A/IO80211
dyld[50229]: <664AC436-F2AA-33BA-ABDC-FDF9FC05EA38> /System/Library/PrivateFrameworks/IDSFoundation.framework/Versions/A/IDSFoundation
dyld[50229]: <F083CFA8-541A-3E96-8A38-18D68A940B6B> /System/Library/PrivateFrameworks/Apple80211.framework/Versions/A/Apple80211
dyld[50229]: <5254A8DC-851E-311A-87DA-8145C2ED3C87> /System/Library/Frameworks/CoreWLAN.framework/Versions/A/CoreWLAN
dyld[50229]: <8725BFBD-4A86-36AE-9260-15190503051B> /System/Library/Frameworks/IOBluetooth.framework/Versions/A/IOBluetooth
dyld[50229]: <19984ACB-CD7E-3C0D-873A-1EBA72AC4BC6> /usr/lib/swift/libswiftRegexBuilder.dylib
dyld[50229]: <A33D964D-8F19-38B7-8946-D8C9F19E4F2B> /System/Library/PrivateFrameworks/IMFoundation.framework/Versions/A/IMFoundation
dyld[50229]: <15433921-F565-327A-9461-52C7C6493698> /System/Library/PrivateFrameworks/Marco.framework/Versions/A/Marco
dyld[50229]: <19C1BC1F-154A-3BFC-B9AD-9CC517FC0AC5> /System/Library/PrivateFrameworks/CommonUtilities.framework/Versions/A/CommonUtilities
dyld[50229]: <E876203B-ABCF-3F88-9A52-3AC782583C96> /System/Library/PrivateFrameworks/Engram.framework/Versions/A/Engram
dyld[50229]: <487450E4-0426-3CD0-B61A-5DB4587AE8CC> /System/Library/PrivateFrameworks/XPCDistributed.framework/Versions/A/XPCDistributed
dyld[50229]: <E1EE1E31-9E87-367B-A8DE-17A3007756B1> /usr/lib/libtidy.A.dylib
dyld[50229]: <78EEBCFA-0525-3C50-AB1D-710EF1322399> /System/Library/PrivateFrameworks/Bom.framework/Versions/A/Bom
dyld[50229]: <A679D6ED-4CE9-3134-9E96-F229E377801A> /usr/lib/libParallelCompression.dylib
dyld[50229]: <104445E4-D11E-34D2-B419-FB55EDBBEB2B> /usr/lib/libIOReport.dylib
dyld[50229]: <327AFA7E-290A-3813-BBFE-EB5DD41002CD> /System/Library/PrivateFrameworks/WiFiPeerToPeer.framework/Versions/A/WiFiPeerToPeer
dyld[50229]: <9B401DEC-F246-316B-862D-5D9808449E69> /System/Library/Frameworks/SecurityFoundation.framework/Versions/A/SecurityFoundation
dyld[50229]: <0D017B05-AE90-3FFF-8887-6B607B909397> /System/Library/PrivateFrameworks/Centauri.framework/Versions/A/Centauri
dyld[50229]: <C85AB7DE-AE86-3649-9935-57525F317BE7> /System/Library/PrivateFrameworks/Lexicon.framework/Versions/A/Lexicon
dyld[50229]: <D58C3AAA-1B82-35ED-B5AF-0E6BD380B6D0> /usr/lib/libmrc.dylib
dyld[50229]: <FAEB7856-E4E1-3DE1-90C0-3FA9C2071FC3> /System/Library/PrivateFrameworks/IPConfiguration.framework/Versions/A/IPConfiguration
dyld[50229]: <8574049B-71F5-3A37-A4BC-3CC2A31588E7> /System/Library/PrivateFrameworks/Netrb.framework/Versions/A/Netrb
dyld[50229]: <AD6B773C-928B-3658-937B-A77E44BD8F36> /System/Library/PrivateFrameworks/FrontBoardServices.framework/Versions/A/FrontBoardServices
dyld[50229]: <C45F456C-A003-3694-B594-57E6E4F5474A> /usr/lib/libgermantok.dylib
dyld[50229]: <D9E92919-75FB-3FCF-928F-D8DDA620043F> /System/Library/PrivateFrameworks/LinguisticData.framework/Versions/A/LinguisticData
dyld[50229]: <D3493839-8BED-37DA-9F0C-69A8DAB9B7CA> /System/Library/PrivateFrameworks/MultiverseSupport.framework/Versions/A/MultiverseSupport
dyld[50229]: <C2F1D00E-0FCF-33E1-B0C7-55F01E722252> /System/Library/PrivateFrameworks/DiskManagement.framework/Versions/A/DiskManagement
dyld[50229]: <877CC20E-AF88-34EF-A6CF-EF4EA25EC1E9> /System/Library/PrivateFrameworks/AppleIDAuthSupport.framework/Versions/A/AppleIDAuthSupport
dyld[50229]: <F77ECC08-154E-3146-86E8-2AFA80C826F1> /System/Library/PrivateFrameworks/AAAFoundation.framework/Versions/A/AAAFoundation
dyld[50229]: <B57EB163-E704-3457-BA79-678CFAD2A9AC> /System/Library/PrivateFrameworks/KeychainCircle.framework/Versions/A/KeychainCircle
dyld[50229]: <7C3D91FD-94DA-374C-900B-A35E4ECBB018> /System/Library/PrivateFrameworks/URLFormatting.framework/Versions/A/URLFormatting
dyld[50229]: <A6FFE713-DE97-3794-8242-DC40E0748606> /usr/lib/libcsfde.dylib
dyld[50229]: <DAD536DC-2BAD-36D5-9361-4CE05E3438D0> /usr/lib/libCoreStorage.dylib
dyld[50229]: <B3A15621-8607-3F44-A416-3DA23BEBD903> /System/Library/PrivateFrameworks/MediaKit.framework/Versions/A/MediaKit
dyld[50229]: <3066BC53-4BFF-3C80-A6B1-8E53951105B7> /System/Library/Frameworks/DiscRecording.framework/Versions/A/DiscRecording
dyld[50229]: <5EE19AA2-94FE-3EF0-B081-C33417BD061E> /System/Library/PrivateFrameworks/ProtectedCloudStorage.framework/Versions/A/ProtectedCloudStorage
dyld[50229]: <38D6423C-DA83-3BB4-94BA-D150AB9CC75D> /System/Library/PrivateFrameworks/EFILogin.framework/Versions/A/EFILogin
dyld[50229]: <739BDB31-1F19-3A9C-935A-3A162E40C455> /usr/lib/libheimdal-asn1.dylib
dyld[50229]: <7E2F520B-BF0F-3842-8283-20A96D10ED58> /System/Library/PrivateFrameworks/OctagonTrust.framework/Versions/A/OctagonTrust
dyld[50229]: <65C648A5-D720-3ACB-AD5E-93CB7CD5B6F1> /System/Library/Frameworks/AudioUnit.framework/Versions/A/AudioUnit
dyld[50229]: <5F7E4BE7-DBAE-3F0D-B49D-E42E0562ECF8> /System/Library/Frameworks/OpenDirectory.framework/Versions/A/OpenDirectory
dyld[50229]: <3335BD98-F9F8-36DC-954D-5FDF76E740D2> /System/Library/Frameworks/OpenDirectory.framework/Versions/A/Frameworks/CFOpenDirectory.framework/Versions/A/CFOpenDirectory
dyld[50229]: <FCE1E0AA-280C-3004-BD1D-FCCDD09B45D5> /System/Library/PrivateFrameworks/GeoServices.framework/Versions/A/GeoServices
dyld[50229]: <EE811F15-3C53-3EDB-94BC-905FF4DA7954> /System/Library/PrivateFrameworks/LocationSupport.framework/Versions/A/LocationSupport
dyld[50229]: <D8A43EB4-CBFA-366D-91AB-5A57CB2DB25B> /System/Library/PrivateFrameworks/GeoServicesCore.framework/Versions/A/GeoServicesCore
dyld[50229]: <895FADF0-766F-3F7C-8F99-3F62071D0586> /System/Library/PrivateFrameworks/PhoneNumbers.framework/Versions/A/PhoneNumbers
dyld[50229]: <0F835F77-0822-3220-9E7E-AF7F5742B298> /System/Library/PrivateFrameworks/LocationLogEncryption.framework/Versions/A/LocationLogEncryption
dyld[50229]: <AE0139EC-32B4-3EFE-BD29-9492CBCCA2AA> /System/Library/Frameworks/AVFAudio.framework/Versions/A/AVFAudio
dyld[50229]: <FAFA3BBC-A38F-3E30-A0E2-C7EE968C3482> /System/Library/Frameworks/AVRouting.framework/Versions/A/AVRouting
dyld[50229]: <6D4CD063-7FA9-3870-A68E-C9C213E90F44> /usr/lib/libAccessibility.dylib
dyld[50229]: <518A0F09-6508-316F-ACC4-B4582A9C2577> /System/Library/PrivateFrameworks/MediaServices.framework/Versions/A/MediaServices
dyld[50229]: <C0FF6ACB-79E4-3AF6-BEF0-4DB1F4E32E30> /System/Library/PrivateFrameworks/IDS.framework/Versions/A/IDS
dyld[50229]: <3C06358A-8281-31E1-9C47-7AF2E26EB975> /System/Library/PrivateFrameworks/IsolatedCoreAudioClient.framework/Versions/A/IsolatedCoreAudioClient
dyld[50229]: <618983C9-8F89-3E92-95DB-444E6B112D5E> /System/Library/PrivateFrameworks/CoreAudioOrchestration.framework/Versions/A/CoreAudioOrchestration
dyld[50229]: <59F076E2-0FEC-3BE4-A504-5F508A0A8E03> /System/Library/Frameworks/MediaToolbox.framework/Versions/A/MediaToolbox
dyld[50229]: <CDF190F5-581C-3EFA-A914-E93A46B94D4F> /System/Library/PrivateFrameworks/CoreAVCHD.framework/Versions/A/CoreAVCHD
dyld[50229]: <E4E939B2-79AC-3950-B4E3-D494BEA223B6> /System/Library/Frameworks/MediaAccessibility.framework/Versions/A/MediaAccessibility
dyld[50229]: <EB2BAB8D-7EF4-3F1C-9033-B8B4B130AD70> /System/Library/PrivateFrameworks/Mangrove.framework/Versions/A/Mangrove
dyld[50229]: <8E425EA0-B1CA-3C5C-96F7-AEBC155A58B2> /System/Library/PrivateFrameworks/CMPhoto.framework/Versions/A/CMPhoto
dyld[50229]: <8042D800-FB6E-3356-B1DC-418869779DB3> /System/Library/Frameworks/CoreTelephony.framework/Versions/A/CoreTelephony
dyld[50229]: <63070653-82EB-33B0-9925-1EEE21CFCC61> /System/Library/PrivateFrameworks/CoreAUC.framework/Versions/A/CoreAUC
dyld[50229]: <C7C3D70E-B88E-3B70-AB09-C2F222133233> /System/Library/PrivateFrameworks/AppleJPEGXL.framework/Versions/A/AppleJPEGXL
dyld[50229]: <98F18E28-57F9-3F2E-9933-E10A258768EE> /usr/lib/libTelephonyUtilDynamic.dylib
dyld[50229]: <22EA8BB3-F0F6-3A45-85D3-57142615CC13> /System/Library/Frameworks/CryptoKit.framework/Versions/A/CryptoKit
dyld[50229]: <D51D6870-0DF4-3EBE-8E50-B84BD71F96E4> /System/Library/PrivateFrameworks/CryptoKitCBridging.framework/Versions/A/CryptoKitCBridging
dyld[50229]: <1091D5AB-E8D6-3080-B8F1-B8EEEA559F56> /System/Library/Frameworks/CryptoTokenKit.framework/Versions/A/CryptoTokenKit
dyld[50229]: <77FF2C9D-7431-3569-9D77-3E73408A3CB9> /System/Library/Frameworks/LocalAuthentication.framework/Versions/A/LocalAuthentication
dyld[50229]: <A8AA9C35-58F8-3DE2-B57E-837BFAB62678> /System/Library/PrivateFrameworks/LocalAuthenticationCore.framework/Versions/A/LocalAuthenticationCore
dyld[50229]: <E8F89C46-7F15-3516-AC7C-BD734FCC6993> /System/Library/PrivateFrameworks/LocalAuthenticationCredentialServices.framework/Versions/A/LocalAuthenticationCredentialServices
dyld[50229]: <0C689EAA-E010-32DF-8313-E735948C2C1F> /System/Library/Frameworks/LocalAuthentication.framework/Support/SharedUtils.framework/Versions/A/SharedUtils
dyld[50229]: <21B8DFC2-5445-3DB7-A240-8898BD6D0335> /System/Library/PrivateFrameworks/PersistentConnection.framework/Versions/A/PersistentConnection
dyld[50229]: <15F2ADCE-8DD5-34C5-9950-EAD761CD0F43> /System/Library/PrivateFrameworks/SonicFoundation.framework/Versions/A/SonicFoundation
dyld[50229]: <E032FE73-53AA-373C-A762-4899BEBC470E> /System/Library/PrivateFrameworks/AsyncAlgorithmsInternal.framework/Versions/A/AsyncAlgorithmsInternal
dyld[50229]: <E258B361-D80C-3CC5-B417-7A78DB610AB7> /System/Library/PrivateFrameworks/FTAWD.framework/Versions/A/FTAWD
dyld[50229]: <5F1E6331-9ADF-307B-991F-922ED514D768> /System/Library/PrivateFrameworks/Dendrite.framework/Versions/A/Dendrite
dyld[50229]: <3491E886-8D4F-3A2A-A4CA-35BC079D91A7> /usr/lib/libtailspin.dylib
dyld[50229]: <79BD1154-6155-3251-8CB9-D2CFF54211E9> /System/Library/PrivateFrameworks/Osprey.framework/Versions/A/Osprey
dyld[50229]: <95DB1391-1609-3CA9-844E-97F65977EE5F> /System/Library/PrivateFrameworks/SiriTTS.framework/Versions/A/SiriTTS
dyld[50229]: <361FADC3-0D0E-3C2A-B263-8EB273392581> /System/Library/Frameworks/NaturalLanguage.framework/Versions/A/NaturalLanguage
dyld[50229]: <F5373459-93F9-3FFC-9A33-83B36F7436D7> /System/Library/PrivateFrameworks/GenerativeModels.framework/Versions/A/GenerativeModels
dyld[50229]: <BE5C4D6E-8285-350A-92B8-E55BF87FC008> /System/Library/PrivateFrameworks/SiriPowerInstrumentation.framework/Versions/A/SiriPowerInstrumentation
dyld[50229]: <32AB0FBF-AD5E-32C4-ABE8-4C6D522D928D> /usr/lib/swift/libswiftNaturalLanguage.dylib
dyld[50229]: <0EF0E9D6-A7CF-3BF0-BA1A-E4B62B089FE7> /System/Library/PrivateFrameworks/TailspinSymbolication.framework/Versions/A/TailspinSymbolication
dyld[50229]: <AC2C88AA-EAD2-3B73-B28C-923676ACD5CE> /System/Library/PrivateFrameworks/Darwinup.framework/Versions/A/Darwinup
dyld[50229]: <2D70CA46-5DFC-3597-9D1E-B3D67222EA90> /System/Library/PrivateFrameworks/SignpostSupport.framework/Versions/A/SignpostSupport
dyld[50229]: <982FCC35-02E9-334B-B16F-C394A4D3030D> /System/Library/PrivateFrameworks/FeatureFlagsSupport.framework/Versions/A/FeatureFlagsSupport
dyld[50229]: <64710074-2E58-3589-BA97-5AF6DFAC4EF9> /System/Library/PrivateFrameworks/ktrace.framework/Versions/A/ktrace
dyld[50229]: <6C466235-6A6E-336F-B64D-6A176B4901D8> /System/Library/PrivateFrameworks/SampleAnalysis.framework/Versions/A/SampleAnalysis
dyld[50229]: <BB91A103-3955-376C-B620-ACB354F629F7> /System/Library/PrivateFrameworks/kperfdata.framework/Versions/A/kperfdata
dyld[50229]: <D73F3A87-2B5B-3A62-82BD-3EA9B8864F60> /usr/lib/libdscsym.dylib
dyld[50229]: <34996EFC-118C-3BC5-8CBC-BAFF4EA005EE> /System/Library/PrivateFrameworks/AppleMobileFileIntegrity.framework/Versions/A/AppleMobileFileIntegrity
dyld[50229]: <294BEE33-EB78-3C9F-8B49-F6578E1FAEEC> /System/Library/PrivateFrameworks/BulkSymbolication.framework/Versions/A/BulkSymbolication
dyld[50229]: <E8A7564E-61D7-3E10-ADBE-8EB212A6BB9F> /usr/lib/libTLE.dylib
dyld[50229]: <2CD960E7-452C-3C36-838E-DADAA5B6C626> /usr/lib/libmis.dylib
dyld[50229]: <FBD3DC5C-6252-314A-9C12-4F77C50DD94A> /System/Library/PrivateFrameworks/ConfigProfileHelper.framework/Versions/A/ConfigProfileHelper
dyld[50229]: <47F8DAB7-3FC7-3D80-B4CF-2728A8602000> /System/Library/PrivateFrameworks/Espresso.framework/Versions/A/Espresso
dyld[50229]: <EC6D7756-43B6-3E8F-BF2C-D97ECAAF2FEF> /System/Library/Frameworks/CoreML.framework/Versions/A/CoreML
dyld[50229]: <14B48684-3D8B-3FD7-9578-9508758D2A69> /usr/lib/libedit.3.dylib
dyld[50229]: <934EE498-0657-36B5-AD04-7C6F15D768CF> /System/Library/PrivateFrameworks/ANECompiler.framework/Versions/A/ANECompiler
dyld[50229]: <EC64F960-903B-34DE-915F-463FF4E15C47> /System/Library/PrivateFrameworks/AppleNeuralEngine.framework/Versions/A/AppleNeuralEngine
dyld[50229]: <AE042F88-F861-30B9-85DF-B5A808DF3B96> /System/Library/PrivateFrameworks/MIL.framework/Versions/A/MIL
dyld[50229]: <0AB7E6D1-1EF1-3BF1-8487-5DBE6D392A28> /System/Library/Frameworks/MetalPerformanceShadersGraph.framework/Versions/A/MetalPerformanceShadersGraph
dyld[50229]: <A8FBB5D6-FCBA-3563-A47B-71113A53F23B> /System/Library/PrivateFrameworks/MLCompilerServices.framework/Versions/A/MLCompilerServices
dyld[50229]: <260A8F01-CEC2-3B3E-ABF5-CC46734C23BB> /System/Library/PrivateFrameworks/ANEServices.framework/Versions/A/ANEServices
dyld[50229]: <FA09099A-F6BE-3E5D-976D-5D7FF7EB153C> /usr/lib/libncurses.5.4.dylib
dyld[50229]: <99012E61-B039-36D9-A2AA-3F05929C8DD8> /usr/lib/libsandbox.1.dylib
dyld[50229]: <324806B5-4995-3A6F-981D-8CCE310ABCC7> /usr/lib/libMatch.1.dylib
dyld[50229]: <03CCE6D4-1402-353E-BE4D-F20E07E0B01D> /System/Library/PrivateFrameworks/ODIE.framework/Versions/A/ODIE
dyld[50229]: <8811C765-D95F-3E40-81A1-C7A8BB6AE5EC> /System/Library/PrivateFrameworks/MLModelAsset.framework/Versions/A/MLModelAsset
dyld[50229]: <9EB1F900-B76D-3793-8E5F-2310BE52C58F> /System/Library/PrivateFrameworks/MLCompilerRuntime.framework/Versions/A/MLCompilerRuntime
dyld[50229]: <521CAB8B-6323-3961-A886-7351232179EF> /System/Library/Frameworks/MLCompute.framework/Versions/A/MLCompute
dyld[50229]: <A9E34A44-9E78-3880-80C5-FA284EFDDACE> /System/Library/PrivateFrameworks/MLAssetIO.framework/Versions/A/MLAssetIO
dyld[50229]: <8D13BE34-B127-3D05-AD5A-F18D6FC37816> /usr/lib/swift/libswiftMLCompute.dylib
dyld[50229]: <6F460166-4FDB-38D4-907F-4F8003393CC1> /System/Library/PrivateFrameworks/AVFCore.framework/Versions/A/AVFCore
dyld[50229]: <1E16F4EC-2C48-3FD4-A898-58C4C1624351> /System/Library/PrivateFrameworks/AVFCapture.framework/Versions/A/AVFCapture
dyld[50229]: <7882FA98-7746-3B4B-82FC-588980C40F27> /System/Library/PrivateFrameworks/CMImaging.framework/Versions/A/CMImaging
dyld[50229]: <ED743625-1C3D-3531-8C76-4FD7F8DAEFCA> /System/Library/PrivateFrameworks/Quagga.framework/Versions/A/Quagga
dyld[50229]: <F6536223-1537-382C-B9F0-4FE444B101A1> /System/Library/PrivateFrameworks/CMCapture.framework/Versions/A/CMCapture
dyld[50229]: <B84247B4-9629-36EE-B778-7C97D089BCAC> /System/Library/Frameworks/CoreMediaIO.framework/Versions/A/CoreMediaIO
dyld[50229]: <CB5FAE1D-4753-3FF7-B96F-31740ABFAF69> /System/Library/PrivateFrameworks/CMCaptureDevice.framework/Versions/A/CMCaptureDevice
dyld[50229]: <7084AD73-38CC-3C09-986F-2FF5214649AC> /System/Library/PrivateFrameworks/CoreBrightness.framework/Versions/A/CoreBrightness
dyld[50229]: <A2D7E6D0-DFFA-3DF0-BC89-856AF7092E62> /System/Library/PrivateFrameworks/CinematicFraming.framework/Versions/A/CinematicFraming
dyld[50229]: <33CBFC96-62F6-3F1B-93D1-2E750F12C8D8> /System/Library/PrivateFrameworks/ModelManagerServices.framework/Versions/A/ModelManagerServices
dyld[50229]: <E1C8AE11-69E7-3AB7-86D1-08F8C2E58E6D> /System/Library/PrivateFrameworks/CPMS.framework/Versions/A/CPMS
dyld[50229]: <185142A6-1261-349D-9FE9-B32881E3D6FD> /System/Library/PrivateFrameworks/SystemStatus.framework/Versions/A/SystemStatus
dyld[50229]: <35484272-1BA4-385E-9344-68FA1E59177E> /System/Library/Frameworks/CoreMotion.framework/Versions/A/CoreMotion
dyld[50229]: <FD70FFE8-A457-3D27-B756-1C3B1FEF1EE2> /System/Library/PrivateFrameworks/TimeSync.framework/Versions/A/TimeSync
dyld[50229]: <349F2D22-CDF5-318C-9165-F2C6AE8E6985> /System/Library/PrivateFrameworks/DistributedSensing.framework/Versions/A/DistributedSensing
dyld[50229]: <1B8F1F39-0E06-3C99-A572-BE909D39D12A> /System/Library/PrivateFrameworks/MobileBluetooth.framework/Versions/A/MobileBluetooth
dyld[50229]: <CED906C3-8069-3CCA-BCEC-48BFCEFBB663> /System/Library/PrivateFrameworks/IOKitten.framework/Versions/A/IOKitten
dyld[50229]: <870EFF99-5053-343E-AE06-2E08A577AB99> /System/Library/PrivateFrameworks/AppleIntelligenceReporting.framework/Versions/A/AppleIntelligenceReporting
dyld[50229]: <63134068-067F-3491-9A1A-A56F27064C50> /System/Library/PrivateFrameworks/CoreEmoji.framework/Versions/A/CoreEmoji
dyld[50229]: <873D36B8-2B8A-36DA-9180-E4299BB87E58> /usr/lib/libCRFSuite.dylib
dyld[50229]: <A96246C5-B282-34DB-B2F5-9A17136C898A> /System/Library/PrivateFrameworks/LanguageModeling.framework/Versions/A/LanguageModeling
dyld[50229]: <E5D0F20E-BE93-3344-8DC3-2BCD4FEBCA52> /System/Library/PrivateFrameworks/CoreNLP.framework/Versions/A/CoreNLP
dyld[50229]: <E5DCCF51-ABD0-3463-9720-FB6B61EBDA62> /System/Library/PrivateFrameworks/Montreal.framework/Versions/A/Montreal
dyld[50229]: <16A2834C-0512-3AA7-B5B1-5BAF09A4992C> /usr/lib/libcmph.dylib
dyld[50229]: <BF02041A-D8D9-3A87-B261-817F969F1BA7> /usr/lib/libmecab.dylib
dyld[50229]: <A6A863B9-195F-3CD9-83E6-6C4A7294D025> /usr/lib/libThaiTokenizer.dylib
dyld[50229]: <B5796923-83BC-3524-BAC4-D9365655112C> /System/Library/PrivateFrameworks/GenerativeModelsFoundation.framework/Versions/A/GenerativeModelsFoundation
dyld[50229]: <93CA301B-9863-30D7-8D73-83A861068656> /System/Library/PrivateFrameworks/TokenGeneration.framework/Versions/A/TokenGeneration
dyld[50229]: <FFB7262E-7563-3AEA-A6FD-93A9B90A3605> /System/Library/PrivateFrameworks/GenerativeFunctions.framework/Versions/A/GenerativeFunctions
dyld[50229]: <2C7828AF-D838-39BC-AA38-1AFC7679C359> /System/Library/PrivateFrameworks/GenerativeFunctionsFoundation.framework/Versions/A/GenerativeFunctionsFoundation
dyld[50229]: <7572C842-E346-397E-9D85-66CDFC633348> /System/Library/PrivateFrameworks/ModelCatalog.framework/Versions/A/ModelCatalog
dyld[50229]: <976B9E3C-0775-3DBC-9ABB-2BB2CFF04BB1> /System/Library/PrivateFrameworks/SensitiveContentAnalysisML.framework/Versions/A/SensitiveContentAnalysisML
dyld[50229]: <B016BAF5-B2D7-31BF-B037-5309D11B9CE7> /System/Library/PrivateFrameworks/GenerativeFunctionsInstrumentation.framework/Versions/A/GenerativeFunctionsInstrumentation
dyld[50229]: <A5728B97-7120-32A2-AE57-3E89CBA11263> /System/Library/PrivateFrameworks/PromptKit.framework/Versions/A/PromptKit
dyld[50229]: <5F383DC7-FACF-3817-A9A7-FC875F20C735> /System/Library/PrivateFrameworks/ProactiveDaemonSupport.framework/Versions/A/ProactiveDaemonSupport
dyld[50229]: <B3AD55E2-1823-3220-B9C1-8C528979321D> /System/Library/PrivateFrameworks/TokenGenerationCore.framework/Versions/A/TokenGenerationCore
dyld[50229]: <E3CF5247-D64E-38C1-BF2F-B6D68A5A8AA3> /System/Library/PrivateFrameworks/Trial.framework/Versions/A/Trial
dyld[50229]: <C7663C2C-A738-345E-84DE-61B6FA8881BC> /System/Library/PrivateFrameworks/TrialProto.framework/Versions/A/TrialProto
dyld[50229]: <39CF02FF-2680-398A-A76C-717FED43CC55> /System/Library/PrivateFrameworks/AppleFlatBuffers.framework/Versions/A/AppleFlatBuffers
dyld[50229]: <C54CC0E3-1449-31F7-B343-DC81B650E529> /System/Library/PrivateFrameworks/SentencePieceInternal.framework/Versions/A/SentencePieceInternal
dyld[50229]: <A2608FDB-7539-33BD-8CCD-9E892F1C84EC> /System/Library/Frameworks/Vision.framework/Versions/A/Vision
dyld[50229]: <7CD15944-9AC5-30B4-A3BD-3241F67FDBEE> /System/Library/PrivateFrameworks/CoreSceneUnderstanding.framework/Versions/A/CoreSceneUnderstanding
dyld[50229]: <5401618B-C6BC-30D8-8187-100CA3C08AFE> /System/Library/PrivateFrameworks/VisionCore.framework/Versions/A/VisionCore
dyld[50229]: <23FA2B3D-D793-3FCD-82E7-97ED8C7910D4> /System/Library/PrivateFrameworks/DataDetectorsCore.framework/Versions/A/DataDetectorsCore
dyld[50229]: <CDCB612E-DDA7-32FA-B02F-219D40978476> /System/Library/Frameworks/Vision.framework/libfaceCore.dylib
dyld[50229]: <50B8FD24-DDC5-37B0-BD37-9A261B9E08ED> /System/Library/PrivateFrameworks/Futhark.framework/Versions/A/Futhark
dyld[50229]: <18712345-CF12-3440-865D-98D14623C0F4> /System/Library/PrivateFrameworks/InertiaCam.framework/Versions/A/InertiaCam
dyld[50229]: <0FA07A6F-6D74-3028-A8C4-039ED1C8A3F4> /System/Library/PrivateFrameworks/TextRecognition.framework/Versions/A/TextRecognition
dyld[50229]: <6EB2CD3F-E8CB-398B-9EC2-2E8103C9BC41> /System/Library/Frameworks/DataDetection.framework/Versions/A/DataDetection
dyld[50229]: <D736F58D-8BB3-3E66-A0ED-5AECB9043689> /System/Library/PrivateFrameworks/TextInput.framework/Versions/A/TextInput
dyld[50229]: <970C794C-CE06-3499-B8AE-4A39A48EFFFA> /System/Library/PrivateFrameworks/CVNLP.framework/Versions/A/CVNLP
dyld[50229]: <354739A5-D7D9-3454-BF2C-69C2FC7A3276> /System/Library/PrivateFrameworks/IntentsFoundation.framework/Versions/A/IntentsFoundation
dyld[50229]: <60963898-F697-3278-AF1C-96A268940A27> /System/Library/PrivateFrameworks/HIDDisplay.framework/Versions/A/HIDDisplay
dyld[50229]: <4F05B60B-F726-314D-9DA5-8F898B98E29E> /usr/lib/libcups.2.dylib
dyld[50229]: <61045540-CEE5-3987-AE84-241941A23E70> /System/Library/Frameworks/Kerberos.framework/Versions/A/Kerberos
dyld[50229]: <002A6291-6D59-320A-8F15-133FDC398A21> /usr/lib/libresolv.9.dylib
dyld[50229]: <9E1A9783-490E-3187-90B8-3749D6602399> /System/Library/PrivateFrameworks/Heimdal.framework/Versions/A/Heimdal
dyld[50229]: <CA1B9BC6-607E-30F0-954F-DA020D8778EC> /System/Library/Frameworks/Kerberos.framework/Versions/A/Libraries/libHeimdalProxy.dylib
dyld[50229]: <BF2E9C5E-CBB3-3228-8402-1BF55FD9765E> /System/Library/PrivateFrameworks/CommonAuth.framework/Versions/A/CommonAuth
dyld[50229]: <168B96FC-73D0-33AA-AEC9-59FDAD9AF3EC> /System/Library/PrivateFrameworks/AXCoreUtilities.framework/Versions/A/AXCoreUtilities
dyld[50229]: <C577E7DD-50FE-3BD0-8AED-CD244623F3BB> /System/Library/PrivateFrameworks/AttributeGraph.framework/Versions/A/AttributeGraph
dyld[50229]: <2803CABF-3518-3297-AEC2-3475E1941344> /usr/lib/libAXSafeCategoryBundle.dylib
dyld[50229]: <C6658004-6BF1-3491-9152-AA786701170B> /System/Library/Frameworks/TabularData.framework/Versions/A/TabularData
dyld[50229]: <B96E0C60-8E4F-3AD0-8C30-634A1C13BA0C> /System/Library/PrivateFrameworks/ArgumentParserInternal.framework/Versions/A/ArgumentParserInternal
dyld[50229]: <B98FEB65-21F7-307A-95FA-B36B80C018AA> /System/Library/Frameworks/Accelerate.framework/Versions/A/Frameworks/vecLib.framework/Versions/A/libvDSP.dylib
dyld[50229]: <A74A12EE-0D49-30AA-B403-35497BC18889> /System/Library/Frameworks/Accelerate.framework/Versions/A/Frameworks/vecLib.framework/Versions/A/libLAPACK.dylib
dyld[50229]: <676371DF-AF18-3EB9-9D7F-E6C1195FA25F> /System/Library/Frameworks/Accelerate.framework/Versions/A/Frameworks/vecLib.framework/Versions/A/libLinearAlgebra.dylib
dyld[50229]: <1E50E208-E26B-33E1-8425-0325EB493980> /System/Library/Frameworks/Accelerate.framework/Versions/A/Frameworks/vecLib.framework/Versions/A/libSparseBLAS.dylib
dyld[50229]: <F9902EDE-5AED-3BCF-BAAD-5CD302E20A6B> /System/Library/Frameworks/Accelerate.framework/Versions/A/Frameworks/vecLib.framework/Versions/A/libQuadrature.dylib
dyld[50229]: <DF22E2F1-49E8-3752-8B7C-ACED037C7E75> /System/Library/Frameworks/Accelerate.framework/Versions/A/Frameworks/vecLib.framework/Versions/A/libBNNS.dylib
dyld[50229]: <2359C0FC-462A-3ED6-96C9-95691B1201FB> /System/Library/Frameworks/Accelerate.framework/Versions/A/Frameworks/vecLib.framework/Versions/A/libSparse.dylib
dyld[50229]: <62BCC76E-4A5B-32CB-AEAD-7A701B4D8FEB> /System/Library/PrivateFrameworks/ApplePushService.framework/Versions/A/ApplePushService
dyld[50229]: <92C75109-6A8E-36AD-8520-85C0072419F5> /System/Library/Frameworks/CloudKit.framework/Versions/A/CloudKit
dyld[50229]: <1709E1F2-4546-3708-BF2F-607644960E77> /System/Library/PrivateFrameworks/CoreDuetDaemonProtocol.framework/Versions/A/CoreDuetDaemonProtocol
dyld[50229]: <293825F0-D85F-386A-BC5E-228DEF646C48> /System/Library/PrivateFrameworks/DeviceIdentity.framework/Versions/A/DeviceIdentity
dyld[50229]: <0CD7A862-6A86-3881-945F-F450CF86AD7B> /System/Library/Frameworks/SharedWithYouCore.framework/Versions/A/SharedWithYouCore
dyld[50229]: <2D4A13EB-A04D-3D4B-8837-F65CFD087FFD> /System/Library/PrivateFrameworks/CloudTelemetry.framework/Versions/A/CloudTelemetry
dyld[50229]: <B3A35BC4-184F-3269-8E8B-4E040F0CC07A> /System/Library/PrivateFrameworks/AppleAccount.framework/Versions/A/AppleAccount
dyld[50229]: <DB4DD7CC-6364-3D9F-85F3-A2C277660FF9> /System/Library/PrivateFrameworks/C2.framework/Versions/A/C2
dyld[50229]: <3F20D2EE-E948-3589-9AB8-112FE2F4453C> /System/Library/PrivateFrameworks/CloudCoreInternal.framework/Versions/A/CloudCoreInternal
dyld[50229]: <BCD7A3A4-BDD4-3784-8494-AD99C6EE5D13> /System/Library/PrivateFrameworks/CloudAsset.framework/Versions/A/CloudAsset
dyld[50229]: <BFD030A6-1326-38FB-B0EB-8D27524A42A0> /System/Library/Frameworks/PushKit.framework/Versions/A/PushKit
dyld[50229]: <AA4FF152-90BC-3DDA-B2C7-1F9FC4EAF34A> /System/Library/Frameworks/CoreTransferable.framework/Versions/A/CoreTransferable
dyld[50229]: <D04A8DDE-644C-3B4F-805E-AB87B200A8C1> /System/Library/PrivateFrameworks/NetAuth.framework/Versions/A/NetAuth
dyld[50229]: <39085810-317C-3ABB-B56D-833012AB10C7> /System/Library/PrivateFrameworks/login.framework/Versions/A/Frameworks/loginsupport.framework/Versions/A/loginsupport
dyld[50229]: <539887F2-240F-35B6-8D7E-843E978F9628> /System/Library/PrivateFrameworks/CloudTelemetryTools.framework/Versions/A/CloudTelemetryTools
dyld[50229]: <296196ED-7D51-3F23-9465-20D5A91B2D50> /System/Library/PrivateFrameworks/CloudTelemetryShared.dylib
dyld[50229]: <D3CF18E3-7827-30B3-965B-A4485DA7C23F> /System/Library/PrivateFrameworks/RTCReporting.framework/Versions/A/RTCReporting
dyld[50229]: <D8582DB7-DA40-31BC-A95D-CC8E339D2BCD> /System/Library/PrivateFrameworks/AAAFoundationSwift.framework/Versions/A/AAAFoundationSwift
dyld[50229]: <FB48D6CB-73FA-355B-BF6A-6D153114DE68> /System/Library/PrivateFrameworks/AppleIDSSOAuthentication.framework/Versions/A/AppleIDSSOAuthentication
dyld[50229]: <4B6D1FE0-027A-3385-B141-98A83B011A63> /System/Library/PrivateFrameworks/UIFoundation.framework/Versions/A/UIFoundation
dyld[50229]: <B733B674-40D5-3401-8528-DBA6C21783E0> /System/Library/PrivateFrameworks/CaptiveNetwork.framework/Versions/A/CaptiveNetwork
dyld[50229]: <99C447D4-CCDB-3749-AE45-65AE21CD190D> /System/Library/PrivateFrameworks/EAP8021X.framework/Versions/A/EAP8021X
dyld[50229]: <63026EBD-B261-34DF-BF5A-78B6D4157A91> /System/Library/PrivateFrameworks/CryptoKitPrivate.framework/Versions/A/CryptoKitPrivate
dyld[50229]: <E53845CD-DEDE-3BA3-942C-C8E836B28ADA> /System/Library/PrivateFrameworks/FindMyDevice.framework/Versions/A/FindMyDevice
dyld[50229]: <6A3A31E9-A838-31C1-90BD-598450802937> /System/Library/PrivateFrameworks/FMCoreLite.framework/Versions/A/FMCoreLite
dyld[50229]: <4EA70639-13CF-3078-B021-F017246C2FD8> /System/Library/Frameworks/ServiceManagement.framework/Versions/A/ServiceManagement
dyld[50229]: <A873D376-4A28-389E-A479-159368FA8677> /usr/lib/libCheckFix.dylib
dyld[50229]: <F2998DC5-E89D-3DC5-BC7C-B3AF717FDBC5> /System/Library/PrivateFrameworks/MetadataUtilities.framework/Versions/A/MetadataUtilities
dyld[50229]: <66AB0BE2-8C55-3E6A-A448-3FC7C5994DFA> /System/Library/PrivateFrameworks/InstalledContentLibrary.framework/Versions/A/InstalledContentLibrary
dyld[50229]: <1DCC6A9C-1FBC-3490-9D65-A4025E556FB0> /System/Library/PrivateFrameworks/CoreServicesStore.framework/Versions/A/CoreServicesStore
dyld[50229]: <8AE2A6D2-B312-36E9-8502-794BC2B1A538> /usr/lib/libapp_launch_measurement.dylib
dyld[50229]: <33D7F953-EC70-3D6C-A82F-780FC8DF3C30> /System/Library/PrivateFrameworks/MobileSystemServices.framework/Versions/A/MobileSystemServices
dyld[50229]: <3B0DF292-9C49-3AF0-A41F-A38066B43AC3> /usr/lib/libxslt.1.dylib
dyld[50229]: <BBD15412-BA25-3FD3-ABF0-B7D6671A8CC4> /usr/lib/libcurl.4.dylib
dyld[50229]: <9CCBAEEB-F98B-33E5-A1D7-38F21A482DC4> /usr/lib/libcrypto.46.dylib
dyld[50229]: <F4261C66-E338-36AC-BB6B-88251E272384> /usr/lib/libssl.48.dylib
dyld[50229]: <6E9C38D1-E1F8-3076-BE56-AE8B50E59F46> /System/Library/Frameworks/LDAP.framework/Versions/A/LDAP
dyld[50229]: <BA45BC5B-411C-3A7C-8877-385ED817C54E> /System/Library/PrivateFrameworks/TrustEvaluationAgent.framework/Versions/A/TrustEvaluationAgent
dyld[50229]: <10CC737F-5D50-3958-BCE8-204495456ADB> /usr/lib/libsasl2.2.dylib
dyld[50229]: <956235E6-F4BA-3E0A-BB0A-216DCEBFB698> /opt/homebrew/Caskroom/miniforge/base/lib/python3.9/site-packages/torch/lib/libomp.dylib
dyld[50229]: <9A59182F-97C6-3B25-961F-CA322ADCB3EE> /opt/homebrew/Cellar/open-mpi/5.0.9/lib/libopen-pal.80.dylib
dyld[50229]: <991B962B-4221-3B7C-8124-73587698257A> /opt/homebrew/Cellar/libevent/2.1.12_1/lib/libevent_core-2.1.7.dylib
dyld[50229]: <8C3C1968-3545-35E3-9871-009834386764> /opt/homebrew/Cellar/libevent/2.1.12_1/lib/libevent_pthreads-2.1.7.dylib
dyld[50229]: <F59B9BC8-ED88-3C7A-9888-4013E930C22E> /opt/homebrew/Cellar/hwloc/2.12.2_1/lib/libhwloc.15.dylib
dyld[50229]: <92763224-5335-31D4-AB23-28CCB8E40B5B> /opt/homebrew/Cellar/pmix/5.0.9/lib/libpmix.2.dylib
dyld[50229]: <994B5DBF-0B7F-34B7-B14C-454EDDED6D63> /System/Library/Frameworks/OpenCL.framework/Versions/A/OpenCL
dyld[50229]: <41EA8C5A-FA81-3C05-A32C-5A0134689DAB> /opt/homebrew/Cellar/gcc/15.2.0/lib/gcc/current/libgcc_s.1.1.dylib
dyld[50229]: Symbol not found: __ZN5torch8autograd13_wrap_outputsERKNSt3__16vectorIN2at6TensorENS1_9allocatorIS4_EEEERKNS1_13unordered_setIPN3c1010TensorImplENS1_4hashISD_EENS1_8equal_toISD_EENS5_ISD_EEEESL_NSB_8ArrayRefINS1_8optionalIS4_EEEERKNSB_13intrusive_ptrINS0_4NodeENSB_6detail34intrusive_target_default_null_typeISR_EEEERKNS1_8functionIFS7_S7_S7_EEESL_RKNSY_IFS4_S4_EEEb
  Referenced from: <A7BFFC7E-CC01-3883-879E-664B2D838BEB> /private/tmp/KDM6AD-viirs-native-run-20261007/isolated_project/libtorch/install/lib/libkdm6_c.2.0.0.dylib
  Expected in:     <B6BD92AE-4D03-3F92-9E03-2E2594A12866> /opt/homebrew/Caskroom/miniforge/base/lib/python3.9/site-packages/torch/lib/libtorch_cpu.dylib
--------------------------------------------------------------------------
prterun noticed that process rank 0 with PID 50229 on node m1max exited on
signal 9 (Killed: 9).
--------------------------------------------------------------------------
