frame_index,time,j,i,latitude_deg,longitude_deg,HGT_m,k_bottom_up,z_mid_AGL_m,midheight_spacing_to_next_level_m,layer_thickness_m,p_center_hPa,p8w_bottom_interface_hPa,p8w_top_interface_hPa,temperature_K,qv_kgkg_dry,qs_water_kgkg,S_liquid_percent,qv_over_qs_phase_aware_percent,theta_d_K,theta_v_K,dT_vs_below_K,dtheta_v_vs_below_K,dT_dz_vs_below_K_per_km,dtheta_v_dz_vs_below_K_per_km,temperature_inversion_upward_flag,stable_sign_theta_v_gradient_flag,water_saturation_clipped,water_es_clip,water_qmin_clip
1,2025-07-19_05:56:00,85,47,35.36763381958008,122.08984375,0.0,0,26.473727503318667,60.2891103450919,52.947455006637334,1003.4505126953125,1006.43625,1000.457109375,299.05726154457665,0.01873984932899475,0.02135772102672001,87.7427385887749,87.7427385887749,298.76308499334726,302.10651378627483,,,,,,,False,False,False
1,2025-07-19_05:56:00,85,47,35.36763381958008,122.08984375,0.0,1,86.76283784841057,76.80568490917894,67.63076568354646,996.6512322998046,1000.457109375,992.824375,298.46365778755074,0.018561827018857002,0.020740707959968466,89.4946645730854,89.4946645730854,298.749841397102,302.0619407145083,-0.5936037570259032,-0.04457307176653558,-9.845953168460182,-0.7393221016432571,False,False,False,False,False
1,2025-07-19_05:56:00,85,47,35.36763381958008,122.08984375,0.0,2,163.5685227575895,97.30102585725461,85.98060413481141,987.9892468261719,992.824375,983.170703125,297.71219894379976,0.01844891719520092,0.019983682273648214,92.31990852621223,92.31990852621223,298.74180236287935,302.03403086391205,-0.7514588437509815,-0.027909850596245178,-9.783896135286929,-0.363382614571408,False,False,False,False,False
1,2025-07-19_05:56:00,85,47,35.36763381958008,122.08984375,0.0,3,260.8695486148441,122.39490162949562,108.62144757969787,977.1301147460938,983.170703125,971.086875,296.75505268156166,0.018272189423441887,0.01905183504937016,95.90776623927337,95.90776623927337,298.7231399007156,301.9841933294889,-0.9571462622380977,-0.049837534423147645,-9.836959618928153,-0.5121994756382298,False,False,False,False,False
1,2025-07-19_05:56:00,85,47,35.36763381958008,122.08984375,0.0,4,383.26445024433974,152.71181112400245,136.16835567929326,963.5845422363282,971.086875,956.110625,296.8997379169941,0.015149408020079136,0.019502096264560998,77.68092114081335,77.68092114081335,300.0631896870756,302.7874008054527,0.14468523543246192,0.8032074759638022,1.1821181561176615,6.562425928452557,True,True,False,False,False
1,2025-07-19_05:56:00,85,47,35.36763381958008,122.08984375,0.0,5,535.9762613683422,188.62638949861832,169.25526656871182,946.9428063964843,956.110625,937.79796875,297.1869499412302,0.011750624515116215,0.020212169725637132,58.13638354823289,58.13638354823289,301.85222251098963,303.9849933211901,0.2872120242360552,1.1975925157373695,1.880745321020639,7.842173482998776,True,True,False,False,False
1,2025-07-19_05:56:00,85,47,35.36763381958008,122.08984375,0.0,6,724.6026508669605,230.3540151053611,207.99751242852471,926.7425537109375,937.79796875,915.7028125,296.41637945361896,0.00996199157088995,0.019702141569622123,50.562988473547016,50.56298847354702,302.93011797381035,304.74791729324096,-0.7705704876112236,0.7629239720508849,-4.085167985558394,4.044630096980536,False,True,False,False,False
1,2025-07-19_05:56:00,85,47,35.36763381958008,122.08984375,0.0,7,954.9566659723216,277.6456298205951,252.7105177821976,902.5852084350586,915.7028125,889.4625,295.46501321453354,0.009203717112541199,0.019079082979143378,48.23982956938967,48.23982956938967,304.24518656438676,305.9331789329482,-0.9513662390854165,1.185261639707221,-4.130018044835352,5.145391710081967,False,True,False,False,False
1,2025-07-19_05:56:00,85,47,35.36763381958008,122.08984375,0.0,8,1232.6022957929167,329.2065541678612,302.5807418589927,874.1796612548828,889.4625,858.902421875,294.2327710359821,0.008978643454611301,0.01824819880759128,49.20290243043698,49.20290243043698,305.7571043522872,307.4123698071055,-1.2322421785514166,1.4791908741573252,-4.438183231436592,5.327621670519815,False,True,False,False,False
1,2025-07-19_05:56:00,85,47,35.36763381958008,122.08984375,0.0,9,1561.808849960778,382.89888869974857,355.8323664767297,841.5089846801758,858.902421875,824.129765625,292.70593765925514,0.008488303050398827,0.017225101653188437,49.278681898679,49.278681898679,307.4987226171392,309.0732697652053,-1.5268333767269837,1.660899958099776,-4.637919134345233,5.045160666068906,False,True,False,False,False
1,2025-07-19_05:56:00,85,47,35.36763381958008,122.08984375,0.0,10,1944.7077386605265,436.6397184941625,409.965410922767,804.8272131347657,824.129765625,785.53859375,291.04393140113643,0.006925818044692278,0.01620851379823637,42.72950704120613,42.72950704120614,309.6710790880674,310.9668749572911,-1.6620062581187085,1.893605192085829,-4.340587834460852,4.945444471035553,False,True,False,False,False
1,2025-07-19_05:56:00,85,47,35.36763381958008,122.08984375,0.0,11,2381.347457154689,,463.3140260655582,764.6662591552735,785.53859375,743.808828125,288.8956315473199,0.006572630722075701,0.014856001404473886,44.24225969779696,44.24225969779697,311.9138863237675,313.15294298684125,-2.1482998538165248,2.1860680295501425,-4.920074291970866,5.006571635510452,False,True,False,False,False
1,2025-07-19_05:56:00,85,48,35.369850158691406,122.14602661132812,0.0,0,26.475887318026885,60.2942615474036,52.95177463605377,1003.4141540527344,1006.3928125,1000.42765625,299.0784495539237,0.018758460879325867,0.02138619583890073,87.71293885378573,87.71293885378574,298.7873453852347,302.13430533586734,,,,,,,False,False,False
1,2025-07-19_05:56:00,85,48,35.369850158691406,122.14602661132812,0.0,1,86.77014886543049,76.81246844028234,67.63674845875342,996.6305493164062,1000.42765625,992.79765625,298.48595589224334,0.01857941970229149,0.020769537629274904,89.45514355651125,89.45514355651125,298.77393240977636,302.0893809705306,-0.5924936616803507,-0.04492436533672617,-9.826700692146792,-0.7450852566028435,False,False,False,False,False
1,2025-07-19_05:56:00,85,48,35.369850158691406,122.14602661132812,0.0,2,163.58261730571283,97.31032073072461,85.98818842181129,987.9549145507813,992.79765625,983.1384375,297.73309071409886,0.01846819743514061,0.02001014017266672,92.29419322293224,92.29419322293224,298.76573270837554,302.06160338977253,-0.7528651781444751,-0.027777580758083786,-9.801340764485236,-0.3616285392478878,False,False,False,False,False
1,2025-07-19_05:56:00,85,48,35.369850158691406,122.14602661132812,0.0,3,260.89293803643744,122.40329046375763,108.63245303963791,977.1002532958985,983.1384375,971.06421875,296.7751953778361,0.01830223575234413,0.019076235632696767,95.9425963525739,95.9425963525739,298.7460247228352,302.0125943948644,-0.9578953362627658,-0.04900899490814936,-9.843717799609733,-0.5036361460956046,False,False,False,False,False
1,2025-07-19_05:56:00,85,48,35.369850158691406,122.14602661132812,0.0,4,383.29622850019507,152.71739901388094,136.17412788787743,963.5707141113281,971.06421875,956.097734375,296.84768935080376,0.015305712819099426,0.019439585505408037,78.73476939537328,78.73476939537328,300.0118166618815,302.76324010916227,0.07249397296766347,0.7506457142978888,0.5922550994585247,6.132561563123562,True,True,False,False,False
1,2025-07-19_05:56:00,85,48,35.369850158691406,122.14602661132812,0.0,5,536.013627514076,188.62680635442553,169.26067013988433,946.9311834716797,956.097734375,937.788671875,297.1698438864917,0.01182510145008564,0.020191037670322477,58.56609077336627,58.56609077336628,301.83590643716764,303.9819210307569,0.3221545356879574,1.2186809215946255,2.109481550682223,7.979974315067112,True,True,False,False,False
1,2025-07-19_05:56:00,85,48,35.369850158691406,122.14602661132812,0.0,6,724.6404338685015,230.341030358053,207.99294256896667,926.7359973144531,937.788671875,915.6896875,296.4308465744514,0.009943538345396519,0.019720024054025568,50.423560935599795,50.42356093559979,302.94551536465246,304.76007283818143,-0.7389973120403397,0.7781518074245355,-3.917774606498826,4.125351123012737,False,True,False,False,False
1,2025-07-19_05:56:00,85,48,35.369850158691406,122.14602661132812,0.0,7,954.9814642265545,277.6150391371608,252.68911814713942,902.5641680908203,915.6896875,889.44734375,295.47338494307076,0.009151516482234001,0.019089543646598452,47.93994372864278,47.93994372864278,304.2558335360667,305.9343976939744,-0.9574616313806246,1.1743248557929746,-4.156713330196974,5.098200932623895,False,True,False,False,False
1,2025-07-19_05:56:00,85,48,35.369850158691406,122.14602661132812,0.0,8,1232.5965033637153,329.1671239637087,302.54096012718196,874.1714953613281,889.44734375,858.895546875,294.25018085923233,0.008885717950761318,0.018268438606053858,48.639723089507704,48.63972308950771,305.7760121664284,307.41439845507523,-1.223204083838425,1.4800007611008255,-4.4061160650381,5.331126028693293,False,True,False,False,False
1,2025-07-19_05:56:00,85,48,35.369850158691406,122.14602661132812,0.0,9,1561.763627327424,382.87506570145274,355.7932878002357,841.5035604858399,858.895546875,824.12640625,292.74204063520705,0.008371534757316113,0.017264917360153998,48.48870447904328,48.488704479043285,307.5372165457732,309.0904778721194,-1.5081402240252828,1.67607941704415,-4.581685454685803,5.091879762661051,False,True,False,False,False
1,2025-07-19_05:56:00,85,48,35.369850158691406,122.14602661132812,0.0,10,1944.6386930288768,436.69469057602237,409.95684360266955,804.8259616088867,824.12640625,785.539453125,291.0830484626373,0.006864579860121012,0.016249484254301873,42.2449091472161,42.2449091472161,309.71283728989044,310.99742702705254,-1.6589921725697536,1.9069491549331588,-4.332985668655046,4.980604185962072,False,True,False,False,False
1,2025-07-19_05:56:00,85,48,35.369850158691406,122.14602661132812,0.0,11,2381.333383604899,,463.4325375493754,764.6694183349609,785.539453125,743.80546875,288.88689045301345,0.006792953237891197,0.014847439974148158,45.75168008571747,45.75168008571747,311.9040805923806,313.1843514415216,-2.1961580096238436,2.186924414469047,-5.029046739100491,5.007902458315633,False,True,False,False,False
1,2025-07-19_05:56:00,85,49,35.372039794921875,122.20220947265625,0.0,0,26.477231989091567,60.297720439572586,52.954463978183135,1003.4217834472656,1006.408125,1000.427578125,299.10264008167337,0.018767548725008965,0.021417663205823567,87.6265003546511,87.6265003546511,298.81086322948033,302.15967836702936,,,,,,,False,False,False
1,2025-07-19_05:56:00,85,49,35.372039794921875,122.20220947265625,0.0,1,86.77495242866415,76.81663194320008,67.64097690096202,996.6207745361328,1000.427578125,992.798125,298.5090842891523,0.018586942926049232,0.02079922750642024,89.36362141484281,89.36362141484281,298.79792042608113,302.11495328585727,-0.5935557925210446,-0.044725081172089176,-9.84375177359942,-0.7417375125633556,False,False,False,False,False
1,2025-07-19_05:56:00,85,49,35.372039794921875,122.20220947265625,0.0,2,163.59158437186423,97.31607699612957,85.99228698543816,987.9680871582032,992.798125,983.1465625,297.7583800317779,0.018476272001862526,0.02004106398660014,92.19207131026643,92.19207131026643,298.78997150690213,302.08752455797566,-0.7507042573744229,-0.027428727881613213,-9.772678629408151,-0.35706756711091714,False,False,False,False,False
1,2025-07-19_05:56:00,85,49,35.372039794921875,122.20220947265625,0.0,3,260.9076613679938,122.40958879725531,108.63986700682102,977.1022198486328,983.1465625,971.05859375,296.80073651398516,0.01831541396677494,0.01910641396815521,95.8600289792808,95.8600289792808,298.7715636673362,302.0407225208782,-0.9576435177927465,-0.04680203709745001,-9.840547906907856,-0.48092811118260975,False,False,False,False,False
1,2025-07-19_05:56:00,85,49,35.372039794921875,122.20220947265625,0.0,4,383.3172501652491,152.72322955116942,136.17931058768954,963.5557531738282,971.05859375,956.0821875,296.79288633903093,0.015470555052161217,0.019373970982953417,79.85226707407222,79.85226707407222,299.95776016758225,302.7378639284709,-0.00785017495422835,0.69714140759271,-0.06413039232760145,5.695153577775448,False,True,False,False,False
1,2025-07-19_05:56:00,85,49,35.372039794921875,122.20220947265625,0.0,5,536.0404797164185,188.62956646871612,169.26714851464942,946.9147326660157,956.0821875,937.769765625,297.1456035835956,0.011920729652047157,0.020161126070154467,59.12730077956318,59.12730077956317,301.8127836218522,303.97578262649324,0.35271724456464426,1.2379186980223267,2.3095192892477923,8.105634628473897,True,True,False,False,False
1,2025-07-19_05:56:00,85,49,35.372039794921875,122.20220947265625,0.0,6,724.6700461851347,230.3295061615022,207.99198442278282,926.7141223144531,937.769765625,915.6709375,296.4441454885664,0.009929290041327477,0.01973682379044941,50.30844955981331,50.30844955981332,302.9611497668017,304.7732261992212,-0.7014580950291815,0.797443572727957,-3.7187070307215975,4.227564043414221,False,True,False,False,False
1,2025-07-19_05:56:00,85,49,35.372039794921875,122.20220947265625,0.0,7,954.9995523466368,277.58539415645305,252.66702790022146,902.5490283203125,915.6709375,889.433203125,295.4817873225307,0.00910280179232359,0.0190999175254024,47.658853920270055,47.658853920270055,304.2659439024355,305.9357089350577,-0.962358166035699,1.1624827358364769,-4.178180130169314,5.047042192767819,False,True,False,False,False
1,2025-07-19_05:56:00,85,49,35.372039794921875,122.20220947265625,0.0,8,1232.58494650309,329.1274044491829,302.50376041268464,874.1583825683593,889.433203125,858.88703125,294.2677230890208,0.008797581307590008,0.018288958150298684,48.1032393168133,48.1032393168133,305.7955521098705,307.41793278195513,-1.2140642335098732,1.4822238468974547,-4.373660354858588,5.3397040265816065,False,True,False,False,False
1,2025-07-19_05:56:00,85,49,35.372039794921875,122.20220947265625,0.0,9,1561.7123509522728,382.8493295216538,355.75104848568117,841.5002227783203,858.88703125,824.12515625,292.77760176787683,0.008254803717136383,0.017304174583262933,47.70411716211331,47.70411716211331,307.5749234958691,309.1068915831482,-1.490121321143988,1.6889588011930528,-4.52749087739384,5.131626167743887,False,True,False,False,False
1,2025-07-19_05:56:00,85,49,35.372039794921875,122.20220947265625,0.0,10,1944.5616804739266,436.75131452679034,409.94761055762615,804.8272131347657,824.12515625,785.5409375,291.1166220970571,0.006817478220909834,0.016284674999354983,41.86437998412536,41.864379984125364,309.74842207246513,311.02440380906336,-1.6609796708197564,1.917512225915175,-4.338468276528122,5.0085296696509465,False,True,False,False,False
1,2025-07-19_05:56:00,85,49,35.372039794921875,122.20220947265625,0.0,11,2381.312995000717,,463.5550184959543,764.6712661743164,785.5409375,743.80359375,288.8736869564572,0.007028413005173206,0.01483457440739377,47.37859551717333,47.37859551717333,311.88960976228304,313.2138866488017,-2.2429351405998545,2.189482839738332,-5.135497171954757,5.013111047211351,False,True,False,False,False
1,2025-07-19_05:56:00,86,47,35.4134407043457,122.08709716796875,0.0,0,26.467297930236256,60.27525222265028,52.93459586047251,1003.4540893554688,1006.44875,1000.4515625,299.02414505680224,0.01864209957420826,0.021314454754696413,87.46224000921568,87.46224000921568,298.7296968589575,302.0556332800981,,,,,,,False,False,False
1,2025-07-19_05:56:00,86,47,35.4134407043457,122.08709716796875,0.0,1,86.74255015288654,76.7882634861875,67.61590858482803,996.6340661621093,1000.4515625,992.81640625,298.4305511546487,0.01846589334309101,0.02069899835720628,89.21153103363659,89.21153103363659,298.7181730478769,302.013115395931,-0.5935939021535432,-0.04251788416712543,-9.848053392806577,-0.7053953753701262,False,False,False,False,False
1,2025-07-19_05:56:00,86,47,35.4134407043457,122.08709716796875,0.0,2,163.53081363907404,97.27862296848122,85.96061838754697,987.9926440429688,992.81640625,983.17484375,297.6827784179472,0.018350332975387573,0.01994741416147315,91.99354275618234,91.99354275618234,298.71198662532754,301.98661282515826,-0.7477727367015063,-0.026502570772720446,-9.738112346244344,-0.34513830069210605,False,False,False,False,False
1,2025-07-19_05:56:00,86,47,35.4134407043457,122.08709716796875,0.0,3,260.80943660755526,122.36087421879978,108.59662754941544,977.1351220703125,983.17484375,971.08890625,296.73257336644264,0.018156325444579124,0.01902520575546117,95.43300439401223,95.43300439401222,298.70007416158563,301.9405677614122,-0.9502050515045539,-0.046045063746078085,-9.76787111606653,-0.473331779799113,False,False,False,False,False
1,2025-07-19_05:56:00,86,47,35.4134407043457,122.08709716796875,0.0,4,383.17031082635503,152.67290587818945,136.12512088818409,963.5825750732422,971.08890625,956.113671875,296.902290932077,0.014925213530659676,0.019505222362118775,76.51906373364928,76.51906373364928,300.06594492917884,302.7504582504353,0.16971756563435747,0.8098904890231324,1.3870247880942461,6.618868116085258,True,True,False,False,False
1,2025-07-19_05:56:00,86,47,35.4134407043457,122.08709716796875,0.0,5,535.8432167045445,188.60104762086087,169.22069086819488,946.9520446777344,956.113671875,937.80609375,297.1404667724898,0.01170393731445074,0.02015389610226289,58.07282748240732,58.07282748240732,301.8041683983047,303.92822518442733,0.2381758404127936,1.177766933992018,1.560040002139102,7.714315301836876,True,True,False,False,False
1,2025-07-19_05:56:00,86,47,35.4134407043457,122.08709716796875,0.0,6,724.4442643254054,230.35146886298662,207.98140437352674,926.7494677734375,937.80609375,915.7034375,296.33200432510705,0.010076543316245079,0.019598823967528732,51.41402021335496,51.41402021335496,302.8432431655086,304.681209369579,-0.8084624473827375,0.7529841851516608,-4.286627553670677,3.9924708513038736,False,True,False,False,False
1,2025-07-19_05:56:00,86,47,35.4134407043457,122.08709716796875,0.0,7,954.795733188392,277.672512353864,252.7215333524465,902.5783538818359,915.7034375,889.45734375,295.3893654529009,0.009368485771119595,0.0189890676317679,49.33620729985983,49.33620729985983,304.16795080956103,305.88544570471345,-0.9426388722061461,1.2042363351344534,-4.092176519902415,5.227821385635422,False,True,False,False,False
1,2025-07-19_05:56:00,86,47,35.4134407043457,122.08709716796875,0.0,8,1232.468245542256,329.26660318014933,302.62349135528166,874.1765618896484,889.45734375,858.89453125,294.1650371591073,0.009187974967062473,0.018170394211412963,50.5656336354631,50.5656336354631,305.6870271728854,307.3801446289026,-1.224328293793576,1.4946989241891515,-4.409252768359369,5.382956028014458,False,True,False,False,False
1,2025-07-19_05:56:00,86,47,35.4134407043457,122.08709716796875,0.0,9,1561.7348487224053,382.9677259034943,355.909715005017,841.4956927490234,858.89453125,824.112265625,292.62944727485745,0.008755615912377834,0.017141538533647423,51.07835504491784,51.07835504491784,307.41975393871735,309.04303921542333,-1.5355898842498732,1.6628945865207356,-4.663667281827901,5.050298361449453,False,True,False,False,False
1,2025-07-19_05:56:00,86,47,35.4134407043457,122.08709716796875,0.0,10,1944.7025746258996,436.5827896787,410.0257368019718,804.8049807739258,824.112265625,785.518125,290.96952339389077,0.007136291358619928,0.016131344140662716,44.23866539820005,44.23866539820005,309.5943523816306,310.9289172852913,-1.6599238809666872,1.8858780698679425,-4.334370153648349,4.9243785893936485,False,True,False,False,False
1,2025-07-19_05:56:00,86,47,35.4134407043457,122.08709716796875,0.0,11,2381.2853643045996,,463.139842555428,764.6477221679687,785.518125,743.7925,288.9080734749982,0.006268220022320747,0.014868474840483412,42.157787463538874,42.157787463538874,311.92948010869554,313.11156655927294,-2.0614499188925492,2.182649273981667,-4.721784659467815,4.999393758943114,False,True,False,False,False
1,2025-07-19_05:56:00,86,48,35.4156608581543,122.143310546875,0.0,0,26.46987712832887,60.28122235997128,52.93975425665774,1003.4532543945312,1006.45171875,1000.44703125,299.0509829529219,0.018663737922906876,0.021349466588865915,87.42016033618522,87.42016033618522,298.7565793540198,302.08660518103676,,,,,,,False,False,False
1,2025-07-19_05:56:00,86,48,35.4156608581543,122.143310546875,0.0,1,86.75109948830016,76.79626667049925,67.62269046328484,996.6248272705078,1000.44703125,992.79609375,298.4558962422679,0.018486935645341873,0.02073140377041223,89.17358346821814,89.17358346821814,298.7443338189876,302.04325155920577,-0.5950867106540159,-0.04335362183098823,-9.871842131873773,-0.7191894944017669,False,False,False,False,False
1,2025-07-19_05:56:00,86,48,35.4156608581543,122.143310546875,0.0,2,163.5473661587994,97.28947560721585,85.96984287771367,987.9583715820313,992.79609375,983.14546875,297.7048984987397,0.018374234437942505,0.019975338971690702,91.9845939234508,91.9845939234508,298.7371440458909,302.0162346581392,-0.7509977435282167,-0.02701690106658816,-9.779091824221544,-0.35179966732636125,False,False,False,False,False
1,2025-07-19_05:56:00,86,48,35.4156608581543,122.143310546875,0.0,3,260.83684176601525,122.37010726384307,108.60910833671795,977.1116973876954,983.14546875,971.07703125,296.7508405083949,0.018198302015662193,0.01904723154042893,95.54302932179498,95.54302932179498,298.7205084915603,301.96858224612185,-0.9540579903447792,-0.04765241201732806,-9.806384343118175,-0.48980027613381166,False,False,False,False,False
1,2025-07-19_05:56:00,86,48,35.4156608581543,122.143310546875,0.0,4,383.2069490298583,152.67682634483907,136.13110619096824,963.5851385498047,971.07703125,956.10921875,296.87414541853383,0.015032223425805569,0.019471182638170274,77.20241602755651,77.20241602755652,300.0372714510404,302.74048865289154,0.12330491013892697,0.7719064067696877,1.0076391440359562,6.307965433955,True,True,False,False,False
1,2025-07-19_05:56:00,86,48,35.4156608581543,122.143310546875,0.0,5,535.8837753746974,188.5992596516429,169.22254649870985,946.9389318847657,956.10921875,937.79375,297.1367395319269,0.011730627156794071,0.020149534393995625,58.21785718428159,58.217857184281584,301.8015767085335,303.93040278480163,0.2625941133930496,1.1899141319100863,1.719934319304942,7.793678715999253,True,True,False,False,False
1,2025-07-19_05:56:00,86,48,35.4156608581543,122.143310546875,0.0,6,724.4830350263403,230.33677625121447,207.97597280457603,926.7379641723633,937.79375,915.694140625,296.34320232435596,0.010054249316453934,0.019612738704401788,51.263872261742854,51.26387226174286,302.85576130723905,304.68977735995134,-0.793537207570921,0.7593745751497067,-4.207530872796872,4.026392131932696,False,True,False,False,False
1,2025-07-19_05:56:00,86,48,35.4156608581543,122.143310546875,0.0,7,954.8198112775548,277.6388341376784,252.69757969785292,902.5716186523438,915.694140625,889.450546875,295.39505052726753,0.00931569468230009,0.018995976319133866,49.04035741988567,49.04035741988568,304.1744533568374,305.88239606573313,-0.9481517970884283,1.192618705781797,-4.1163717428012285,5.177717276380909,False,True,False,False,False
1,2025-07-19_05:56:00,86,48,35.4156608581543,122.143310546875,0.0,8,1232.4586454152331,329.2253935616559,302.58008857750383,874.1696478271484,889.450546875,858.8890625,294.18098407405876,0.009084817953407764,0.01818884873712395,49.94718513913086,49.94718513913086,305.70428953014914,307.3786633785689,-1.2140664532087726,1.496267312835755,-4.372826506708097,5.389258017463691,False,True,False,False,False
1,2025-07-19_05:56:00,86,48,35.4156608581543,122.143310546875,0.0,9,1561.684038976889,382.93533869596536,355.8706985458077,841.4918185424805,858.8890625,824.1096875,292.65905022468877,0.008646019734442234,0.01717402431061156,50.34358620943604,50.34358620943604,307.45125753071613,309.0545622088572,-1.5219338493699865,1.675898830288304,-4.622771751915198,5.090430030800309,False,True,False,False,False
1,2025-07-19_05:56:00,86,48,35.4156608581543,122.143310546875,0.0,10,1944.6193776728544,436.6235731087934,409.9999788461232,804.8038482666016,824.1096875,785.51859375,291.0101733727625,0.0070382035337388515,0.01617373542661681,43.51625241845006,43.516252418450065,309.637728838017,310.9542628738352,-1.6488768519262749,1.8997006649780133,-4.305888449839346,4.9608914952774725,False,True,False,False,False
1,2025-07-19_05:56:00,86,48,35.4156608581543,122.143310546875,0.0,11,2381.242950781648,,463.247167371464,764.6499871826172,785.51859375,743.791875,288.91512051133486,0.006427703890949488,0.014875289696662165,43.210613184842956,43.21061318484296,311.9368246801049,313.14882369879314,-2.0950528614276323,2.1945608249579323,-4.798304513223359,5.026207836953215,False,True,False,False,False
1,2025-07-19_05:56:00,86,49,35.4178581237793,122.19952392578125,0.0,0,26.471848735750996,60.2856673961021,52.94369747150199,1003.4253594970703,1006.41140625,1000.4315625,299.0742166236615,0.01867583580315113,0.021380417500506853,87.35019230895932,87.35019230895932,298.7821632659147,302.114593397473,,,,,,,False,False,False
1,2025-07-19_05:56:00,86,49,35.4178581237793,122.19952392578125,0.0,1,86.7575161318531,76.80170747482813,67.62763732070222,996.6250659179688,1000.4315625,992.8078125,298.4813238758315,0.01849842257797718,0.020763756355542437,89.08996166793985,89.08996166793985,298.7697655860491,302.07097689737253,-0.5928927478300352,-0.04361650010048379,-9.834721475910374,-0.723497009893,False,False,False,False,False
1,2025-07-19_05:56:00,86,49,35.4178581237793,122.19952392578125,0.0,2,163.55922360668123,97.29742347647291,85.97577762895405,987.9845977783203,992.8078125,983.153125,297.731917056393,0.018388446420431137,0.020008072800697843,91.90513551005164,91.90513551005164,298.76199033869773,302.0438443768368,-0.7494068194384909,-0.02713252053575843,-9.757684354662427,-0.35328017342128953,False,False,False,False,False
1,2025-07-19_05:56:00,86,49,35.4178581237793,122.19952392578125,0.0,3,260.85664708315414,122.37885112548577,108.61906932399177,977.096259765625,983.153125,971.05921875,296.77124709876506,0.018228134140372276,0.019071648587941182,95.5771288272255,95.5771288272255,298.74239908086435,301.9959404274929,-0.9606699576279425,-0.04790394934389042,-9.873539537871094,-0.49234550754032935,False,False,False,False,False
1,2025-07-19_05:56:00,86,49,35.4178581237793,122.19952392578125,0.0,4,383.2354982086399,152.68147008742278,136.13863292697977,963.5645153808593,971.05921875,956.08921875,296.8282332722745,0.015175968408584595,0.019416286592107222,78.16102392490266,78.16102392490266,299.9927045941696,302.7209794557266,0.05698617350941504,0.7250390282337094,0.4656537709361409,5.924545144571289,True,True,False,False,False
1,2025-07-19_05:56:00,86,49,35.4178581237793,122.19952392578125,0.0,5,535.9169682960627,188.5987836894152,169.22430724786574,946.9196795654296,956.08921875,937.775546875,297.12029088060945,0.011785782873630524,0.020129448365815907,58.54995457126036,58.54995457126036,301.7866228825661,303.92523582674465,0.2920576083349715,1.2042563710180616,1.9128556213648216,7.8873773636612565,True,True,False,False,False
1,2025-07-19_05:56:00,86,49,35.4178581237793,122.19952392578125,0.0,6,724.5157519854779,230.32457077539652,207.97326013096483,926.7209173583984,937.775546875,915.67890625,296.35391299940403,0.010036364197731018,0.019626188348972767,51.13761276145259,51.13761276145259,302.86829911457886,304.69916091631643,-0.7663778812054147,0.773925089571776,-4.063535650725548,4.103552920289651,False,True,False,False,False
1,2025-07-19_05:56:00,86,49,35.4178581237793,122.19952392578125,0.0,7,954.8403227608744,277.60893406610353,252.67588141982822,902.5583862304687,915.67890625,889.43578125,295.40130604789965,0.009267251007258892,0.019003707196527032,48.7654903931192,48.7654903931192,304.1821689620196,305.88135464362404,-0.9526069515043787,1.182193727307606,-4.135932819921864,5.132729536096411,False,True,False,False,False
1,2025-07-19_05:56:00,86,49,35.4178581237793,122.19952392578125,0.0,8,1232.449256826978,329.18557138861024,302.54198671237896,874.1531967163086,889.43578125,858.877890625,294.1980736333858,0.008987248875200748,0.018208838320963275,49.356519711935746,49.35651971193574,305.72369235612535,307.38034908661564,-1.2032324145138773,1.4989944429916022,-4.3342712242372095,5.399662111143244,False,True,False,False,False
1,2025-07-19_05:56:00,86,49,35.4178581237793,122.19952392578125,0.0,9,1561.6348282155882,382.90092942668525,355.8291560648415,841.4867520141602,858.877890625,824.10875,292.6893824312494,0.008534681983292103,0.01720739122061279,49.598930330986946,49.598930330986946,307.48365180439396,309.06665167219626,-1.50869120213639,1.68630258558062,-4.583102460330346,5.122650359392288,False,True,False,False,False
1,2025-07-19_05:56:00,86,49,35.4178581237793,122.19952392578125,0.0,10,1944.5357576422734,436.6635352707299,409.972702788529,804.8076034545899,824.10875,785.52046875,291.0476184480466,0.00694864708930254,0.016212774436557872,42.85908692860224,42.85908692860224,309.6771579315721,310.97722107892616,-1.641763983202793,1.9105694067299055,-4.287699133196136,4.98972256241474,False,True,False,False,False
1,2025-07-19_05:56:00,86,49,35.4178581237793,122.19952392578125,0.0,11,2381.1992929130033,,463.35436775293056,764.6498681640625,785.52046875,743.7896875,288.9168252723871,0.00660347007215023,0.014876952000171209,44.38725131380565,44.38725131380565,311.9386791545586,313.18361038610243,-2.1307931756595053,2.2063893071762664,-4.879714021319461,5.052836174672366,False,True,False,False,False
1,2025-07-19_05:56:00,87,47,35.45924758911133,122.0843505859375,0.0,0,26.4594293880171,60.25792082029258,52.9188587760342,1003.4596917724609,1006.45421875,1000.45734375,298.97452560224605,0.018553486093878746,0.021249771253108618,87.31146266416664,87.31146266416664,298.6796498174779,301.9895100858438,,,,,,,False,False,False
1,2025-07-19_05:56:00,87,47,35.45924758911133,122.0843505859375,0.0,1,86.71735020830968,76.76736081169042,67.59698286455098,996.6400860595703,1000.45734375,992.81859375,298.3837625571449,0.01838277280330658,0.02063953299921167,89.06583692571296,89.06583692571296,298.67082391748875,301.9506824968723,-0.5907630451011414,-0.038827588971514615,-9.803906889900436,-0.6443565998121686,False,False,False,False,False
1,2025-07-19_05:56:00,87,47,35.45924758911133,122.0843505859375,0.0,2,163.4847110200001,97.2525352610239,85.93773875882987,987.990140991211,992.81859375,983.17609375,297.6376243915587,0.018267251551151276,0.019892027056402806,91.83202646646033,91.83202646646033,298.6668926734181,301.9264667775185,-0.7461381655862169,-0.02421571935377642,-9.719471370345614,-0.3154429056533198,False,False,False,False,False
1,2025-07-19_05:56:00,87,47,35.45924758911133,122.0843505859375,0.0,3,260.737246281024,122.32741104110426,108.56733176321791,977.1410229492187,983.17609375,971.101484375,296.6952328537194,0.018059760332107544,0.01898109462947212,95.14604233659942,95.14604233659942,298.6619707453618,301.8851241774947,-0.9423915378392849,-0.041342600023824616,-9.690148799822282,-0.42510562745600294,False,False,False,False,False
1,2025-07-19_05:56:00,87,47,35.45924758911133,122.0843505859375,0.0,4,383.06465732212826,152.64039190294295,136.08749031899055,963.6035559082031,971.101484375,956.1278125,296.8505099385563,0.014861122705042362,0.019442300612684413,76.43705856161266,76.43705856161266,300.0117457986979,302.68441743664783,0.1552770848368823,0.7992932591531599,1.2693564223696874,6.534048684187248,True,True,False,False,False
1,2025-07-19_05:56:00,87,47,35.45924758911133,122.0843505859375,0.0,5,535.7050492250712,188.579694648766,169.19329348689547,946.9577075195313,956.1278125,937.8159375,297.05686298968334,0.011775258928537369,0.020049709411194893,58.73032215600378,58.73032215600378,301.71873691790097,303.85498179351475,0.20635305112705282,1.1705643568669188,1.3518902077915478,7.668771956581631,True,True,False,False,False
1,2025-07-19_05:56:00,87,47,35.45924758911133,122.0843505859375,0.0,6,724.2847438738372,230.3490641649346,207.9660958106365,926.764309387207,937.8159375,915.711875,296.24078882941654,0.010223842225968838,0.019487523585622606,52.4635271436527,52.4635271436527,302.74863815421224,304.612617370898,-0.816074160266794,0.7576355773832688,-4.327476305371852,4.017588313494634,False,True,False,False,False
1,2025-07-19_05:56:00,87,47,35.45924758911133,122.0843505859375,0.0,7,954.6338080387718,277.6979390026718,252.7320325192327,902.5791287231445,915.711875,889.4571875,295.31022605299665,0.009553871117532253,0.018895137998348677,50.56258979620686,50.56258979620686,304.0863849043782,305.8370746909861,-0.9305627764198903,1.2244573200881064,-4.039794039508616,5.31566005934094,False,True,False,False,False
1,2025-07-19_05:56:00,87,47,35.45924758911133,122.0843505859375,0.0,8,1232.3317470414436,329.3182777459226,302.6638454861111,874.1752505493164,889.4571875,858.8890625,294.0916697189593,0.009414518252015114,0.0180864138490063,52.052984801806716,52.052984801806716,305.6109170271788,307.34495962342913,-1.2185563340373733,1.5078849324430053,-4.388064018097194,5.429946429773459,False,True,False,False,False
1,2025-07-19_05:56:00,87,47,35.45924758911133,122.0843505859375,0.0,9,1561.6500247873662,383.0568646072247,355.9727100057339,841.4855599975585,858.8890625,824.0953125,292.5672898898604,0.00898080412298441,0.017073889860840685,52.599637201491305,52.59963720149131,307.35551237332,309.01982791823855,-1.5243798290989048,1.6748682948094142,-4.628895303148046,5.085864976196729,False,True,False,False,False
1,2025-07-19_05:56:00,87,47,35.45924758911133,122.0843505859375,0.0,10,1944.706889394591,436.57347886205093,410.14101920871553,804.7805429077148,824.0953125,785.49359375,290.8964780375125,0.007439063861966133,0.01605596390433774,46.332091341812045,46.332091341812045,309.519316750888,310.90974825980936,-1.6708118523478674,1.8899203415708143,-4.361785433765999,4.933785336306878,False,True,False,False,False
1,2025-07-19_05:56:00,87,47,35.45924758911133,122.0843505859375,0.0,11,2381.280368256642,,463.0059385153859,764.6230459594726,785.49359375,743.774375,288.9304538097541,0.006002908572554588,0.014890763021549078,40.312968273469366,40.312968273469366,311.95652019428286,313.0889698455823,-1.9660242277583961,2.17922158577295,-4.503306597741415,4.991649037988273,False,True,False,False,False
1,2025-07-19_05:56:00,87,48,35.46147918701172,122.14059448242188,0.0,0,26.46240036057405,60.26477210990758,52.9248007211481,1003.4255981445312,1006.4125,1000.430859375,299.0031076043867,0.018568068742752075,0.021287685931634846,87.2244583200974,87.22445832009741,298.7111033882698,302.023866539226,,,,,,,False,False,False
1,2025-07-19_05:56:00,87,48,35.46147918701172,122.14059448242188,0.0,1,86.72717247048163,76.7757052189227,67.60474349866705,996.6233966064453,1000.430859375,992.80765625,298.4128880776373,0.018395619466900826,0.0206768088829458,88.96740097101494,88.96740097101492,298.7014066009471,301.98385195667794,-0.5902195267493653,-0.04001458254805357,-9.793773478027186,-0.6639796542344368,False,False,False,False,False
1,2025-07-19_05:56:00,87,48,35.46147918701172,122.14059448242188,0.0,2,163.50287768940433,97.26333734821475,85.94666693917837,987.9865051269531,992.80765625,983.1634375,297.66662873201705,0.018281714990735054,0.019927697656947196,91.7402266205182,91.7402266205182,298.6963113780061,301.95874129410635,-0.746259345620274,-0.025110662571592002,-9.719993368896407,-0.3270652154869826,False,False,False,False,False
1,2025-07-19_05:56:00,87,48,35.46147918701172,122.14059448242188,0.0,3,260.7662150376191,122.33705122050401,108.58000775725105,977.117001953125,983.1634375,971.08078125,296.71687332292083,0.01809106022119522,0.019007060641452897,95.18073605626347,95.18073605626347,298.6858525623582,301.914751041614,-0.9497554090962126,-0.04399025249233546,-9.764783267676401,-0.45227990002897933,False,False,False,False,False
1,2025-07-19_05:56:00,87,48,35.46147918701172,122.14059448242188,0.0,4,383.1032662581231,152.64399817230503,136.09409468375702,963.5871051025391,971.08078125,956.11890625,296.84781461678904,0.014904464595019817,0.019439395409059687,76.67144106793376,76.67144106793376,300.0104851628671,302.69082581127117,0.1309412938682044,0.776074769657157,1.0703322710647312,6.343742651262179,True,True,False,False,False
1,2025-07-19_05:56:00,87,48,35.46147918701172,122.14059448242188,0.0,5,535.7472644304281,188.57799689461092,169.19390166085304,946.9581842041016,956.11890625,937.80734375,297.0663455047415,0.011770031414926052,0.020061477389251528,58.66981372584335,58.66981372584335,301.7283248513167,303.8637002490876,0.21853088795245412,1.1728744378164038,1.4316376049438628,7.683724560807555,True,True,False,False,False
1,2025-07-19_05:56:00,87,48,35.46147918701172,122.14059448242188,0.0,6,724.325261325039,230.33508394107173,207.96209212836868,926.7446398925781,937.80734375,915.69859375,296.251544559241,0.010193681344389915,0.019501006631822772,52.27259052235451,52.27259052235451,302.7614661124054,304.62008072767844,-0.8148009455005081,0.7563804785908701,-4.3207636040161645,4.010968888451935,False,True,False,False,False
1,2025-07-19_05:56:00,87,48,35.46147918701172,122.14059448242188,0.0,7,954.6603452661108,277.6634846258602,252.7080757537749,902.5733471679688,915.69859375,889.45140625,295.31573195982884,0.009495396167039871,0.018901782836199168,50.23545265187925,50.23545265187924,304.09261098049865,305.83272199730703,-0.9358125994121451,1.212641269628591,-4.062831347271269,5.264683299131407,False,True,False,False,False
1,2025-07-19_05:56:00,87,48,35.46147918701172,122.14059448242188,0.0,8,1232.323829891971,329.2763992916189,302.61889349794524,874.1694091796875,889.45140625,858.8821875,294.1066714415859,0.009304818697273731,0.018103687205944966,51.397367792668085,51.39736779266809,305.6270898509985,307.3412040698811,-1.20906051824295,1.5084820725740542,-4.354409510750425,5.432770803862344,False,True,False,False,False
1,2025-07-19_05:56:00,87,48,35.46147918701172,122.14059448242188,0.0,9,1561.6002291835898,383.0196244514923,355.9339050852925,841.4775134277344,858.8821875,824.09375,292.5898070273831,0.008877947926521301,0.017098612980529903,51.92203564482436,51.92203564482436,307.38000746580525,309.02556065090533,-1.5168644142028143,1.6843565810242467,-4.606659989802139,5.1153273804252235,False,True,False,False,False
1,2025-07-19_05:56:00,87,48,35.46147918701172,122.14059448242188,0.0,10,1944.619853635082,436.5979800287496,410.1053438176923,804.7860861206054,824.09375,785.499375,290.93414633519797,0.007328620180487633,0.016094941300354843,45.53368691270753,45.53368691270753,309.5587873296735,310.92890074967534,-1.6556606921851085,1.903340098770002,-4.322652382514647,4.969301772711261,False,True,False,False,False
1,2025-07-19_05:56:00,87,48,35.46147918701172,122.14059448242188,0.0,11,2381.2178336638317,,463.0906162398064,764.6292446899414,785.499375,743.776875,288.95073930519146,0.006099750753492117,0.014910420810995008,40.9093132300742,40.9093132300742,311.97769970559466,313.12838600480865,-1.9834070300065036,2.199485255133311,-4.542868086279047,5.0377815650646784,False,True,False,False,False
1,2025-07-19_05:56:00,87,49,35.46367645263672,122.19686889648438,0.0,0,26.465217928638516,60.270922288496074,52.93043585727703,1003.4062860107422,1006.38984375,1000.41484375,299.0300281434744,0.01858210377395153,0.02132317179364009,87.14512059361583,87.14512059361581,298.73964039227064,302.05517859349436,,,,,,,False,False,False
1,2025-07-19_05:56:00,87,49,35.46367645263672,122.19686889648438,0.0,1,86.73614021713459,76.78310567328933,67.61140871971512,996.6114758300781,1000.41484375,992.799453125,298.43975905048296,0.018409473821520805,0.020711178964190523,88.88665320960556,88.88665320960556,298.72932445834266,302.01450426309583,-0.5902690929914343,-0.040674330398530856,-9.79359649029461,-0.6748582708563325,False,False,False,False,False
1,2025-07-19_05:56:00,87,49,35.46367645263672,122.19686889648438,0.0,2,163.51924589042392,97.27379218518547,85.95480262686353,987.9829284667969,992.799453125,983.15421875,297.6929656533227,0.018299253657460213,0.01996014375337629,91.67896726377465,91.67896726377465,298.7230483817339,301.9888441869375,-0.7467933971602747,-0.025660076158317224,-9.726011869562383,-0.3341890892965487,False,False,False,False,False
1,2025-07-19_05:56:00,87,49,35.46367645263672,122.19686889648438,0.0,3,260.7930380756094,122.34684849854762,108.59278174350749,977.1009686279297,983.15421875,971.068125,296.73538017494764,0.018131813034415245,0.01902920182194339,95.28414908872674,95.28414908872674,298.7058826340744,301.94214216580446,-0.9575854783750515,-0.04670202113305777,-9.844228921928359,-0.48010897985912343,False,False,False,False,False
1,2025-07-19_05:56:00,87,49,35.46367645263672,122.19686889648438,0.0,4,383.139886574157,152.64789064117645,136.1009152535877,963.5785223388672,971.068125,956.1015625,296.8234606711877,0.01499872375279665,0.019410252643832802,77.27217171262414,77.27217171262414,299.9866351797661,302.68346200555726,0.08808049624008163,0.7413198397528049,0.7199245205006424,6.059165796670317,True,True,False,False,False
1,2025-07-19_05:56:00,87,49,35.46367645263672,122.19686889648438,0.0,5,535.7877772153334,188.57613970866385,169.19486602876526,946.9299914550782,956.1015625,937.784609375,297.0572564180188,0.011797609739005566,0.020050803753476027,58.83858763996092,58.83858763996091,301.72165967570743,303.86193284549887,0.23379574683110604,1.1784708399416104,1.5316015560325085,7.72019079327992,True,True,False,False,False
1,2025-07-19_05:56:00,87,49,35.46367645263672,122.19686889648438,0.0,6,724.3639169239973,230.32164811844973,207.95741338856237,926.7284274291992,937.784609375,915.68140625,296.26018312245213,0.010171657428145409,0.01951185085232816,52.13066410320435,52.13066410320435,302.7718078508031,304.62651062902216,-0.7970732955666904,0.7645777835232934,-4.226798240743021,4.054477860796755,False,True,False,False,False
1,2025-07-19_05:56:00,87,49,35.46367645263672,122.19686889648438,0.0,7,954.685565042447,277.6314645003106,252.6858828483372,902.5550485229492,915.68140625,889.43390625,295.31884947620955,0.009443395771086216,0.018905870469354442,49.94954232016733,49.94954232016733,304.0975826579699,305.8282816100928,-0.9413336462425832,1.2017709810706378,-4.087039381371891,5.217794292842988,False,True,False,False,False
1,2025-07-19_05:56:00,87,49,35.46367645263672,122.19686889648438,0.0,8,1232.3170295427576,329.23422530521293,302.57704615228386,874.1529583740235,889.43390625,858.87265625,294.1219943789238,0.00919827539473772,0.01812156954568122,50.758712547224576,50.75871254722457,305.6446564012165,307.3394197311694,-1.196855097285777,1.5111381210766126,-4.31094904693138,5.442964196426382,False,True,False,False,False
1,2025-07-19_05:56:00,87,49,35.46367645263672,122.19686889648438,0.0,9,1561.5512548479705,382.98114306093134,355.89140445814223,841.4756060791016,858.87265625,824.08984375,292.61377763347997,0.00877291988581419,0.017124828374645264,51.22924267552502,51.22924267552502,307.40538885018793,309.03177837048196,-1.5082167454438036,1.6923586393125447,-4.580984082215718,5.140287701692199,False,True,False,False,False
1,2025-07-19_05:56:00,87,49,35.46367645263672,122.19686889648438,0.0,10,1944.5323979089019,436.6262297868486,410.07088166372023,804.7800064086914,824.08984375,785.494765625,290.96932988559007,0.0072209807112813,0.016131656272831106,44.762797998881595,44.762797998881595,309.59689145417656,310.947191726705,-1.644447747889899,1.9154133562230413,-4.293808657906354,5.00132549846796,False,True,False,False,False
1,2025-07-19_05:56:00,87,49,35.46367645263672,122.19686889648438,0.0,11,2381.1586276957505,,463.181577909977,764.6261453247071,785.494765625,743.773671875,288.966003819947,0.006215100642293692,0.01492538359601575,41.64114511571267,41.64114511571266,311.99454200252353,313.1669173408895,-2.00332606564308,2.219725614184483,-4.588194499036532,5.083811880170609,False,True,False,False,False
4,2025-07-19_05:57:00,85,47,35.36763381958008,122.08984375,0.0,0,26.47468205256564,60.291846739042796,52.94936410513128,1003.4691094970703,1006.4646875,1000.465625,299.06266167343557,0.01874907687306404,0.021364361395719518,87.75865810255641,87.75865810255641,298.76689781974574,302.1119853153915,,,,,,,False,False,False
4,2025-07-19_05:57:00,85,47,35.36763381958008,122.08984375,0.0,1,86.76652879160844,76.80891680547342,67.6343293729543,996.6470599365234,1000.465625,992.832265625,298.4671889056383,0.01857120543718338,0.020745290276143375,89.52010403315424,89.52010403315424,298.75373324367166,302.0675186662765,-0.5954727677972755,-0.04446664911500875,-9.876505696941427,-0.7375234218230335,False,False,False,False,False
4,2025-07-19_05:57:00,85,47,35.36763381958008,122.08984375,0.0,2,163.57544559708185,97.30506881418336,85.98350423799256,988.0122540283203,992.832265625,983.19203125,297.71804728553434,0.018458638340234756,0.019990404345670735,92.33749363470125,92.33749363470125,298.74568327283436,302.03965787256277,-0.7491416201039556,-0.02786079371372807,-9.753315777141276,-0.36272863714884085,False,False,False,False,False
4,2025-07-19_05:57:00,85,47,35.36763381958008,122.08984375,0.0,3,260.8805144112652,122.39990156603392,108.62663339037411,977.149248046875,983.19203125,971.1021875,296.7602333991583,0.018283715471625328,0.019057569179689073,95.93938922237527,95.93938922237525,298.72668373075084,301.9897959985349,-0.9578138863760159,-0.0498618740278971,-9.843412044701246,-0.5124283311809256,False,False,False,False,False
4,2025-07-19_05:57:00,85,47,35.36763381958008,122.08984375,0.0,4,383.2804159772991,152.71640820362273,136.17316974169375,963.5949133300782,971.1021875,956.1259375,296.8963818410097,0.015171845443546772,0.019497825064341726,77.81301449510669,77.81301449510669,300.05887512894606,302.7870214827518,0.13614844185138963,0.7972254842169377,1.112324765865424,6.51328533778959,True,True,False,False,False
4,2025-07-19_05:57:00,85,47,35.36763381958008,122.08984375,0.0,5,535.9968241809219,188.63057361101153,169.25964666555177,946.9642639160156,956.1259375,937.81875,297.1877599320388,0.011758090928196907,0.020212710071786915,58.17176858737492,58.17176858737491,301.8510909813511,303.9851932170935,0.29137809102905976,1.198171734341713,1.9079684655793765,7.8457301899357414,True,True,False,False,False
4,2025-07-19_05:57:00,85,47,35.36763381958008,122.08984375,0.0,6,724.6273977919334,230.35940934394114,208.00150055647134,926.7625213623047,937.81875,915.7178125,296.42001279489716,0.00996001623570919,0.019706157103526138,50.54266127781447,50.542661277814474,302.93196631753,304.74941983453135,-0.7677471371416118,0.7642266174378278,-4.070109751798972,4.05144618291727,False,True,False,False,False
4,2025-07-19_05:57:00,85,47,35.36763381958008,122.08984375,0.0,7,954.9868071358745,277.65265104116895,252.71731813141082,902.5941491699218,915.7178125,889.476328125,295.4682343375301,0.009201430715620518,0.01908273597867662,48.21861354630885,48.21861354630885,304.247642329446,305.93523281003434,-0.9517784573670838,1.1858129755029836,-4.131710790879909,5.147664594557498,False,True,False,False,False
4,2025-07-19_05:57:00,85,47,35.36763381958008,122.08984375,0.0,8,1232.6394581770435,329.21613251883446,302.5879839509271,874.199211730957,889.476328125,858.92,294.2380717859439,0.008976833894848824,0.018253885376465207,49.177661137407405,49.177661137407405,305.7606589790178,307.41561303866257,-1.2301625515862042,1.4803802286282348,-4.430580968606714,5.331770552440111,False,True,False,False,False
4,2025-07-19_05:57:00,85,47,35.36763381958008,122.08984375,0.0,9,1561.855590695878,382.9125360611381,355.84428108674183,841.5243624877929,858.92,824.14484375,292.7123294726791,0.008483631536364555,0.017231800886829955,49.23241390775637,49.23241390775636,307.5038319417785,309.0775459798371,-1.5257423132648,1.6619329411745412,-4.634470071655776,5.048151584975752,False,True,False,False,False
4,2025-07-19_05:57:00,85,47,35.36763381958008,122.08984375,0.0,10,1944.768126757016,436.65476885532144,409.9807910355346,804.8418759155273,824.14484375,785.55140625,291.04907702556454,0.006925512105226517,0.016213591390772584,42.71423855647391,42.7142385564739,309.67494209835945,310.9706972848642,-1.6632524471145302,1.893151305027061,-4.343687632229845,4.944082856364852,False,True,False,False,False
4,2025-07-19_05:57:00,85,47,35.36763381958008,122.08984375,0.0,11,2381.4228956123375,,463.32874667510805,764.6771670532227,785.55140625,743.819453125,288.9020865677418,0.006563829258084297,0.014862063114045903,44.16499383508152,44.16499383508152,311.9195843780995,313.15701523508807,-2.146990457822767,2.186317950223895,-4.916906011243262,5.0069714249434805,False,True,False,False,False
4,2025-07-19_05:57:00,85,48,35.369850158691406,122.14602661132812,0.0,0,26.476801912111366,60.29641271002066,52.95360382422273,1003.462553100586,1006.454921875,1000.462421875,299.08639180121213,0.01876780577003956,0.02139551033434503,87.71843006666981,87.71843006666981,298.79116225783895,302.13980162213255,,,,,,,False,False,False
4,2025-07-19_05:57:00,85,48,35.369850158691406,122.14602661132812,0.0,1,86.77321462213203,76.81510761972595,67.63922159581858,996.6479541015625,1000.462421875,992.81765625,298.49129189335264,0.018588759005069733,0.020775960490428444,89.47244106299507,89.47244106299507,298.77778278429435,302.09491025297734,-0.5950999078594919,-0.044891369155209304,-9.869574011334047,-0.7445114416856313,False,False,False,False,False
4,2025-07-19_05:57:00,85,48,35.369850158691406,122.14602661132812,0.0,2,163.58832224185798,97.3135793610086,85.99099364363332,987.9779815673828,992.81765625,983.16734375,297.73892182679975,0.018477648496627808,0.020016847750672702,92.31048128448114,92.31048128448114,298.7695909915732,302.06716031241945,-0.752370066552885,-0.02774994055789648,-9.794558516763413,-0.36125628691784,False,False,False,False,False
4,2025-07-19_05:57:00,85,48,35.369850158691406,122.14602661132812,0.0,3,260.9019016028666,122.40744541179879,108.63616507838384,977.1364929199219,983.16734375,971.089609375,296.78221821235076,0.018312735483050346,0.019083810576582892,95.95953286982052,95.95953286982053,298.74992843044885,302.01838109435926,-0.9567036144489975,-0.04877921806019003,-9.831141971459816,-0.5012580811484855,False,False,False,False,False
4,2025-07-19_05:57:00,85,48,35.369850158691406,122.14602661132812,0.0,4,383.3093470146654,152.7213373679998,136.17872574521374,963.5825750732422,971.089609375,956.114765625,296.8436040015757,0.015330002643167973,0.01943441737168774,78.88069063238747,78.88069063238746,300.0066326577896,302.7623090085073,0.06138578922497118,0.7439279141480597,0.5014873810858422,6.077472752130099,True,True,False,False,False
4,2025-07-19_05:57:00,85,48,35.369850158691406,122.14602661132812,0.0,5,536.0306843826652,188.63042117866416,169.26394899078588,946.9544885253906,956.114765625,937.8071875,297.1700511790178,0.011835149489343166,0.020190783675871037,58.616592992805636,58.616592992805636,301.83399458090435,303.98179775496817,0.32644717744204854,1.2194887464608541,2.137534826947175,7.985058063775034,True,True,False,False,False
4,2025-07-19_05:57:00,85,48,35.369850158691406,122.14602661132812,0.0,6,724.6611055613294,230.3453917897075,207.9968933665424,926.7487524414063,937.8071875,915.707265625,296.433605284033,0.009941897355020046,0.019723128184710198,50.40730487533526,50.40730487533526,302.94714339069185,304.7614141039886,-0.7364458949847972,0.7796163490204435,-3.904173517628216,4.133036146285323,False,True,False,False,False
4,2025-07-19_05:57:00,85,48,35.369850158691406,122.14602661132812,0.0,7,955.0064973510368,277.6218985927942,252.6938902128727,902.5875329589844,915.707265625,889.465859375,295.477986882073,0.009149163030087948,0.019094534423381587,47.91508830340812,47.91508830340812,304.25832188102294,305.9364720087111,-0.9556184019599527,1.1750579047225074,-4.148632601395295,5.101286791946199,False,True,False,False,False
4,2025-07-19_05:57:00,85,48,35.369850158691406,122.14602661132812,0.0,8,1232.628395943831,329.17754535888935,302.5499069727159,874.1842507934571,889.465859375,858.908203125,294.2550332020075,0.008883904665708542,0.018273759876911874,48.61563644016676,48.61563644016677,305.77977979118634,307.4178548660831,-1.2229536800655296,1.4813828573719547,-4.405105239408055,5.3359726479819,False,True,False,False,False
4,2025-07-19_05:57:00,85,48,35.369850158691406,122.14602661132812,0.0,9,1561.8059413027204,382.888974375438,355.80518374506255,841.516137084961,858.908203125,824.1403125,292.7485695599643,0.008366527035832405,0.017271840595707064,48.44027473199304,48.44027473199304,307.54276220735807,309.0951300987131,-1.5064636420431725,1.677275232630052,-4.576447158328295,5.0953512968248935,False,True,False,False,False
4,2025-07-19_05:57:00,85,48,35.369850158691406,122.14602661132812,0.0,10,1944.6949156781584,436.70925253149653,409.97276500581324,804.8415780639648,824.1403125,785.554921875,291.08854464909274,0.006865262519568205,0.016254921058227054,42.23497914862841,42.23497914862841,309.7169682248981,311.0017019746459,-1.6600249108715843,1.9065718759327979,-4.335525496860777,4.979437914196317,False,True,False,False,False
4,2025-07-19_05:57:00,85,48,35.369850158691406,122.14602661132812,0.0,11,2381.404168209655,,463.4457400571805,764.6847964477539,785.554921875,743.819140625,288.89272391428335,0.006786062847822905,0.014852805270799836,45.688761981981266,45.688761981981266,311.90858664131144,313.1875860861769,-2.195820734809388,2.1858841115309815,-5.02810673710427,5.005353330299156,False,True,False,False,False
4,2025-07-19_05:57:00,85,49,35.372039794921875,122.20220947265625,0.0,0,26.478540399145032,60.30031528920087,52.957080798290065,1003.4178497314454,1006.396953125,1000.43078125,299.10587365076856,0.018777241930365562,0.021421982052499653,87.65408300850721,87.65408300850721,298.8144283425651,302.16498119751367,,,,,,,False,False,False
4,2025-07-19_05:57:00,85,49,35.372039794921875,122.20220947265625,0.0,1,86.7788556883459,76.81997544174892,67.64354978011167,996.6332318115234,1000.43078125,992.804609375,298.51390718145717,0.018596474081277847,0.020805110772790517,89.384162787534,89.384162787534,298.80168088238474,302.1204253886632,-0.5919664693113873,-0.04455580885047539,-9.816971378546045,-0.7388984392002814,False,False,False,False,False
4,2025-07-19_05:57:00,85,49,35.372039794921875,122.20220947265625,0.0,2,163.59883113009482,97.3200071842299,85.9964011033862,987.9671929931641,992.804609375,983.154375,297.76215798685587,0.018485700711607933,0.02004574732646894,92.21756819811311,92.21756819811311,298.79383981503565,302.0930878257821,-0.7517491946013024,-0.027337562881086797,-9.785855700661335,-0.3558652905560525,False,False,False,False,False
4,2025-07-19_05:57:00,85,49,35.372039794921875,122.20220947265625,0.0,3,260.9188383143247,122.41380129628465,108.6436132650735,977.1208764648437,983.154375,971.07703125,296.8064408088279,0.018325084820389748,0.01911279252565553,95.87863623691607,95.87863623691607,298.7756759169674,302.04657489917076,-0.9557171780279532,-0.04651292661134221,-9.820356632513908,-0.4779379693560004,False,False,False,False,False
4,2025-07-19_05:57:00,85,49,35.372039794921875,122.20220947265625,0.0,4,383.33263961060936,152.72752409924306,136.18398932749585,963.5738134765625,971.07703125,956.096484375,296.78959096083616,0.015494263730943203,0.019369638878159512,79.99252762741985,79.99252762741985,299.9528233358477,302.7370767837558,-0.016849847991750266,0.6905018845850464,-0.13764663635407973,5.640719243035251,False,True,False,False,False
4,2025-07-19_05:57:00,85,49,35.372039794921875,122.20220947265625,0.0,5,536.0601637098524,188.63333372530212,169.2710588709902,946.9245672607422,956.096484375,937.7834375,297.14453318708854,0.011932122521102428,0.02015957403435218,59.18836628576543,59.18836628576544,301.8108008198829,303.9758284449784,0.35494222625237626,1.2387516612225795,2.3240226563335966,8.110860622723333,True,True,False,False,False
4,2025-07-19_05:57:00,85,49,35.372039794921875,122.20220947265625,0.0,6,724.6934974351545,230.33341962870725,207.9956085796142,926.7325997924804,937.7834375,915.691875,296.4473775155631,0.00992775522172451,0.01974038565934551,50.29159709969751,50.291597099697505,302.96272694900864,304.774535465258,-0.6971556715254223,0.7987070202796076,-3.6958243686699483,4.2341775152143954,False,True,False,False,False
4,2025-07-19_05:57:00,85,49,35.372039794921875,122.20220947265625,0.0,7,955.0269170638618,277.59111348034537,252.67123067780017,902.5730490112305,915.691875,889.45421875,295.486577368001,0.009100365452468395,0.019105121382157548,47.6331203054659,47.6331203054659,304.2685626872341,305.9378992098673,-0.9608001475621109,1.1633637446092848,-4.171344953376288,5.050781369393132,False,True,False,False,False
4,2025-07-19_05:57:00,85,49,35.372039794921875,122.20220947265625,0.0,8,1232.6180305442072,329.1362237492831,302.51099628289035,874.1757870483399,889.45421875,858.9021875,294.2731738158473,0.008795693516731262,0.018294875503482147,48.0773619643224,48.0773619643224,305.7994768184445,307.4215332122496,-1.213403552153693,1.4836340023823027,-4.3711901902782175,5.344673983907451,False,True,False,False,False
4,2025-07-19_05:57:00,85,49,35.372039794921875,122.20220947265625,0.0,9,1561.7542542934902,382.86218672352834,355.76145121567606,841.5127993774414,858.9021875,824.13890625,292.78434340516475,0.008249649778008461,0.017311346717865408,47.654581197283605,47.654581197283605,307.5806924613221,309.11174059702273,-1.4888304106825672,1.6902073847731458,-4.523447445932515,5.135282180489036,False,True,False,False,False
4,2025-07-19_05:57:00,85,49,35.372039794921875,122.20220947265625,0.0,10,1944.6164410170186,436.7654160743582,409.9629222313806,804.8421740722656,824.13890625,785.553203125,291.1220868072166,0.0068195536732673645,0.016290102918563726,41.863171198851056,41.86317119885105,309.752591400556,311.02897613494696,-1.6622565979481578,1.9172355379242276,-4.341657796434473,5.007638791210002,False,True,False,False,False
4,2025-07-19_05:57:00,85,49,35.372039794921875,122.20220947265625,0.0,11,2381.381857091377,,463.5679099173358,764.6804452514648,785.553203125,743.812421875,288.87781863283476,0.007023705635219812,0.014838405395352142,47.33463905373457,47.33463905373457,311.8930009336999,313.216411444255,-2.24426817438183,2.187435309308057,-5.138383424569835,5.008261251471549,False,True,False,False,False
4,2025-07-19_05:57:00,86,47,35.4134407043457,122.08709716796875,0.0,0,26.46819852543169,60.277464824835945,52.93639705086338,1003.474712524414,1006.47203125,1000.46953125,299.03005084504247,0.018649980425834656,0.021321697500197412,87.46949170281579,87.46949170281579,298.7338426641837,302.0612055425094,,,,,,,False,False,False
4,2025-07-19_05:57:00,86,47,35.4134407043457,122.08709716796875,0.0,1,86.74566335026763,76.7914770089401,67.61853259880851,996.6487286376953,1000.46953125,992.82796875,298.4359934994917,0.01847405917942524,0.020705595525575722,89.22254448854625,89.22254448854625,298.7223649868364,302.0187842260505,-0.5940573455507661,-0.04242131645889913,-9.855380402561295,-0.7037674292071486,False,False,False,False,False
4,2025-07-19_05:57:00,86,47,35.4134407043457,122.08709716796875,0.0,2,163.53714035920774,97.28303961797593,85.96442141907173,988.0004522705078,992.82796875,983.182421875,297.6875323545626,0.018359024077653885,0.019953096328638818,92.01090284570546,92.01090284570546,298.71608248867864,301.99227658156724,-0.748461144929081,-0.026507644483274362,-9.746669475337018,-0.3451899288274964,False,False,False,False,False
4,2025-07-19_05:57:00,86,47,35.4134407043457,122.08709716796875,0.0,3,260.82017997718367,122.36526986996091,108.6016578168801,977.1424530029296,983.182421875,971.1046875,296.73656779172785,0.018167631700634956,0.019029770139116324,95.46952783886121,95.46952783886121,298.7034547837047,301.945966985733,-0.9509645628347698,-0.0463095958342592,-9.775234887490614,-0.4760294910203662,False,False,False,False,False
4,2025-07-19_05:57:00,86,47,35.4134407043457,122.08709716796875,0.0,4,383.1854498471446,152.6761551758808,136.12888192304166,963.6090991210938,971.1046875,956.138203125,296.9034659195299,0.014938767068088055,0.019506088572661735,76.58514936215919,76.58514936215919,300.0647725369561,302.75167727619794,0.16689812780202828,0.8057102904649582,1.3639338022904128,6.584468708492177,True,True,False,False,False
4,2025-07-19_05:57:00,86,47,35.4134407043457,122.08709716796875,0.0,5,535.8616050230254,188.6036654131127,169.22342842871996,946.9742181396484,956.138203125,937.831328125,297.1432540379369,0.011705062352120876,0.020156886591069005,58.06979316591029,58.06979316591029,301.80498029942333,303.9292446122741,0.2397881184070343,1.1775673360761516,1.5705669174783823,7.712843794891288,True,True,False,False,False
4,2025-07-19_05:57:00,86,47,35.4134407043457,122.08709716796875,0.0,6,724.4652704361381,230.3553994399449,207.98390239750563,926.7781973266601,937.831328125,915.728515625,296.336600527926,0.010073843412101269,0.019603804244221642,51.38718631650591,51.38718631650592,302.84525801582737,304.6827488925999,-0.8066535100109036,0.7535042803257852,-4.276976845831867,3.9951730454194965,False,True,False,False,False
4,2025-07-19_05:57:00,86,47,35.4134407043457,122.08709716796875,0.0,7,954.820669876083,277.67889584727004,252.72689648238418,902.5989770507813,915.728515625,889.478125,295.39334099538837,0.0093661705031991,0.018993349215981625,49.31289577573869,49.31289577573869,304.17005879208904,305.8871450749599,-0.9432595325376383,1.2043961823600284,-4.094801054505136,5.228426098490572,False,True,False,False,False
4,2025-07-19_05:57:00,86,47,35.4134407043457,122.08709716796875,0.0,8,1232.499565723353,329.27538514987873,302.6308952121558,874.1973638916015,889.478125,858.915,294.1698644994969,0.009186255745589733,0.01817548890491145,50.54200078825603,50.542000788256026,305.68996525835865,307.38278505825696,-1.2234764958914752,1.4956399832970533,-4.4060838406834355,5.386221299726324,False,True,False,False,False
4,2025-07-19_05:57:00,86,47,35.4134407043457,122.08709716796875,0.0,9,1561.7749508732318,382.979842719682,355.9198750876019,841.515719909668,858.915,824.128515625,292.6351648458631,0.008752583526074886,0.017147373538508252,51.04328955346431,51.04328955346431,307.423670074083,309.0464186979277,-1.5346996536338224,1.6636336396707634,-4.660839293940122,5.052408150440747,False,True,False,False,False
4,2025-07-19_05:57:00,86,47,35.4134407043457,122.08709716796875,0.0,10,1944.7547935929138,436.5986613080163,410.03981035176184,804.8170208740235,824.128515625,785.52984375,290.97454904267573,0.007133265491575003,0.016136329073972985,44.20624702727815,44.20624702727815,309.5983763911836,310.9323967713203,-1.6606158031873406,1.8859780733926073,-4.336039702232607,4.9244839101702516,False,True,False,False,False
4,2025-07-19_05:57:00,86,47,35.4134407043457,122.08709716796875,0.0,11,2381.35345490093,,463.15751226427074,764.6591067504883,785.52984375,743.80515625,288.9141806453126,0.006262908224016428,0.014874192976576698,42.10586909742944,42.10586909742944,311.93474699059226,313.1158578977988,-2.0603683973631064,2.1834611264784485,-4.719135856235564,5.001071510244593,False,True,False,False,False
4,2025-07-19_05:57:00,86,48,35.4156608581543,122.143310546875,0.0,0,26.470613042148972,60.28319814761723,52.941226084297945,1003.4524200439453,1006.43390625,1000.463046875,299.05487370463305,0.018672211095690727,0.02135456236902996,87.43897801797434,87.43897801797435,298.760537250663,302.09209130434226,,,,,,,False,False,False
4,2025-07-19_05:57:00,86,48,35.4156608581543,122.143310546875,0.0,1,86.7538111897662,76.79884538251932,67.62517021093652,996.6623187255859,1000.463046875,992.83515625,298.46308753759394,0.018495602533221245,0.020739744127357813,89.1795116643878,89.1795116643878,298.7483211242308,302.048801400228,-0.5917861670391176,-0.04328990411426048,-9.816767942370833,-0.7181089498313482,False,False,False,False,False
4,2025-07-19_05:57:00,86,48,35.4156608581543,122.143310546875,0.0,2,163.5526565722855,97.29282095284032,85.97252055410215,987.9993798828125,992.83515625,983.17625,297.71235189051214,0.0183833297342062,0.019983659061128225,91.99181029847055,91.99181029847055,298.74108042438536,302.0218081237156,-0.7507356470817967,-0.02699327651242811,-9.775350701466099,-0.3514802387715613,False,False,False,False,False
4,2025-07-19_05:57:00,86,48,35.4156608581543,122.143310546875,0.0,3,260.84547752512583,122.37454568938739,108.6131213515784,977.1297576904296,983.17625,971.08859375,296.7558883078932,0.018209533765912056,0.019052829029181033,95.57391050968127,95.57391050968127,298.7240122568097,301.974092948646,-0.9564635826189374,-0.04771517506958389,-9.830772437799428,-0.4904285290762856,False,False,False,False,False
4,2025-07-19_05:57:00,86,48,35.4156608581543,122.143310546875,0.0,4,383.2200232145132,152.68027007154495,136.13597002719644,963.588833618164,971.08859375,956.122890625,296.871485602837,0.015049883164465427,0.019467896649344455,77.30615913749575,77.30615913749574,300.03425456921514,302.7405731915889,0.11559729494382509,0.7664802429429187,0.9446187872863332,6.2633960242713265,True,True,False,False,False
4,2025-07-19_05:57:00,86,48,35.4156608581543,122.143310546875,0.0,5,535.9002932860582,188.60242728914807,169.2245701158934,946.9648602294922,956.122890625,937.815,297.138989067225,0.01173380482941866,0.02015177097132299,58.22716448155583,58.22716448155584,301.8015005276765,303.93089604936085,0.26750346438797123,1.190322857771946,1.752049981720761,7.796179933492184,True,True,False,False,False
4,2025-07-19_05:57:00,86,48,35.4156608581543,122.143310546875,0.0,6,724.5027205752062,230.34220937559724,207.98028446240278,926.7535806274414,937.815,915.70859375,296.34650868126903,0.010051808319985867,0.019616433783511487,51.2417722350475,51.2417722350475,302.85768220542417,304.6912690518736,-0.7924803859559688,0.760373002512722,-4.201856770066962,4.031618327726967,False,True,False,False,False
4,2025-07-19_05:57:00,86,48,35.4156608581543,122.143310546875,0.0,7,954.8449299508035,277.646575523322,252.7041342887917,902.5846124267578,915.70859375,889.464375,295.39858312327857,0.00931323878467083,0.018999897715583716,49.01731011442294,49.01731011442294,304.17683979434344,305.8843497892161,-0.9479255579904589,1.193080737342541,-4.1152924622892995,5.179600997041307,False,True,False,False,False
4,2025-07-19_05:57:00,86,48,35.4156608581543,122.143310546875,0.0,8,1232.4915054741255,329.2356158615253,302.5890167578523,874.1844891357422,889.464375,858.90296875,294.1857296741782,0.009083101525902748,0.01819398184742433,49.92365938404306,49.92365938404306,305.7077381180041,307.38181735318636,-1.2128534491003506,1.4974675639702468,-4.36833570453482,5.393430699254064,False,True,False,False,False
4,2025-07-19_05:57:00,86,48,35.4156608581543,122.143310546875,0.0,9,1561.7271213356507,382.9474368469673,355.8822149651983,841.5046929931641,858.90296875,824.12609375,292.6648751331535,0.008642338216304779,0.017180136920303582,50.304245282767305,50.304245282767305,307.4560328786292,309.05868560329844,-1.5208545410247325,1.6768682501120793,-4.619349996643121,5.093216436272074,False,True,False,False,False
4,2025-07-19_05:57:00,86,48,35.4156608581543,122.143310546875,0.0,10,1944.674558182618,436.6373355721598,410.0126587287366,804.8241137695312,824.12609375,785.53515625,291.01678554421693,0.00703554879873991,0.016180218525605316,43.48240901447716,43.48240901447716,309.64253655800894,310.9585979146711,-1.648089588936557,1.8999123113726455,-4.303696618278094,4.961287447216638,False,True,False,False,False
4,2025-07-19_05:57:00,86,48,35.4156608581543,122.143310546875,0.0,11,2381.311893754778,,463.2620124155833,764.6623849487305,785.53515625,743.80359375,288.92077222499137,0.006423921789973974,0.014880546391920341,43.16993221070133,43.16993221070133,311.94148168933833,313.1527901959845,-2.0960133192255626,2.1941922813134056,-4.800352943888761,5.02520536508447,False,True,False,False,False
4,2025-07-19_05:57:00,86,49,35.4178581237793,122.19952392578125,0.0,0,26.47305468171379,60.28810631366072,52.94610936342758,1003.4518243408203,1006.45390625,1000.44171875,299.08020092493445,0.018684612587094307,0.02138765425738387,87.36167305792141,87.36167305792142,298.7858902220232,302.1198993047636,,,,,,,False,False,False
4,2025-07-19_05:57:00,86,49,35.4178581237793,122.19952392578125,0.0,1,86.76116099537451,76.8048579053655,67.63010326389386,996.6148138427734,1000.44171875,992.80234375,298.4842800346936,0.018507219851017,0.02076774193110836,89.11522452662373,89.11522452662373,298.77360272544627,302.07639788012915,-0.5959208902408477,-0.043501424634428076,-9.88455147588236,-0.7215589822659774,False,False,False,False,False
4,2025-07-19_05:57:00,86,49,35.4178581237793,122.19952392578125,0.0,2,163.56601890074,97.30119151077508,85.97961254683716,987.9852532958985,992.80234375,983.16109375,297.73585576466246,0.018397437408566475,0.02001291494123112,91.92782492001504,91.92782492001503,298.7658860372698,302.0493585562727,-0.748424270031137,-0.027039323856456576,-9.744491304876863,-0.3520522606756576,False,False,False,False,False
4,2025-07-19_05:57:00,86,49,35.4178581237793,122.19952392578125,0.0,3,260.8672104115151,122.3823722349394,108.62277047471292,977.1134259033203,983.16109375,971.08,296.77652895790766,0.0182382483035326,0.01907754725071361,95.60059301045833,95.60059301045833,298.74621645157816,302.0015723376027,-0.9593268067548024,-0.047786218670012204,-9.859353126714456,-0.4911164799530782,False,False,False,False,False
4,2025-07-19_05:57:00,86,49,35.4178581237793,122.19952392578125,0.0,4,383.2495826464545,152.68434841455422,136.14197399516593,963.5897875976563,971.08,956.111875,296.8265416337396,0.01519575621932745,0.019413725749223436,78.2732609681338,78.27326096813381,299.98874692589493,302.72048987390576,0.050012675831965225,0.7189175363030813,0.4086591468904941,5.874355294592294,True,True,False,False,False
4,2025-07-19_05:57:00,86,49,35.4178581237793,122.19952392578125,0.0,5,535.9339310610087,188.60163557420083,169.22672283394257,946.9391107177735,956.111875,937.79453125,297.12142575021085,0.01179028395563364,0.020130436308875403,58.56944069530856,58.56944069530856,301.78600622741214,303.9254220353672,0.2948841164712235,1.2049321614614428,1.9313316625655812,7.891654737196271,True,True,False,False,False
4,2025-07-19_05:57:00,86,49,35.4178581237793,122.19952392578125,0.0,6,724.5355666352095,230.32884665828476,207.97654831445914,926.7393350219727,937.79453125,915.69390625,296.35736613033424,0.010034093633294106,0.019630003784639916,51.11610646323758,51.11610646323758,302.87010837953943,304.7005710280767,-0.7640596198766048,0.7751489927094894,-4.051182364089327,4.10998022551361,False,True,False,False,False
4,2025-07-19_05:57:00,86,49,35.4178581237793,122.19952392578125,0.0,7,954.8644132934943,277.6153300029665,252.68114500211027,902.5695324707032,915.69390625,889.45015625,295.40480168164447,0.009264692664146423,0.01900762612642969,48.74197652311811,48.741976523118105,304.18469520575053,305.8834302193689,-0.9525644486897704,1.1828591912922093,-4.135671508410722,5.135523441608232,False,True,False,False,False
4,2025-07-19_05:57:00,86,49,35.4178581237793,122.19952392578125,0.0,8,1232.4797432964608,329.1942320346345,302.54951500382276,874.171257019043,889.45015625,858.895234375,294.20340125474814,0.008985508233308792,0.01821457676275,49.33141379208296,49.331413792082955,305.72742401272507,307.3837829581471,-1.2014004268963276,1.50035273877819,-4.32757235302348,5.404430435315506,False,True,False,False,False
4,2025-07-19_05:57:00,86,49,35.4178581237793,122.19952392578125,0.0,9,1561.6739753310953,382.91285959101833,355.8389490654465,841.5032028198242,858.895234375,824.122421875,292.69605035557805,0.0085306316614151,0.017214364860826063,49.55530878067924,49.55530878067924,307.488939259251,309.0712214421862,-1.507350899170092,1.6874384840390917,-4.578910419704752,5.125966131331111,False,True,False,False,False
4,2025-07-19_05:57:00,86,49,35.4178581237793,122.19952392578125,0.0,10,1944.5868349221137,436.67776125286673,409.98677011659015,804.8181533813477,824.122421875,785.5309375,291.0534184197614,0.00694686733186245,0.01621862278456354,42.83265863038812,42.832658630388124,309.68216929667506,310.9819227889961,-1.6426319358166666,1.9107013468099012,-4.2898322547096726,4.98991167037504,False,True,False,False,False
4,2025-07-19_05:57:00,86,49,35.4178581237793,122.19952392578125,0.0,11,2381.2645961749804,,463.36875238914354,764.6602392578125,785.5309375,743.80046875,288.9213248295568,0.0066016544587910175,0.0148811273742635,44.36259627888407,44.36259627888406,311.942328418981,313.186934163628,-2.1320935902045903,2.2050113746319084,-4.8825330240940765,5.049516074062343,False,True,False,False,False
4,2025-07-19_05:57:00,87,47,35.45924758911133,122.0843505859375,0.0,0,26.46020885393646,60.25977839509767,52.92041770787292,1003.4846069335938,1006.4803125,1000.48109375,298.9811931439898,0.018559757620096207,0.021257890262206466,87.30761797699577,87.30761797699577,298.6841919140698,301.99520095917177,,,,,,,False,False,False
4,2025-07-19_05:57:00,87,47,35.45924758911133,122.0843505859375,0.0,1,86.71998724903413,76.76953161163796,67.59913908232244,996.6623187255859,1000.48109375,992.844921875,298.39027686551606,0.018389267846941948,0.020647309141594367,89.06375024867741,89.06375024867742,298.6754408688443,301.95648808858886,-0.5909162784737418,-0.03871287058291273,-9.806147553337416,-0.6424330061270546,False,False,False,False,False
4,2025-07-19_05:57:00,87,47,35.45924758911133,122.0843505859375,0.0,2,163.4895188606721,97.25575694979511,85.9399241409535,988.021552734375,992.844921875,983.199609375,297.64486637985794,0.018274201080203056,0.019900256266847865,91.8289736331,91.82897363309999,298.67144664068434,301.93228827067645,-0.7454104856581125,-0.024199817912403887,-9.709717774871915,-0.31522685373184284,False,False,False,False,False
4,2025-07-19_05:57:00,87,47,35.45924758911133,122.0843505859375,0.0,3,260.7452758104672,122.33135911667387,108.57158975863678,977.1546124267578,983.199609375,971.1190625,296.70016889419196,0.01806919276714325,0.018986632618480274,95.16796964594948,95.16796964594948,298.6657527518418,301.8906005633632,-0.9446974856659835,-0.041687707313258215,-9.713537946690916,-0.42863999644543443,False,False,False,False,False
4,2025-07-19_05:57:00,87,47,35.45924758911133,122.0843505859375,0.0,4,383.0766349271411,152.64325312032122,136.0911284747109,963.6262652587891,971.1190625,956.15515625,296.8539232558272,0.014867006801068783,0.01944594122740844,76.45300696535175,76.45300696535176,300.01317535556814,302.6869024463297,0.153754361635265,0.7963018829665316,1.256867926143299,6.509384745795692,True,True,False,False,False
4,2025-07-19_05:57:00,87,47,35.45924758911133,122.0843505859375,0.0,5,535.7198880474623,188.5823559931173,169.1953777659316,946.9907879638672,956.15515625,937.841875,297.06177306115086,0.011773185804486275,0.02005508432487651,58.70424483771782,58.70424483771782,301.7207126182654,303.8565997541129,0.20784980532363306,1.1696973077831672,1.3616704379314768,7.662947977537874,True,True,False,False,False
4,2025-07-19_05:57:00,87,47,35.45924758911133,122.0843505859375,0.0,6,724.3022440405796,230.35301651794248,207.96933422030293,926.781416015625,937.841875,915.73375,296.2444645208335,0.010220587253570557,0.01949161348270327,52.43581944942751,52.43581944942751,302.7507979444002,304.6142030218384,-0.8173085403173559,0.7576032677255284,-4.333960809924261,4.017360286628187,False,True,False,False,False
4,2025-07-19_05:57:00,87,47,35.45924758911133,122.0843505859375,0.0,7,954.6552605585221,277.7042229484223,252.73669881558192,902.6065469360351,915.73375,889.478125,295.3147987953483,0.00955138448625803,0.01889996129481221,50.53652934664876,50.53652934664876,304.0884542884402,305.8387046365497,-0.9296657254852221,1.2245016147113006,-4.035830481138107,5.315761144442936,False,True,False,False,False
4,2025-07-19_05:57:00,87,47,35.45924758911133,122.0843505859375,0.0,8,1232.3594835069443,329.3277689926972,302.67174708126277,874.1886019897461,889.478125,858.90421875,294.09561386762925,0.009412781335413456,0.01809063674194434,52.031232895132426,52.031232895132426,305.61368204413486,307.34742339009506,-1.2191849277190272,1.5087187535453381,-4.390228260754483,5.432826110914241,False,True,False,False,False
4,2025-07-19_05:57:00,87,47,35.45924758911133,122.0843505859375,0.0,9,1561.6872524996415,383.0685707893333,355.98379090413164,841.5027261352539,858.90421875,824.1115625,292.5723857352427,0.008978803642094135,0.017079086146029748,52.57192080023189,52.57192080023189,307.3590743615644,309.023041761748,-1.5232281323865777,1.675618371652945,-4.625264784216709,5.087996000999544,False,True,False,False,False
4,2025-07-19_05:57:00,87,47,35.45924758911133,122.0843505859375,0.0,10,1944.7558232889749,436.5879443807337,410.153350674535,804.7958016967773,824.1115625,785.50953125,290.9022425497758,0.007434234023094177,0.01606162819097035,46.28568121925281,46.28568121925281,309.5237735605903,310.9133289966521,-1.670143185466884,1.8902872349041218,-4.359906588069767,4.934592339457877,False,True,False,False,False
4,2025-07-19_05:57:00,87,47,35.45924758911133,122.0843505859375,0.0,11,2381.3437676697085,,463.02253808693285,764.639794921875,785.50953125,743.7896875,288.9363046845752,0.0060017891228199005,0.014896132000657508,40.29092332529669,40.29092332529669,311.96088494766985,313.0931405163041,-1.9659378652006012,2.1798115196519916,-4.5029595766532955,4.992834886322585,False,True,False,False,False
4,2025-07-19_05:57:00,87,48,35.46147918701172,122.14059448242188,0.0,0,26.463305135993295,60.266764618448775,52.92661027198659,1003.4700634765625,1006.468125,1000.464140625,299.01127955898573,0.01857544481754303,0.02129734748475505,87.21952266985174,87.21952266985173,298.71548538258844,302.02958912956177,,,,,,,False,False,False
4,2025-07-19_05:57:00,87,48,35.46147918701172,122.14059448242188,0.0,1,86.73006975444207,76.77831921980894,67.60691896491095,996.6424108886719,1000.464140625,992.825078125,298.4189133588838,0.018403271213173866,0.02068404610067503,88.97326530602382,88.9732653060238,298.70580945606144,301.9896438908445,-0.5923662001019352,-0.03994523871728006,-9.829069203436232,-0.6628070872922234,False,False,False,False,False
4,2025-07-19_05:57:00,87,48,35.46147918701172,122.14059448242188,0.0,2,163.508388974251,97.26734491906277,85.94971947470692,988.0018829345703,992.825078125,983.17953125,297.6722809996833,0.018289940431714058,0.01993432079726876,91.75100881400483,91.75100881400483,298.7006548582656,301.9645737270137,-0.7466323592004755,-0.025070163830775982,-9.724520760384697,-0.3265266039362299,False,False,False,False,False
4,2025-07-19_05:57:00,87,48,35.46147918701172,122.14059448242188,0.0,3,260.77573389331377,122.3414667034246,108.58497036341862,977.1340490722656,983.17953125,971.098046875,296.7218358592616,0.01810222491621971,0.019012567350839046,95.2118910727795,95.2118910727795,298.6893591710146,301.9202528288736,-0.9504451404217207,-0.04432089814014262,-9.771472031159036,-0.45566061433076566,False,False,False,False,False
4,2025-07-19_05:57:00,87,48,35.46147918701172,122.14059448242188,0.0,4,383.11720059673837,152.6476635480875,136.09796304343064,963.60462890625,971.098046875,956.1328125,296.84843421758364,0.014915614388883114,0.01943977731793301,76.72729036419362,76.72729036419362,300.0095525247243,302.6918604869635,0.1265983583220418,0.7716076580899198,1.0347951658037302,6.307000225527956,True,True,False,False,False
4,2025-07-19_05:57:00,87,48,35.46147918701172,122.14059448242188,0.0,5,535.7648641448259,188.5808355582235,169.19736405274438,946.9675421142579,956.1328125,937.820859375,297.0678393497044,0.01177020650357008,0.020063128828952323,58.665857174704236,58.66585717470423,301.72899022621664,303.86440172889525,0.2194051321207553,1.1725412419317536,1.4373304315374449,7.68135728171415,True,True,False,False,False
4,2025-07-19_05:57:00,87,48,35.46147918701172,122.14059448242188,0.0,6,724.3456997030494,230.33857433074104,207.96430706370245,926.7631173706054,937.820859375,915.7165625,296.2547730339676,0.010191083885729313,0.01950452617060691,52.24984086558922,52.24984086558923,302.76304082756,304.62119629031235,-0.813066315736819,0.7567945614171094,-4.311500229225511,4.013104296504468,False,True,False,False,False
4,2025-07-19_05:57:00,87,48,35.46147918701172,122.14059448242188,0.0,7,954.6842740337904,277.6691152901217,252.71284159777963,902.5906921386719,915.7165625,889.4684375,295.31906397934415,0.009492925368249416,0.018905355265566703,50.21289065929044,50.212890659290444,304.0943723672462,305.8340449239669,-0.9357090546234303,1.2128486336545734,-4.062320248973385,5.26550377928907,False,True,False,False,False
4,2025-07-19_05:57:00,87,48,35.46147918701172,122.14059448242188,0.0,8,1232.353389323912,329.28447820603174,302.62538898246385,874.1860388183594,889.4684375,858.900625,294.1110228619149,0.009303071536123753,0.018108309703969296,51.37459922106668,51.37459922106669,305.62995055778686,307.3437619263057,-1.208041117429275,1.509717002338789,-4.350649931545528,5.437108123319246,False,True,False,False,False
4,2025-07-19_05:57:00,87,48,35.46147918701172,122.14059448242188,0.0,9,1561.6378675299438,383.0313119684156,355.94356742959985,841.4979577636718,858.900625,824.108515625,292.59581250824004,0.008875492960214615,0.017104740460944155,51.889082915232386,51.889082915232386,307.38418278571663,309.02930728525223,-1.5152103536748314,1.6855453589465128,-4.601523770357531,5.118812062231111,False,True,False,False,False
4,2025-07-19_05:57:00,87,48,35.46147918701172,122.14059448242188,0.0,10,1944.6691794983594,436.6143742832569,410.1190565072311,804.7945498657226,824.108515625,785.50703125,290.94008364460245,0.007323618046939373,0.016100936960470977,45.48566375310587,45.48566375310587,309.56417455424275,310.93338343317726,-1.6557288636375915,1.904076147925025,-4.322698463289396,4.971071785593428,False,True,False,False,False
4,2025-07-19_05:57:00,87,48,35.46147918701172,122.14059448242188,0.0,11,2381.2835537816163,,463.1096920592827,764.6358609008789,785.50703125,743.7865625,288.9555135815991,0.006100052036345005,0.014914947742006022,40.898916589328685,40.898916589328685,311.982083160169,313.1328421187868,-1.984570063003332,2.1994586856095566,-4.545361261321706,5.037531549940775,False,True,False,False,False
4,2025-07-19_05:57:00,87,49,35.46367645263672,122.19686889648438,0.0,0,26.466054265044637,60.27287435580223,52.93210853008927,1003.452182006836,1006.44890625,1000.44765625,299.03808727427355,0.018590172752738,0.021332669200508605,87.14414768262932,87.14414768262932,298.74378758972404,302.06078528074084,,,,,,,False,False,False
4,2025-07-19_05:57:00,87,49,35.46367645263672,122.19686889648438,0.0,1,86.73892862084686,76.78605525865466,67.6136401815152,996.6275689697266,1000.44765625,992.81,298.44526588779587,0.018417764455080032,0.020717830875743595,88.89813111006482,88.89813111006482,298.73345838806733,302.0201363864832,-0.5928213864776808,-0.040648894257628854,-9.835624944284945,-0.6744143977217796,False,False,False,False,False
4,2025-07-19_05:57:00,87,49,35.46367645263672,122.19686889648438,0.0,2,163.52498387950152,97.27752833312928,85.95847033579415,987.9863861083984,992.81,983.16359375,297.69734281519413,0.01830807700753212,0.019965456378503665,91.69876540986057,91.69876540986057,298.7271419885734,301.9945289261449,-0.7479230726017363,-0.025607460338335386,-9.740350250867158,-0.33349102583895446,False,False,False,False,False
4,2025-07-19_05:57:00,87,49,35.46367645263672,122.19686889648438,0.0,3,260.8025122126308,122.35055742642925,108.59658633046436,977.1175982666016,983.16359375,971.0859375,296.7403410121993,0.018143219873309135,0.019034720673529994,95.31644926389387,95.31644926389387,298.7094238959982,301.94772148939813,-0.9570018029948528,-0.04680743674674659,-9.837850728665481,-0.4811741986952359,False,False,False,False,False
4,2025-07-19_05:57:00,87,49,35.46367645263672,122.19686889648438,0.0,4,383.15306963906005,152.65060020392343,136.10452852239422,963.59771484375,971.0859375,956.1209375,296.82222029478453,0.015014685690402985,0.01940836170339828,77.36194285669156,77.36194285669156,299.983674437521,302.6833021802029,0.08187928258524835,0.7355806908047384,0.6692187130776521,6.012074699758121,True,True,False,False,False
4,2025-07-19_05:57:00,87,49,35.46367645263672,122.19686889648438,0.0,5,535.8036698429835,188.57791834528894,169.19667188545247,946.9497204589844,956.1209375,937.806328125,297.058571013764,0.011799897998571396,0.02005200509731287,58.846474162091035,58.846474162091035,301.7211988491658,303.8618790346278,0.2363507189794518,1.1785768544249322,1.5483117568074725,7.7207482502557525,True,True,False,False,False
4,2025-07-19_05:57:00,87,49,35.46367645263672,122.19686889648438,0.0,6,724.3815881882724,230.32449922551928,207.9591648051255,926.7527459716797,937.806328125,915.703125,296.2634517360717,0.010169611312448978,0.019515294050940126,52.110981704419,52.110981704419004,302.7728782854357,304.6272182862426,-0.7951192776922653,0.7653392516148187,-4.216396514868672,4.0584775690092805,False,True,False,False,False
4,2025-07-19_05:57:00,87,49,35.46367645263672,122.19686889648438,0.0,7,954.7060874137917,277.63674674777826,252.68983364591304,902.5737643432617,915.703125,889.4509375,295.3221024444163,0.009440993890166283,0.018909320336145317,49.92772729181465,49.92772729181465,304.0991306389246,305.82940232109706,-0.9413492916553992,1.2021840348544401,-4.087056717026394,5.219523059409052,False,True,False,False,False
4,2025-07-19_05:57:00,87,49,35.46367645263672,122.19686889648438,0.0,8,1232.34283416157,329.24209579172225,302.58365984964325,874.1679193115234,889.4509375,858.887578125,294.1263276497877,0.009196534752845764,0.01812621097051327,50.736112295096774,50.73611229509678,305.64766484541786,307.3421270665595,-1.195774794628619,1.5127247454624353,-4.306975962785402,5.448575389181766,False,True,False,False,False
4,2025-07-19_05:57:00,87,49,35.46367645263672,122.19686889648438,0.0,9,1561.5849299532922,382.99139958030696,355.9005317338015,841.4906262207031,858.887578125,824.105,292.61963951273236,0.008770170621573925,0.01713092077196573,51.194975088122895,51.194975088122895,307.40997928689444,309.03588783820373,-1.5066881370553347,1.6937607716442358,-4.576231764751194,5.144423490475242,False,True,False,False,False
4,2025-07-19_05:57:00,87,49,35.46367645263672,122.19686889648438,0.0,10,1944.5763295335992,436.6403282235524,410.0822674268127,804.7952056884766,824.105,785.507265625,290.9762792727651,0.007216339465230703,0.016138579683768806,44.71483616670713,44.71483616670714,309.6026151071449,310.9520786473584,-1.643360239967251,1.9161908091546707,-4.290854159566226,5.003221511643572,False,True,False,False,False
4,2025-07-19_05:57:00,87,49,35.46367645263672,122.19686889648438,0.0,11,2381.2166577571516,,463.19838902029187,764.6356225585937,785.507265625,743.784375,288.9705758399763,0.006217301823198795,0.014929659831451362,41.643961707025646,41.64396170702565,311.9983735008265,313.17117589238535,-2.0057034327888346,2.219097245026944,-4.593491034025489,5.082208631656223,False,True,False,False,False
6,2025-07-19_05:57:40,85,47,35.36763381958008,122.08984375,0.0,0,26.475242008127566,60.29310197276078,52.95048401625513,1003.4796002197265,1006.4746875,1000.47671875,299.06612377640226,0.018755260854959488,0.021368651148998136,87.769980071198,87.769980071198,298.76946408158165,302.1156633129159,,,,,,,False,False,False
6,2025-07-19_05:57:40,85,47,35.36763381958008,122.08984375,0.0,1,86.76834398088835,76.8106822209256,67.63571992926641,996.6588018798828,1000.47671875,992.84140625,298.4707679474937,0.018577495589852333,0.020749592122041322,89.5318591352855,89.5318591352855,298.75631007403234,302.0712260118038,-0.5953558289085663,-0.04443730111211153,-9.874360572417325,-0.7370213118606406,False,False,False,False,False
6,2025-07-19_05:57:40,85,47,35.36763381958008,122.08984375,0.0,2,163.57902620181395,97.30766949668205,85.98564451258481,988.018095703125,992.84140625,983.190625,297.7211372510146,0.01846514269709587,0.019994088645890223,92.35301005275564,92.35301005275564,298.7482792293181,302.0434221311142,-0.7496306964790733,-0.027803880689589278,-9.759458903423862,-0.36197934825808176,False,False,False,False,False
6,2025-07-19_05:57:40,85,47,35.36763381958008,122.08984375,0.0,3,260.886695698496,122.40268423409026,108.6296944807793,977.1388171386719,983.190625,971.104375,296.7616498234616,0.01829141192138195,0.019059452029765812,95.9702928122782,95.9702928122782,298.7290206538494,301.9935073784884,-0.9594874275530287,-0.0499147526257957,-9.860347416764974,-0.5129580523711718,False,False,False,False,False
6,2025-07-19_05:57:40,85,47,35.36763381958008,122.08984375,0.0,4,383.28937993258626,152.71856403253616,136.17567398740124,963.6129138183594,971.104375,956.138671875,296.8949851642489,0.015187220647931099,0.019495762252154637,77.90011209360452,77.9001120936045,300.0558620970634,302.7867043823787,0.1333353407873119,0.7931970038902705,1.0893171307609022,6.480225567384721,True,True,False,False,False
6,2025-07-19_05:57:40,85,47,35.36763381958008,122.08984375,0.0,5,536.0079439651224,188.632342137328,169.26145407767103,946.9705822753906,956.138671875,937.824375,297.1874497336007,0.011763417162001133,0.02021218279090832,58.19963773181617,58.19963773181617,301.8502004845987,303.9852518973974,0.2924645693518073,1.1985475150187312,1.9150557838502118,7.848080045876969,True,True,False,False,False
6,2025-07-19_05:57:40,85,47,35.36763381958008,122.08984375,0.0,6,724.6402861024504,230.36134274606195,208.003230196985,926.7672897338867,937.824375,915.72734375,296.4215601168919,0.009958774782717228,0.019707949357504112,50.53176564473598,50.531765644735984,302.93310230462725,304.7503383358687,-0.7658896167088187,0.7650864384713145,-4.060224286200276,4.055966383083536,False,True,False,False,False
6,2025-07-19_05:57:40,85,47,35.36763381958008,122.08984375,0.0,7,955.0016288485124,277.6562643099753,252.7194552951388,902.6093481445313,915.72734375,889.4875,295.4711496459909,0.009199924767017365,0.019085887805943058,48.20276038797968,48.20276038797968,304.24918046611555,305.93650579600506,-0.9504104709009766,1.186167460136346,-4.125737676171902,5.149160210634445,False,True,False,False,False
6,2025-07-19_05:57:40,85,47,35.36763381958008,122.08984375,0.0,8,1232.6578931584877,329.22163874852686,302.59307332481217,874.2057086181641,889.4875,858.92765625,294.24096592702125,0.00897563062608242,0.018257080640275165,49.162463610322,49.162463610322,305.763017208785,307.4177641716027,-1.2301837189696698,1.4812583755976334,-4.430599547346403,5.334863880268725,False,True,False,False,False
6,2025-07-19_05:57:40,85,47,35.36763381958008,122.08984375,0.0,9,1561.8795319070146,382.919292858252,355.8502041722413,841.5333032226563,858.92765625,824.15265625,292.71643786909937,0.008480524644255638,0.017236127971590694,49.202028774870975,49.202028774870975,307.50721449365454,309.08037435417117,-1.5245280579218843,1.6626101825684714,-4.630704299137463,5.050124253340596,False,True,False,False,False
6,2025-07-19_05:57:40,85,47,35.36763381958008,122.08984375,0.0,10,1944.7988247652665,436.6609283665025,409.98838154426267,804.8483728027344,824.15265625,785.5609375,291.0520988541416,0.006925336550921202,0.01621661763372495,42.70518493646233,42.70518493646233,309.67744308573407,310.9731761166148,-1.6643390149577613,1.8928017624436393,-4.346448575454415,4.943082779441754,False,True,False,False,False
6,2025-07-19_05:57:40,85,47,35.36763381958008,122.08984375,0.0,11,2381.459753131769,,463.33347518874234,764.6899819946289,785.5609375,743.828203125,288.90703429282684,0.00655771978199482,0.014866622203490384,44.11035467394335,44.11035467394335,311.9234327633245,313.1597346021471,-2.1450645613147685,2.1865584855323164,-4.912426145703496,5.007451648380761,False,True,False,False,False
6,2025-07-19_05:57:40,85,48,35.369850158691406,122.14602661132812,0.0,0,26.477297706098486,60.29753456543466,52.95459541219697,1003.4737585449219,1006.475546875,1000.464140625,299.08988148046456,0.018774060532450676,0.021399826020335348,87.72996805960236,87.72996805960236,298.7936951924742,302.1434583914254,,,,,,,False,False,False
6,2025-07-19_05:57:40,85,48,35.369850158691406,122.14602661132812,0.0,1,86.77483227153314,76.81665060838552,67.64047371867235,996.6376422119141,1000.464140625,992.8228125,298.49297565000177,0.018595002591609955,0.02077832806345182,89.49229473529086,89.49229473529086,298.7803514038046,302.0986012157526,-0.5969058304627879,-0.044857175672802896,-9.899340574447997,-0.7439305105273261,False,False,False,False,False
6,2025-07-19_05:57:40,85,48,35.369850158691406,122.14602661132812,0.0,2,163.59148287991866,97.31614232427847,85.99282749809865,988.0027172851562,992.8228125,983.17375,297.7436372238166,0.01848396472632885,0.020022146150109516,92.31759966065249,92.31759966065249,298.77218551007866,302.07089023028885,-0.7493384261851475,-0.02771098546372741,-9.754895849407779,-0.3607419126485893,False,False,False,False,False
6,2025-07-19_05:57:40,85,48,35.369850158691406,122.14602661132812,0.0,3,260.90762520419713,122.40992749259857,108.6394571504583,977.1199822998046,983.17375,971.0909375,296.7833568576556,0.018319765105843544,0.019085489660011157,95.98792293093744,95.98792293093744,298.75251692081656,302.02222998869223,-0.9602803661610437,-0.048660241596621745,-9.867636994499653,-0.5000223029235508,False,False,False,False,False
6,2025-07-19_05:57:40,85,48,35.369850158691406,122.14602661132812,0.0,4,383.3175526967957,152.72386338975696,136.18039783473893,963.6061785888672,971.0909375,956.12453125,296.8421047310577,0.015346596948802471,0.01943212069865276,78.97540977020824,78.97540977020824,300.0030177877008,302.76159875668117,0.05874787340212606,0.7393687679889354,0.4799273605131268,6.0401046151558315,True,True,False,False,False
6,2025-07-19_05:57:40,85,48,35.369850158691406,122.14602661132812,0.0,5,536.0414160865527,188.63331350468468,169.267328944775,946.9473364257813,956.12453125,937.808203125,297.16794787286926,0.011842289939522743,0.02018831273369313,58.65913657934694,58.659136579346935,301.8325095981208,303.9815828579585,0.3258431418115606,1.219984101277305,2.1335443890650985,7.988169459568085,True,True,False,False,False
6,2025-07-19_05:57:40,85,48,35.369850158691406,122.14602661132812,0.0,6,724.6747295912373,230.348376663939,207.99929806459443,926.7596005249023,937.808203125,915.71359375,296.4355543614882,0.00994092132896185,0.019725281245487118,50.396854702572114,50.396854702572114,302.94812210869685,304.76222232345236,-0.7323935113810762,0.7806394654938913,-3.882630791845192,4.138396611871552,False,True,False,False,False
6,2025-07-19_05:57:40,85,48,35.369850158691406,122.14602661132812,0.0,7,955.0231062551763,277.6254760866623,252.6974552632836,902.5883673095703,915.71359375,889.469453125,295.4796059103374,0.009147618897259235,0.01909645158801435,47.90219196010543,47.90219196010543,304.2599086606105,305.9377868795116,-0.955948451150789,1.1755645560592143,-4.150011669261494,5.103420189386768,False,True,False,False,False
6,2025-07-19_05:57:40,85,48,35.369850158691406,122.14602661132812,0.0,8,1232.6485823418386,329.18175124733216,302.55349691004085,874.1910458374024,889.469453125,858.915390625,294.25807049981574,0.008882705122232437,0.018277116996778225,48.60014368676539,48.60014368676539,305.7822569495252,307.4201260602392,-1.2215354105216534,1.4823391807276494,-4.399939903715265,5.339348541143715,False,True,False,False,False
6,2025-07-19_05:57:40,85,48,35.369850158691406,122.14602661132812,0.0,9,1561.8303335891708,382.8951556626687,355.81000558462347,841.5237664794922,858.915390625,824.14734375,292.752775336514,0.008363240398466587,0.01727631165860459,48.40871456669523,48.40871456669523,307.54638387261696,309.0981652761332,-1.5052951633017528,1.678039215893989,-4.572839039824971,5.097607050012887,False,True,False,False,False
6,2025-07-19_05:57:40,85,48,35.369850158691406,122.14602661132812,0.0,10,1944.7254892518395,436.7163079715774,409.98030574071413,804.847896118164,824.14734375,785.558828125,291.0916979694331,0.006865744013339281,0.016258095797256653,42.229693433703275,42.229693433703275,309.71962868408116,311.0044629605412,-1.6610773670809067,1.9062976844080026,-4.338204185963425,4.978641427596056,False,True,False,False,False
6,2025-07-19_05:57:40,85,48,35.369850158691406,122.14602661132812,0.0,11,2381.441797223417,,463.45231020244,764.6860479736329,785.558828125,743.821796875,288.89562133405195,0.006781208794564009,0.014855597837600291,45.647498462838136,45.647498462838136,311.91156904155514,313.1896720043376,-2.1960766353811323,2.1852090437963625,-5.028611469952385,5.003726684597685,False,True,False,False,False
6,2025-07-19_05:57:40,85,49,35.372039794921875,122.20220947265625,0.0,0,26.478690789987795,60.301376093904295,52.95738157997559,1003.4762622070313,1006.49046875,1000.454140625,299.1132800806088,0.01878371834754944,0.021430387668785588,87.64992326717844,87.64992326717844,298.81685760805107,302.16857203611124,,,,,,,False,False,False
6,2025-07-19_05:57:40,85,49,35.372039794921875,122.20220947265625,0.0,1,86.78006688389209,76.8214535883321,67.645370607833,996.6117736816407,1000.454140625,992.80125,298.51454457300747,0.018602851778268814,0.020806386899459274,89.40933314448878,89.40933314448878,298.8041570277588,302.12404642883666,-0.5987355076013046,-0.044525607274579215,-9.929052144165398,-0.7383845968165259,False,False,False,False,False
6,2025-07-19_05:57:40,85,49,35.372039794921875,122.20220947265625,0.0,2,163.6015204722242,97.32218867777323,85.99753656883124,987.9867431640625,992.80125,983.164453125,297.76639896328487,0.018492013216018677,0.020050575243749796,92.22684631845185,92.22684631845185,298.7964061641081,302.0967886948444,-0.7481456097225987,-0.027257733992257727,-9.738758833329722,-0.3548192948590304,False,False,False,False,False
6,2025-07-19_05:57:40,85,49,35.372039794921875,122.20220947265625,0.0,3,260.9237091499974,122.41689660619642,108.64684078671513,977.1190881347657,983.164453125,971.07671875,296.80897729495166,0.018331600353121758,0.01911583278819411,95.89747177765285,95.89747177765285,298.7783854679198,302.0504561651646,-0.9574216683332111,-0.04633252967983026,-9.837650399572963,-0.47607365092490816,False,False,False,False,False
6,2025-07-19_05:57:40,85,49,35.372039794921875,122.20220947265625,0.0,4,383.34060575619384,152.7300960062476,136.18695242567776,963.5754229736328,971.07671875,956.106953125,296.7863433978978,0.015510397031903267,0.019365706002113535,80.09208148781404,80.09208148781404,299.9493980119774,302.7364744389292,-0.022633897053879082,0.6860182737646028,-0.18489193633694365,5.603950866124786,False,True,False,False,False
6,2025-07-19_05:57:40,85,49,35.372039794921875,122.20220947265625,0.0,5,536.0707017624414,188.63501514742018,169.27323958681745,946.9459655761718,956.106953125,937.79796875,297.14492683031096,0.011940152384340763,0.020159594960392723,59.228136318211824,59.228136318211824,301.80925203353104,303.9757083307677,0.3585834324131838,1.2392338918385235,2.3478243109237327,8.113881443430975,True,True,False,False,False
6,2025-07-19_05:57:40,85,49,35.372039794921875,122.20220947265625,0.0,6,724.7057169098616,230.33619451960283,207.9967907080228,926.7388583374023,937.79796875,915.694296875,296.44889685288234,0.009926863946020603,0.019742113603280764,50.282680697222546,50.282680697222546,302.9636951032133,304.7753483504026,-0.6960299774286227,0.7996400196349214,-3.6898238478400645,4.239085829372636,False,True,False,False,False
6,2025-07-19_05:57:40,85,49,35.372039794921875,122.20220947265625,0.0,7,955.0419114294644,277.59535358829464,252.67559833118298,902.5709033203125,915.694296875,889.455625,295.48796793627815,0.009098776616156101,0.019106831291002484,47.62054198092369,47.62054198092368,304.27020125336077,305.93925794207564,-0.960928916604189,1.1639095916730184,-4.171853748857559,5.053090306108897,False,True,False,False,False
6,2025-07-19_05:57:40,85,49,35.372039794921875,122.20220947265625,0.0,8,1232.637265017759,329.1409149325466,302.51510884540653,874.1812707519531,889.455625,858.90984375,294.27613435001103,0.008794451132416725,0.01829817573279903,48.06190114707931,48.06190114707931,305.80200522970875,307.42384791638796,-1.2118335862671188,1.484589974312314,-4.36546783151279,5.348036107672498,False,True,False,False,False
6,2025-07-19_05:57:40,85,49,35.372039794921875,122.20220947265625,0.0,9,1561.7781799503057,382.868980851013,355.76672101968643,841.5231109619141,858.90984375,824.14734375,292.78896560325165,0.008246289566159248,0.01731622989486057,47.621737619727114,47.621737619727114,307.58447139022445,309.11491980929804,-1.4871687467593802,1.691071892910088,-4.518334486200712,5.13783554760019,False,True,False,False,False
6,2025-07-19_05:57:40,85,49,35.372039794921875,122.20220947265625,0.0,10,1944.6471608013187,436.7720453260383,409.9712406823396,804.8485516357422,824.14734375,785.56,291.12521904161906,0.00682095205411315,0.016293260448848507,41.86364095465746,41.86364095465746,309.755222800687,311.0318783358051,-1.6637465616325926,1.9169585265070737,-4.345472328248006,5.00682641421146,False,True,False,False,False
6,2025-07-19_05:57:40,85,49,35.372039794921875,122.20220947265625,0.0,11,2381.419206127357,,463.5728499697375,764.6877764892578,785.56,743.8190625,288.8806468526154,0.007020306307822466,0.014841007472840149,47.30343489598,47.30343489598,311.89520012926073,313.2179839288881,-2.244572189003634,2.1861055930829707,-5.139001483778849,5.005140819969609,False,True,False,False,False
6,2025-07-19_05:57:40,86,47,35.4134407043457,122.08709716796875,0.0,0,26.46879551972089,60.278707615097005,52.93759103944178,1003.4517047119141,1006.43421875,1000.46140625,299.03083206715496,0.018655290827155113,0.02132322136548917,87.48814500114884,87.48814500114884,298.7365801214045,302.0649035820319,,,,,,,False,False,False
6,2025-07-19_05:57:40,86,47,35.4134407043457,122.08709716796875,0.0,1,86.74750313481789,76.793071618503,67.61982419075221,996.6595770263672,1000.46140625,992.84453125,298.43968631115416,0.018479561433196068,0.02071005368588945,89.2299059841979,89.22990598419791,298.72513232184315,302.02254608854946,-0.5911457560007989,-0.042357493482427344,-9.806875087228056,-0.7026941213288185,False,False,False,False,False
6,2025-07-19_05:57:40,86,47,35.4134407043457,122.08709716796875,0.0,2,163.5405747533209,97.28523588812439,85.96631904625382,988.024175415039,992.84453125,983.19859375,297.69225612436975,0.018364882096648216,0.019958411036815265,92.01575247033631,92.01575247033631,298.71877327823125,301.9960234117767,-0.7474301867844133,-0.02652267677274267,-9.73304194026174,-0.3453785115472856,False,False,False,False,False
6,2025-07-19_05:57:40,86,47,35.4134407043457,122.08709716796875,0.0,3,260.8258106414453,122.3676465702348,108.60415272999492,977.1493078613281,983.19859375,971.11546875,296.7393737895173,0.01817524991929531,0.019032942881194594,95.49363980518892,95.49363980518892,298.70568067290003,301.94955245624465,-0.9528823348524611,-0.04647095553207237,-9.794727084264382,-0.4776773691078142,False,False,False,False,False
6,2025-07-19_05:57:40,86,47,35.4134407043457,122.08709716796875,0.0,4,383.1934572116801,152.67833122541174,136.13114041047476,963.6247155761719,971.11546875,956.150078125,296.9038773509801,0.014948294498026371,0.019506259760942828,76.63332018143826,76.63332018143826,300.06379895775063,302.75238335041735,0.16450356146282274,0.8028308941727005,1.3443386881548252,6.560810121586373,True,True,False,False,False
6,2025-07-19_05:57:40,86,47,35.4134407043457,122.08709716796875,0.0,5,535.8717884370918,188.60588501474297,169.2255220403486,946.9814300537109,956.150078125,937.83453125,297.14431001651747,0.011706075631082058,0.020158045788988076,58.07148050768317,58.07148050768317,301.805396139946,303.9298451446314,0.2404326655373552,1.1774617942140253,1.5747661348379844,7.712042598079228,True,True,False,False,False
6,2025-07-19_05:57:40,86,47,35.4134407043457,122.08709716796875,0.0,6,724.4776734518348,230.35753038194457,207.98624798913738,926.776647644043,937.83453125,915.731640625,296.33768630920906,0.010072103701531887,0.019605162833785904,51.37475157398062,51.37475157398062,302.84651232933123,304.6836966525556,-0.8066237073084039,0.7538515079242529,-4.276768496621151,3.9969670504466275,False,True,False,False,False
6,2025-07-19_05:57:40,86,47,35.4134407043457,122.08709716796875,0.0,7,954.8352038337794,277.68214670039333,252.72881277475165,902.6076196289063,915.731640625,889.4834375,295.3955080940426,0.009364639408886433,0.018995739875797352,49.29862943015979,49.29862943015979,304.1714581375786,305.88827422962055,-0.9421782151664502,1.2045775770649243,-4.090069092181491,5.229165181045626,False,True,False,False,False
6,2025-07-19_05:57:40,86,47,35.4134407043457,122.08709716796875,0.0,8,1232.5173505341727,329.2810189250047,302.63548062603513,874.1989730834961,889.4834375,858.91609375,294.171913053526,0.00918511115014553,0.018177805783765433,50.52926221903382,50.529262219033825,305.6919332632862,307.3845549566508,-1.2235950405166136,1.4962807270302392,-4.406459165834734,5.388465714523085,False,True,False,False,False
6,2025-07-19_05:57:40,86,47,35.4134407043457,122.08709716796875,0.0,9,1561.7983694591774,382.9858622419724,355.9265572239742,841.5163159179688,858.91609375,824.1328125,292.63775273824115,0.00875052995979786,0.01715019251806288,51.02292554781324,51.02292554781324,307.4263265368602,309.0487117466366,-1.5341603152848506,1.6641567899858387,-4.659121622902481,5.053910472637533,False,True,False,False,False
6,2025-07-19_05:57:40,86,47,35.4134407043457,122.08709716796875,0.0,10,1944.7842317011498,436.6056140895769,410.04516725997064,804.8255444335938,824.1328125,785.535703125,290.97799590555906,0.0071312733925879,0.016139743339409835,44.1845526451145,44.18455264511451,309.6011070494366,310.9347692799565,-1.659756832682092,1.8860575333198994,-4.333728725561804,4.924613985171804,False,True,False,False,False
6,2025-07-19_05:57:40,86,47,35.4134407043457,122.08709716796875,0.0,11,2381.3898457907267,,463.1660609191831,764.6621466064453,785.535703125,743.8096875,288.91789965862415,0.0062590655870735645,0.014877753602600708,42.06996401647254,42.06996401647254,311.93840802183007,313.1188126141297,-2.0600962469349042,2.184043334173168,-4.718437373350498,5.002325356551818,False,True,False,False,False
6,2025-07-19_05:57:40,86,48,35.4156608581543,122.143310546875,0.0,0,26.471531038741208,60.28487607001286,52.943062077482416,1003.4672021484375,1006.463125,1000.4634375,299.0587541230511,0.018677901476621628,0.021359301936602838,87.44621679144781,87.44621679144781,298.76315638405543,302.09573633269235,,,,,,,False,False,False
6,2025-07-19_05:57:40,86,48,35.4156608581543,122.143310546875,0.0,1,86.75640710875406,76.80054012302473,67.6266900625433,996.6445562744141,1000.4634375,992.827421875,298.4642141179285,0.018501421436667442,0.02074155928067921,89.19976162979002,89.19976162979,298.75097002529293,302.0524990767849,-0.5945400051225533,-0.04323725590745653,-9.862175123858167,-0.7172156389148452,False,False,False,False,False
6,2025-07-19_05:57:40,86,48,35.4156608581543,122.143310546875,0.0,2,163.5569472317788,97.29532169882555,85.97439018350616,988.0044458007812,992.827421875,983.1778125,297.71538961993576,0.018389422446489334,0.019987294110753877,92.0055628570311,92.0055628570311,298.7436909960292,302.02551505773476,-0.7488244979927572,-0.0269840190501327,-9.750250412213706,-0.3513519437090901,False,False,False,False,False
6,2025-07-19_05:57:40,86,48,35.4156608581543,122.143310546875,0.0,3,260.85226893060434,122.37676723530774,108.6162532141449,977.1271350097657,983.1778125,971.09765625,296.7579909348438,0.018217021599411964,0.01905536497360765,95.60048639657744,95.60048639657744,298.7263579149435,301.9777766733154,-0.9573986850919596,-0.04773838441934686,-9.840130731625058,-0.4906544691544312,False,False,False,False,False
6,2025-07-19_05:57:40,86,48,35.4156608581543,122.143310546875,0.0,4,383.2290361659121,152.68189005409425,136.1372812564706,963.6123779296875,971.09765625,956.1390625,296.8714425806097,0.015062009915709496,0.019467354189630866,77.37060603608968,77.37060603608967,300.0321165414586,302.7405641771174,0.11345164576590605,0.7627875038019738,0.9270684977954979,6.233107157793075,True,True,False,False,False
6,2025-07-19_05:57:40,86,48,35.4156608581543,122.143310546875,0.0,5,535.9109262200063,188.6040091636105,169.2264988517178,946.9720123291015,956.1390625,937.8234375,297.1394604198971,0.011736178770661354,0.020152201864491636,58.237699530693014,58.23769953069301,301.8013280206817,303.9311481392004,0.2680178392873813,1.1905839620829965,1.7554003241145641,7.7978073343287795,True,True,False,False,False
6,2025-07-19_05:57:40,86,48,35.4156608581543,122.143310546875,0.0,6,724.5149353836168,230.34324218252254,207.98151947550332,926.7632962036133,937.8234375,915.717578125,296.3485424907797,0.010050241835415363,0.01961870461972381,51.22785642692881,51.22785642692881,302.8588535595541,304.69216459174675,-0.79091792911737,0.7610164525463574,-4.193537203290644,4.034996158995696,False,True,False,False,False
6,2025-07-19_05:57:40,86,48,35.4156608581543,122.143310546875,0.0,7,954.8581775661394,277.6490408832267,252.70496488954177,902.5927783203125,915.717578125,889.47015625,295.4008356851648,0.009311617352068424,0.01900240116845724,49.00231959908892,49.00231959908892,304.17837301945104,305.8855970851838,-0.9477068056149278,1.193432493437058,-4.114324330227022,5.18110486823568,False,True,False,False,False
6,2025-07-19_05:57:40,86,48,35.4156608581543,122.143310546875,0.0,8,1232.507218449366,329.2397719761402,302.5931168769114,874.1873501586914,889.47015625,858.90671875,294.18815509431624,0.009081966243684292,0.018196707033548476,49.90994374388875,49.90994374388875,305.70997266768137,307.3838567806614,-1.2126805908485494,1.4982596954776,-4.367674338045263,5.396235804422376,False,True,False,False,False
6,2025-07-19_05:57:40,86,48,35.4156608581543,122.143310546875,0.0,9,1561.7469904255063,382.953574582099,355.8864270753695,841.5094613647461,858.90671875,824.128203125,292.6683688779632,0.008639906533062458,0.01718386614242891,50.27917734839397,50.279177348393965,307.4592054219035,309.06142760563745,-1.5197862163530544,1.6775708249760442,-4.616046862233863,5.095286073450496,False,True,False,False,False
6,2025-07-19_05:57:40,86,48,35.4156608581543,122.143310546875,0.0,10,1944.7005650076053,436.6445154468097,410.0207220888285,804.8232794189453,824.128203125,785.53796875,291.019619749251,0.00703383469954133,0.016183194538817686,43.46382095741159,43.4638209574116,309.6456438746673,310.961400037247,-1.6487491287122111,1.8999724316095694,-4.305349886109357,4.961364921800061,False,True,False,False,False
6,2025-07-19_05:57:40,86,48,35.4156608581543,122.143310546875,0.0,11,2381.345080454415,,463.26830880479065,764.6691201782227,785.53796875,743.8078125,288.9243951086133,0.00642109289765358,0.014883941088831792,43.141079767318246,43.141079767318246,311.9446081999698,313.1553988232231,-2.0952246406376958,2.1939987859760777,-4.7984677844715256,5.024679592576589,False,True,False,False,False
6,2025-07-19_05:57:40,86,49,35.4178581237793,122.19952392578125,0.0,0,26.47327273385362,60.28927288774807,52.94654546770724,1003.4463403320312,1006.4384375,1000.44625,299.08220557622616,0.018690496683120728,0.021390395354372416,87.37798611702705,87.37798611702704,298.7883594505232,302.12342676601185,,,,,,,False,False,False
6,2025-07-19_05:57:40,86,49,35.4178581237793,122.19952392578125,0.0,1,86.76254562160169,76.80633721852276,67.6320003077889,996.6320397949219,1000.44625,992.8196875,298.4883053213081,0.018513115122914314,0.020772498336691432,89.12319944786678,89.12319944786677,298.77615644133215,302.0800127810376,-0.5939002549180827,-0.04341398497422233,-9.850844544498969,-0.72009468508692,False,False,False,False,False
6,2025-07-19_05:57:40,86,49,35.4178581237793,122.19952392578125,0.0,2,163.56888284012445,97.3034694411096,85.98067412925664,988.0027172851562,992.8196875,983.173125,297.7398815613782,0.018403446301817894,0.020017514026250984,91.93672240061179,91.93672240061179,298.76841687379397,302.0529702700033,-0.7484237599298922,-0.02704251103432398,-9.74429698164803,-0.3520869763309369,False,False,False,False,False
6,2025-07-19_05:57:40,86,49,35.4178581237793,122.19952392578125,0.0,3,260.87235228123404,122.38557914710555,108.62626475296256,977.1185516357422,983.173125,971.076875,296.77949147189577,0.018245013430714607,0.019080947055749538,95.61901396931425,95.61901396931425,298.74875086460236,302.00532025279364,-0.9603900894824164,-0.04765001720966211,-9.870049803965804,-0.48970522308560693,False,False,False,False,False
6,2025-07-19_05:57:40,86,49,35.4178581237793,122.19952392578125,0.0,4,383.2579314283396,152.68638991920716,136.14489354124856,963.5764953613282,971.076875,956.106875,296.8226556194808,0.015209238044917583,0.019409326177253945,78.36046396469702,78.36046396469702,299.98600184855997,302.72010709774554,0.04316414758505971,0.7147868449519024,0.3526898175901679,5.840449911935619,True,True,False,False,False
6,2025-07-19_05:57:40,86,49,35.4178581237793,122.19952392578125,0.0,5,535.9443213475467,188.6025921649525,169.2278862971657,946.9443560791016,956.106875,937.803046875,297.1214322880177,0.011793536134064198,0.020130329339282507,58.58590753927798,58.58590753927798,301.7855352474529,303.92553096382596,0.2987766685368456,1.205423866080423,1.9567996119034645,7.894769577814133,True,True,False,False,False
6,2025-07-19_05:57:40,86,49,35.4178581237793,122.19952392578125,0.0,6,724.5469135124993,230.33032587422736,207.9772980327392,926.7519116210938,937.803046875,915.70375,296.35960683691957,0.01003264356404543,0.019632466270846225,51.102308928673324,51.102308928673324,302.87122398883673,304.7014314785061,-0.7618254510981046,0.7759005146801314,-4.039315909464326,4.1139440649973995,False,True,False,False,False
6,2025-07-19_05:57:40,86,49,35.4178581237793,122.19952392578125,0.0,7,954.8772393867266,277.61826665880244,252.68335371571573,902.5759698486328,915.70375,889.45609375,295.4070117589071,0.009263004176318645,0.01901011743554531,48.72670675352371,48.72670675352371,304.18635110240984,305.8847886092341,-0.9525950780124504,1.183357130727984,-4.135777928489617,5.137652309727379,False,True,False,False,False
6,2025-07-19_05:57:40,86,49,35.4178581237793,122.19952392578125,0.0,8,1232.495506045529,329.19865257270976,302.55317960188904,874.1766213989258,889.45609375,858.900625,294.2062782329723,0.008984356187283993,0.01821777039324939,49.316442096630844,49.316442096630844,305.7298776494784,307.3860394130397,-1.2007335259348224,1.5012508038056467,-4.325124352896217,5.407608158762512,False,True,False,False,False
6,2025-07-19_05:57:40,86,49,35.4178581237793,122.19952392578125,0.0,9,1561.6941586182388,382.9182289426842,355.84412554353025,841.5085076904297,858.900625,824.12859375,292.69987732253486,0.008527969010174274,0.017218455421054258,49.52807206938264,49.52807206938264,307.4924058014205,309.0742161181784,-1.506400910437435,1.6881767051386873,-4.575963171977801,5.1281397780503415,False,True,False,False,False
6,2025-07-19_05:57:40,86,49,35.4178581237793,122.19952392578125,0.0,10,1944.612387560923,436.6842318504712,409.9923323418384,804.8252462768555,824.12859375,785.53546875,291.0572275660971,0.0069457367062568665,0.016222461334586543,42.81555408271152,42.81555408271152,309.6854424566789,310.98499960440245,-1.6426497564377769,1.9107834862240338,-4.289818640845253,4.990056209912229,False,True,False,False,False
6,2025-07-19_05:57:40,86,49,35.4178581237793,122.19952392578125,0.0,11,2381.296619411394,,463.3761313591044,764.6619677734375,785.53546875,743.8015625,288.92375114308214,0.006600128952413797,0.014883456319519945,44.34540479523966,44.34540479523966,311.9447465873743,313.1890762609715,-2.1334764230149403,2.2040766565690433,-4.885627342151164,5.04730076290861,False,True,False,False,False
6,2025-07-19_05:57:40,87,47,35.45924758911133,122.0843505859375,0.0,0,26.460751310887076,60.26095896807408,52.92150262177415,1003.4892559814454,1006.48375,1000.486875,298.98459789751774,0.01856398582458496,0.021262214190570155,87.30974891983797,87.30974891983797,298.6871979177275,301.998980845084,,,,,,,False,False,False
6,2025-07-19_05:57:40,87,47,35.45924758911133,122.0843505859375,0.0,1,86.72171027896115,76.77127602875657,67.60041531437399,996.6695904541016,1000.486875,992.855625,298.3939457965941,0.018393658101558685,0.020651802302061116,89.06563133099013,89.06563133099013,298.67849068433065,301.96034058466483,-0.5906521009236485,-0.03864026041918578,-9.80157154877958,-0.6412154914371206,False,False,False,False,False
6,2025-07-19_05:57:40,87,47,35.45924758911133,122.0843505859375,0.0,2,163.49298630771773,97.25799832747498,85.94213674313916,988.0364538574219,992.855625,983.210703125,297.6491050280197,0.018278898671269417,0.019905146564557483,91.8300129666781,91.8300129666781,298.6744129030369,301.93611011573165,-0.74484076857442,-0.024230468933183147,-9.702076181401772,-0.31561894222139836,False,False,False,False,False
6,2025-07-19_05:57:40,87,47,35.45924758911133,122.0843505859375,0.0,3,260.7509846351927,122.33341889765404,108.57385991181076,977.1609307861328,983.210703125,971.124375,296.7032105831428,0.018075568601489067,0.018990087132287992,95.1842320447071,95.1842320447071,298.6682628176315,301.894255446761,-0.9458944448768989,-0.04185466897064316,-9.725621143178389,-0.4303468063337613,False,False,False,False,False
6,2025-07-19_05:57:40,87,47,35.45924758911133,122.0843505859375,0.0,4,383.08440353284675,152.64486765885817,136.09297788349738,963.6301995849609,971.124375,956.161484375,296.8550648781849,0.014871246181428432,0.019447235202653762,76.46971935321227,76.46971935321226,300.01397915457613,302.68846466167514,0.15185429504214198,0.7942092149141331,1.241314895067108,6.49216887806087,True,True,False,False,False
6,2025-07-19_05:57:40,87,47,35.45924758911133,122.0843505859375,0.0,5,535.7292711917049,188.5840817450504,169.1967574342189,947.0000268554687,956.161484375,937.84859375,297.06379112239415,0.011771968565881252,0.020057389074098,58.69143048675017,58.69143048675017,301.72192129969943,303.85759872933227,0.20872624420923103,1.1691340676571258,1.3673977213286173,7.659177053171492,True,True,False,False,False
6,2025-07-19_05:57:40,87,47,35.45924758911133,122.0843505859375,0.0,6,724.3133529367553,230.35511946216388,207.97140605588197,926.7852307128907,937.84859375,915.73828125,296.246162149136,0.01021846104413271,0.019493591309518166,52.419592069437336,52.419592069437336,302.75217681513385,304.6152066508256,-0.8176289732581381,0.7576079214933316,-4.335620300993924,4.0173482007752535,False,True,False,False,False
6,2025-07-19_05:57:40,87,47,35.45924758911133,122.0843505859375,0.0,7,954.6684723989192,277.7064969901767,252.7388328684459,902.6120306396484,915.73828125,889.4865625,295.3165796144569,0.009549734182655811,0.018901952064232477,50.522475933723534,50.522475933723534,304.0897601674977,305.8397184801568,-0.9295825346791275,1.2245118293312203,-4.0354324959199035,5.315756959038836,False,True,False,False,False
6,2025-07-19_05:57:40,87,47,35.45924758911133,122.0843505859375,0.0,8,1232.374969389096,329.33160468829647,302.6741611119073,874.200463256836,889.4865625,858.912265625,294.09853779089144,0.009411622770130634,0.01809372605491707,52.01594597798707,52.01594597798708,305.6155357187021,307.34907617264304,-1.2180418235654429,1.509357692486219,-4.38607607948232,5.435082393983781,False,True,False,False,False
6,2025-07-19_05:57:40,87,47,35.45924758911133,122.0843505859375,0.0,9,1561.7065740773924,383.07302243605045,355.9890482646854,841.5063024902344,858.912265625,824.116953125,292.5750582283373,0.008977450430393219,0.017081925054303535,52.555261786091755,52.555261786091755,307.36150870236867,309.02524073131303,-1.5234795625541437,1.6761645586699956,-4.625974370106617,5.089595212875,False,True,False,False,False
6,2025-07-19_05:57:40,87,47,35.45924758911133,122.0843505859375,0.0,10,1944.7795965134428,436.5934879407969,410.15699660741575,804.8030139160156,824.116953125,785.51453125,290.9057429989049,0.0074310326017439365,0.016065110700850822,46.255719864727624,46.255719864727624,309.5267055609767,310.91568018051333,-1.6693152294324136,1.8904394492003007,-4.357694569084635,4.934932345740655,False,True,False,False,False
6,2025-07-19_05:57:40,87,47,35.45924758911133,122.0843505859375,0.0,11,2381.3730844542397,,463.029979274178,764.6422982788085,785.51453125,743.79328125,288.9393972093586,0.006000766530632973,0.014899097195540263,40.276041238452876,40.27604123845288,311.96393209664797,313.0960069586148,-1.966345789546267,2.1803267781014597,-4.5038367356796405,4.993951669744367,False,True,False,False,False
6,2025-07-19_05:57:40,87,48,35.46147918701172,122.14059448242188,0.0,0,26.463478177816253,60.26739223530775,52.926956355632505,1003.4666064453126,1006.4565625,1000.46890625,299.01391731931545,0.01858040876686573,0.02130085788976636,87.22845278354905,87.22845278354903,298.71841456470673,302.03342029666464,,,,,,,False,False,False
6,2025-07-19_05:57:40,87,48,35.46147918701172,122.14059448242188,0.0,1,86.73087041312401,76.77950057050138,67.60782811498302,996.6576696777344,1000.46890625,992.838359375,298.4230852889,0.018408428877592087,0.020689013612354017,88.97683196747414,88.97683196747414,298.7086787503643,301.9934484230493,-0.5908320304154699,-0.039971873615343156,-9.803510795831814,-0.6632421303260831,False,False,False,False,False
6,2025-07-19_05:57:40,87,48,35.46147918701172,122.14059448242188,0.0,2,163.5103709836254,97.26847027419902,85.95117302601976,988.012671508789,992.838359375,983.196875,297.676011987427,0.018295476213097572,0.019938680440657216,91.75871125248106,91.75871125248106,298.7034668194385,301.9683865587936,-0.7470733014729944,-0.025061864255690125,-9.730114104962272,-0.32641348367039097,False,False,False,False,False
6,2025-07-19_05:57:40,87,48,35.46147918701172,122.14059448242188,0.0,3,260.7788412578244,122.34246412426933,108.58576752237829,977.1597979736329,983.196875,971.116875,296.726356728002,0.018109744414687157,0.01901738023547615,95.22733515578642,95.22733515578642,298.6916611927491,301.92389797268487,-0.9496552594250147,-0.0444885861087414,-9.763238352036836,-0.4573793129811587,False,False,False,False,False
6,2025-07-19_05:57:40,87,48,35.46147918701172,122.14059448242188,0.0,4,383.12130538209374,152.64859525192526,136.09916072616033,963.6147619628906,971.116875,956.1409375,296.84855062418933,0.014923475682735443,0.01943970674939936,76.76800825813147,76.76800825813149,300.0087687951941,302.6924626732454,0.12219389618735477,0.768564700560546,0.9987856388378475,6.282076350692729,True,True,False,False,False
6,2025-07-19_05:57:40,87,48,35.46147918701172,122.14059448242188,0.0,5,535.769900634019,188.58203013008892,169.19802977769018,946.9733239746093,956.1409375,937.82609375,297.06866605233444,0.011770554818212986,0.020064029606015193,58.66495937926734,58.66495937926734,301.72930354251866,303.86477972055314,0.22011542814510676,1.172317047307729,1.4419748035141553,7.679841700298538,True,True,False,False,False
6,2025-07-19_05:57:40,87,48,35.46147918701172,122.14059448242188,0.0,6,724.3519307641079,230.34070216187638,207.96603048248755,926.7677069091797,937.82609375,915.71984375,296.2561535098654,0.010189409367740154,0.019506103157187114,52.23703210031379,52.23703210031378,302.7640232439562,304.62188249740916,-0.8125125424690509,0.7571027768560157,-4.3085364067220935,4.014713259443362,False,True,False,False,False
6,2025-07-19_05:57:40,87,48,35.46147918701172,122.14059448242188,0.0,7,954.6926329259843,277.67293854226386,252.71537384126532,902.5924206542969,915.71984375,889.4675,295.3203431448276,0.009491285309195518,0.018906833298954623,50.200290863728625,50.200290863728625,304.0955231538883,305.83490456173155,-0.9358103650378098,1.213022064322388,-4.06272255078979,5.266208068906177,False,True,False,False,False
6,2025-07-19_05:57:40,87,48,35.46147918701172,122.14059448242188,0.0,8,1232.3655714682482,329.289583134238,302.63050324326264,874.1822241210938,889.4675,858.899140625,294.1125003580663,0.009301908314228058,0.018110081192442753,51.3631508074613,51.36315080746131,305.63186697526095,307.3454767749498,-1.2078427867612618,1.5105722132182677,-4.349875767880849,5.440113181891319,False,True,False,False,False
6,2025-07-19_05:57:40,87,48,35.46147918701172,122.14059448242188,0.0,9,1561.6551546024862,383.0361058101985,355.94866302521336,841.4991497802735,858.899140625,824.113515625,292.5985808647975,0.00887385569512844,0.017107737680614958,51.87042179857331,51.870421798573304,307.38696665302245,309.031805241798,-1.5139194932688156,1.686328466848181,-4.597532296221019,5.121110879965897,False,True,False,False,False
6,2025-07-19_05:57:40,87,48,35.46147918701172,122.14059448242188,0.0,10,1944.6912604126846,436.61976230010805,410.1235485951836,804.8037289428711,824.113515625,785.515625,290.9443649674282,0.0073203337378799915,0.016105198454329284,45.453235231088954,45.453235231088954,309.56772115162886,310.9363361446717,-1.6542158973692835,1.9045309028737165,-4.318694431874206,4.972196808562603,False,True,False,False,False
6,2025-07-19_05:57:40,87,48,35.46147918701172,122.14059448242188,0.0,11,2381.3110227127927,,463.11597600503273,764.6439074707031,785.515625,743.790625,288.9591381869092,0.0060999635607004166,0.014918324980926633,40.88906474754597,40.88906474754597,311.9850585689849,313.13581191285937,-1.9852267805190422,2.1994757681876536,-4.546809265024765,5.037508509923692,False,True,False,False,False
6,2025-07-19_05:57:40,87,49,35.46367645263672,122.19686889648438,0.0,0,26.466644843176354,60.27410509146439,52.93328968635271,1003.4524200439453,1006.446953125,1000.45,299.0408584788901,0.018595587462186813,0.021336277680177835,87.15478745134058,87.15478745134058,298.7465358190167,302.0645125279082,,,,,,,False,False,False
6,2025-07-19_05:57:40,87,49,35.46367645263672,122.19686889648438,0.0,1,86.74074993464075,76.78748013168786,67.61492049657606,996.6326354980469,1000.45,992.81578125,298.4484398751762,0.01842331886291504,0.020721756153266557,88.90809604479786,88.90809604479786,298.7362015334528,302.0238829827953,-0.5924186037138952,-0.04062954511289263,-9.82874159334121,-0.6740796076729525,False,False,False,False,False
6,2025-07-19_05:57:40,87,49,35.46367645263672,122.19686889648438,0.0,2,163.5282300663286,97.27938824108253,85.96003976679965,987.9930615234375,992.81578125,983.17015625,297.70061135148956,0.018313972279429436,0.019969338885760274,91.71045863961352,91.71045863961352,298.7298451488577,301.99829485160586,-0.7478285236866213,-0.025588131189465457,-9.738938201958463,-0.3332331148981931,False,False,False,False,False
6,2025-07-19_05:57:40,87,49,35.46367645263672,122.19686889648438,0.0,3,260.80761830741113,122.35243522185186,108.59873671536539,977.1240948486328,983.17015625,971.0865625,296.74322849837677,0.01815078593790531,0.01903799752530293,95.33978515220181,95.33978515220181,298.7117631008753,301.9514124205993,-0.9573828531127901,-0.04688243100656564,-9.841579705869009,-0.4819359152462936,False,False,False,False,False
6,2025-07-19_05:57:40,87,49,35.46367645263672,122.19686889648438,0.0,4,383.160053529263,152.65220074357126,136.10613372833842,963.5910986328125,971.0865625,956.118984375,296.8195964990591,0.015025516971945763,0.019405342819612155,77.4297940088959,77.4297940088959,299.98161118865215,302.68313897731514,0.07636800068235061,0.7317265567158415,0.6241641250856891,5.980482165222624,True,True,False,False,False
6,2025-07-19_05:57:40,87,49,35.46367645263672,122.19686889648438,0.0,5,535.8122542728343,188.57944889049156,169.19826775880398,946.9534161376953,956.118984375,937.80734375,297.05855087576657,0.011801527813076973,0.02005189930681397,58.85491260703975,58.85491260703976,301.72084195792957,303.8618118352784,0.23895437670745423,1.1786728579632495,1.5653516657048097,7.721296202884175,True,True,False,False,False
6,2025-07-19_05:57:40,87,49,35.46367645263672,122.19686889648438,0.0,6,724.3917031633258,230.3255755845438,207.9606300221792,926.7503024291992,937.80734375,915.703359375,296.2639204302406,0.010168260894715786,0.01951591663272778,52.102399728762045,52.10239972876204,302.7735853676962,304.62768594016933,-0.7946304455259678,0.7658741048909405,-4.213770112285201,4.061280852165843,False,True,False,False,False
6,2025-07-19_05:57:40,87,49,35.46367645263672,122.19686889648438,0.0,7,954.7172787478696,277.6385183849586,252.6905211469084,902.5771020507813,915.703359375,889.454375,295.32339750914883,0.009439392015337944,0.01891078275012958,49.915395571202694,49.915395571202694,304.1001428911132,305.8301294980352,-0.9405229210917696,1.2024435578658768,-4.083449780619518,5.220625433429147,False,True,False,False,False
6,2025-07-19_05:57:40,87,49,35.46367645263672,122.19686889648438,0.0,8,1232.3557971328282,329.2459781502853,302.58651562300906,874.1713763427734,889.454375,858.888125,294.12858871914415,0.009195377118885517,0.018128726083484314,50.72268771969982,50.72268771969982,305.6496691306229,307.3439311111231,-1.1948087900046858,1.5138016130878782,-4.303469118604171,5.452419289274993,False,True,False,False,False
6,2025-07-19_05:57:40,87,49,35.46367645263672,122.19686889648438,0.0,9,1561.6017752831135,382.9962369741893,355.90544067756105,841.4877056884766,858.888125,824.106015625,292.6222641445795,0.008768334053456783,0.01713385105602139,51.17550062030746,51.17550062030746,307.4130414165586,309.03862863704757,-1.506324574564644,1.6946975259244823,-4.575073575772208,5.147207979412076,False,True,False,False,False
6,2025-07-19_05:57:40,87,49,35.46367645263672,122.19686889648438,0.0,10,1944.5980122573028,436.646400630535,410.0870332708175,804.8006295776368,824.106015625,785.51125,290.9803998238696,0.007213301490992308,0.01614275993155219,44.684437615239446,44.684437615239446,309.60640326337904,310.955319272097,-1.6418643207098853,1.916690635049406,-4.286894131600914,5.004463360245951,False,True,False,False,False
6,2025-07-19_05:57:40,87,49,35.46367645263672,122.19686889648438,0.0,11,2381.244412887838,,463.2057679902523,764.6381854248046,785.51125,743.78625,288.9732269057728,0.006218466907739639,0.014932198531212118,41.644684101550425,41.644684101550425,312.00093704263514,313.1739674901563,-2.007172918096842,2.218648218059343,-4.5967925424288465,5.0811096000230975,False,True,False,False,False
